{"stats":{"minecraft:broken":{"minecraft:wooden_axe":1},"minecraft:mined":{"minecraft:dandelion":11,"minecraft:crafting_table":2,"minecraft:short_grass":32,"minecraft:grass_block":5,"minecraft:poppy":1,"minecraft:decorated_pot":1,"minecraft:chest":1,"minecraft:tall_grass":34,"minecraft:spruce_leaves":7,"minecraft:grindstone":4,"minecraft:sugar_cane":5,"minecraft:oxeye_daisy":1,"minecraft:blue_bed":2,"minecraft:large_fern":1,"minecraft:purple_bed":1,"minecraft:furnace":1,"minecraft:wheat":6,"minecraft:spruce_log":153,"minecraft:stripped_spruce_log":4,"minecraft:azure_bluet":3,"minecraft:oak_log":23,"minecraft:lantern":5,"minecraft:dirt":7,"minecraft:stone_bricks":1,"minecraft:stonecutter":1,"minecraft:stone":5,"minecraft:fern":2},"minecraft:dropped":{"minecraft:wheat_seeds":5,"minecraft:decorated_pot":2,"minecraft:rotten_flesh":1,"minecraft:apple":5,"minecraft:spruce_planks":3,"minecraft:beetroot_seeds":2,"minecraft:stone_bricks":1,"knightquest:small_essence":1,"minecraft:string":2,"minecraft:bone":2},"minecraft:crafted":{"minecraft:crafting_table":1,"minecraft:spruce_planks":20,"minecraft:wooden_pickaxe":1,"minecraft:stone_axe":1,"minecraft:bread":1,"minecraft:stick":4,"minecraft:wooden_axe":1,"minecraft:stone_sword":1,"minecraft:spruce_boat":1},"minecraft:used":{"minecraft:wheat_seeds":4,"minecraft:stone_sword":24,"minecraft:wooden_pickaxe":25,"minecraft:stonecutter":1,"minecraft:blue_bed":2,"minecraft:dirt":8,"minecraft:crafting_table":3,"minecraft:snowball":1,"minecraft:spruce_boat":3,"minecraft:wooden_axe":70,"minecraft:lantern":1,"minecraft:bread":24,"minecraft:stone_axe":128,"minecraft:purple_bed":1,"minecraft:furnace":1,"minecraft:grindstone":4},"minecraft:killed_by":{"minecraft:zombie":1},"minecraft:picked_up":{"minecraft:crafting_table":2,"minecraft:wheat":3,"minecraft:oak_log":23,"minecraft:string":2,"minecraft:blue_bed":2,"minecraft:dirt":12,"minecraft:lantern":5,"minecraft:raw_copper":2,"minecraft:bone":2,"minecraft:apple":2,"minecraft:stone_bricks":1,"minecraft:stonecutter":1,"minecraft:bow":1,"minecraft:wheat_seeds":14,"minecraft:grindstone":4,"minecraft:chest":1,"minecraft:sugar_cane":16,"minecraft:furnace":1,"minecraft:raw_iron":128,"minecraft:stick":12,"minecraft:sweet_berries":22,"minecraft:dandelion":3,"minecraft:stripped_spruce_log":3,"minecraft:spruce_sapling":18,"minecraft:spruce_log":150,"minecraft:diamond":3,"minecraft:arrow":8,"minecraft:purple_bed":1,"minecraft:rotten_flesh":3,"minecraft:spruce_boat":3,"minecraft:beetroot_seeds":1,"minecraft:decorated_pot":2,"knightquest:small_essence":1,"minecraft:coal":17,"minecraft:cobblestone":5},"minecraft:killed":{"minecraft:spider":1,"minecraft:skeleton":1,"minecraft:zombie":2},"minecraft:custom":{"minecraft:interact_with_furnace":7,"minecraft:mob_kills":4,"minecraft:interact_with_crafting_table":9,"minecraft:leave_game":1,"minecraft:time_since_death":70926,"minecraft:time_since_rest":70958,"minecraft:sprint_one_cm":189839,"minecraft:damage_taken":950,"minecraft:walk_one_cm":134347,"minecraft:drop":12,"minecraft:damage_dealt":575,"minecraft:swim_one_cm":12831,"minecraft:talked_to_villager":1,"minecraft:fly_one_cm":421904,"minecraft:open_chest":14,"minecraft:crouch_one_cm":482,"minecraft:play_time":78540,"minecraft:deaths":1,"minecraft:sneak_time":695,"minecraft:walk_under_water_one_cm":2706,"minecraft:boat_one_cm":59857,"minecraft:jump":1576,"minecraft:interact_with_blast_furnace":1,"minecraft:walk_on_water_one_cm":9193,"minecraft:total_world_time":78540,"minecraft:fall_one_cm":50614}},"DataVersion":3953}