{"stats":{"minecraft:broken":{"minecraft:wooden_axe":1},"minecraft:mined":{"minecraft:purple_bed":1,"minecraft:furnace":1,"minecraft:wheat":6,"minecraft:spruce_log":58,"minecraft:stripped_spruce_log":3,"minecraft:crafting_table":1,"minecraft:short_grass":1,"minecraft:grass_block":3,"minecraft:decorated_pot":1,"minecraft:chest":1,"minecraft:lantern":4,"minecraft:dirt":3,"minecraft:spruce_leaves":1,"minecraft:stone":5,"minecraft:stonecutter":1,"minecraft:stone_bricks":1,"minecraft:grindstone":3,"minecraft:blue_bed":2,"minecraft:fern":2},"minecraft:dropped":{"minecraft:rotten_flesh":1},"minecraft:crafted":{"minecraft:crafting_table":1,"minecraft:spruce_planks":12,"minecraft:stick":4,"minecraft:wooden_pickaxe":1,"minecraft:wooden_axe":1,"minecraft:stone_sword":1,"minecraft:stone_axe":1},"minecraft:used":{"minecraft:wheat_seeds":4,"minecraft:wooden_axe":70,"minecraft:stone_sword":10,"minecraft:bread":7,"minecraft:wooden_pickaxe":22,"minecraft:dirt":1,"minecraft:crafting_table":1,"minecraft:snowball":1},"minecraft:killed_by":{"minecraft:zombie":1},"minecraft:picked_up":{"minecraft:wheat":3,"minecraft:stick":6,"minecraft:crafting_table":1,"minecraft:sweet_berries":22,"minecraft:stripped_spruce_log":3,"minecraft:spruce_sapling":11,"minecraft:spruce_log":56,"minecraft:dirt":6,"minecraft:blue_bed":2,"minecraft:lantern":4,"minecraft:bone":2,"minecraft:bow":1,"minecraft:arrow":8,"minecraft:purple_bed":1,"minecraft:rotten_flesh":3,"minecraft:stone_bricks":1,"minecraft:decorated_pot":1,"minecraft:stonecutter":1,"minecraft:wheat_seeds":9,"minecraft:grindstone":3,"minecraft:sugar_cane":2,"minecraft:chest":1,"minecraft:coal":17,"minecraft:cobblestone":5,"minecraft:furnace":1},"minecraft:custom":{"minecraft:time_since_rest":16958,"minecraft:sprint_one_cm":44745,"minecraft:interact_with_furnace":5,"minecraft:damage_taken":526,"minecraft:walk_one_cm":71074,"minecraft:mob_kills":3,"minecraft:drop":1,"minecraft:damage_dealt":415,"minecraft:swim_one_cm":476,"minecraft:talked_to_villager":1,"minecraft:interact_with_crafting_table":5,"minecraft:fly_one_cm":83728,"minecraft:open_chest":7,"minecraft:crouch_one_cm":259,"minecraft:play_time":24540,"minecraft:deaths":1,"minecraft:sneak_time":421,"minecraft:walk_under_water_one_cm":686,"minecraft:jump":333,"minecraft:interact_with_blast_furnace":1,"minecraft:leave_game":1,"minecraft:walk_on_water_one_cm":3716,"minecraft:time_since_death":16926,"minecraft:total_world_time":24540,"minecraft:fall_one_cm":9755},"minecraft:killed":{"minecraft:skeleton":1,"minecraft:zombie":2}},"DataVersion":3953}