{"stats":{"minecraft:broken":{"minecraft:iron_shovel":1,"minecraft:wooden_axe":1},"minecraft:mined":{"minecraft:tuff":1,"minecraft:brewing_stand":1,"minecraft:grass_block":94,"minecraft:decorated_pot":1,"minecraft:spruce_leaves":7,"minecraft:oxeye_daisy":1,"minecraft:large_fern":1,"minecraft:hay_block":6,"minecraft:furnace":2,"minecraft:stripped_spruce_log":4,"minecraft:azure_bluet":4,"minecraft:dirt_path":1,"minecraft:lantern":6,"minecraft:stone":6,"minecraft:dandelion":13,"minecraft:crafting_table":2,"minecraft:short_grass":110,"minecraft:blast_furnace":1,"minecraft:poppy":2,"minecraft:chest":1,"minecraft:tall_grass":46,"minecraft:grindstone":7,"minecraft:sugar_cane":5,"minecraft:blue_bed":3,"minecraft:purple_bed":1,"minecraft:wheat":6,"minecraft:sweet_berry_bush":10,"minecraft:spruce_log":153,"minecraft:oak_log":29,"minecraft:dirt":14,"minecraft:sand":195,"minecraft:stonecutter":2,"minecraft:stone_bricks":1,"minecraft:deepslate":4,"minecraft:fern":2},"minecraft:dropped":{"minecraft:wheat_seeds":5,"minecraft:decorated_pot":2,"minecraft:apple":5,"minecraft:oxeye_daisy":2,"minecraft:cornflower":1,"minecraft:string":2,"minecraft:dandelion":20,"minecraft:bone":2,"minecraft:stone_axe":1,"minecraft:stone_sword":1,"minecraft:rotten_flesh":1,"minecraft:azure_bluet":5,"minecraft:poppy":4,"minecraft:spruce_planks":3,"minecraft:beetroot_seeds":2,"minecraft:stone_bricks":1,"knightquest:small_essence":1,"minecraft:wooden_pickaxe":1},"minecraft:crafted":{"minecraft:oak_planks":116,"minecraft:hopper":4,"minecraft:iron_boots":1,"minecraft:iron_axe":1,"minecraft:chest":10,"minecraft:spruce_boat":1,"minecraft:wheat":54,"minecraft:crafting_table":2,"minecraft:spruce_planks":192,"minecraft:wooden_pickaxe":1,"minecraft:iron_helmet":1,"minecraft:iron_sword":1,"minecraft:bucket":1,"minecraft:stone_axe":1,"minecraft:bread":19,"minecraft:air":0,"minecraft:iron_chestplate":1,"minecraft:shield":1,"minecraft:stick":20,"minecraft:iron_ingot":40,"minecraft:iron_pickaxe":1,"minecraft:wooden_axe":1,"minecraft:stone_sword":1,"minecraft:iron_shovel":2},"minecraft:used":{"minecraft:stone_sword":24,"minecraft:iron_shovel":256,"minecraft:chest":6,"minecraft:shield":6,"minecraft:iron_sword":36,"minecraft:oak_door":1,"minecraft:dirt":38,"minecraft:hopper":4,"minecraft:snowball":1,"minecraft:spruce_boat":3,"minecraft:wooden_axe":70,"minecraft:lantern":3,"minecraft:iron_axe":7,"minecraft:sweet_berries":10,"minecraft:furnace":2,"minecraft:oak_sapling":3,"minecraft:egg":1,"minecraft:wheat_seeds":4,"minecraft:water_bucket":22,"minecraft:wooden_pickaxe":30,"minecraft:blue_bed":2,"minecraft:stonecutter":1,"minecraft:crafting_table":4,"minecraft:blast_furnace":1,"minecraft:bread":32,"minecraft:iron_pickaxe":26,"minecraft:stone_axe":128,"minecraft:purple_bed":1,"minecraft:grindstone":4,"minecraft:bucket":23},"minecraft:killed_by":{"minecraft:zombie":1},"minecraft:picked_up":{"minecraft:crafting_table":2,"minecraft:wheat":3,"minecraft:azure_bluet":5,"minecraft:brewing_stand":1,"minecraft:cornflower":1,"minecraft:string":2,"minecraft:raw_copper":2,"minecraft:cobbled_deepslate":4,"minecraft:poppy":4,"minecraft:sugar_cane":16,"minecraft:chest":1,"minecraft:furnace":2,"minecraft:egg":1,"minecraft:stick":18,"minecraft:raw_iron":206,"minecraft:oak_door":1,"minecraft:redstone":62,"minecraft:arrow":8,"minecraft:rotten_flesh":12,"minecraft:decorated_pot":2,"minecraft:beetroot_seeds":1,"minecraft:hay_block":6,"minecraft:cobblestone":6,"minecraft:oxeye_daisy":2,"minecraft:tuff":1,"minecraft:oak_log":29,"minecraft:dirt":109,"minecraft:lapis_lazuli":14,"minecraft:blue_bed":3,"minecraft:lantern":7,"minecraft:bone":4,"minecraft:apple":2,"minecraft:stone_bricks":1,"minecraft:bow":1,"minecraft:stonecutter":2,"minecraft:wheat_seeds":44,"minecraft:grindstone":7,"minecraft:iron_ingot":2,"minecraft:sweet_berries":40,"minecraft:dandelion":20,"minecraft:sand":195,"minecraft:stripped_spruce_log":3,"minecraft:spruce_sapling":18,"minecraft:blast_furnace":1,"minecraft:spruce_log":150,"minecraft:purple_bed":1,"minecraft:diamond":6,"minecraft:spruce_boat":3,"knightquest:small_essence":2,"minecraft:oak_sapling":3,"minecraft:coal":43},"minecraft:killed":{"minecraft:spider":1,"minecraft:skeleton":4,"minecraft:zombie":9},"minecraft:custom":{"minecraft:mob_kills":14,"minecraft:inspect_hopper":2,"minecraft:interact_with_crafting_table":33,"minecraft:leave_game":1,"minecraft:time_since_death":118926,"minecraft:sprint_one_cm":244087,"minecraft:walk_one_cm":261158,"minecraft:damage_blocked_by_shield":507,"minecraft:drop":20,"minecraft:talked_to_villager":1,"minecraft:play_time":126540,"minecraft:deaths":1,"minecraft:sneak_time":2720,"minecraft:walk_under_water_one_cm":2773,"minecraft:boat_one_cm":59857,"minecraft:jump":2038,"minecraft:interact_with_blast_furnace":5,"minecraft:walk_on_water_one_cm":16642,"minecraft:total_world_time":126540,"minecraft:interact_with_furnace":34,"minecraft:sleep_in_bed":4,"minecraft:time_since_rest":5588,"minecraft:damage_taken":1215,"minecraft:damage_dealt":2310,"minecraft:swim_one_cm":17276,"minecraft:fly_one_cm":551139,"minecraft:open_chest":94,"minecraft:crouch_one_cm":9587,"minecraft:fall_one_cm":64437}},"DataVersion":3953}