{"stats":{"minecraft:custom":{"minecraft:mob_kills":2,"minecraft:inspect_hopper":9,"minecraft:interact_with_crafting_table":47,"minecraft:open_barrel":171,"minecraft:leave_game":2,"minecraft:time_since_death":203739,"minecraft:climb_one_cm":433,"minecraft:sprint_one_cm":50209,"minecraft:walk_one_cm":583909,"minecraft:drop":49,"minecraft:sneak_time":5479,"minecraft:walk_under_water_one_cm":14367,"minecraft:jump":273,"minecraft:walk_on_water_one_cm":22692,"minecraft:interact_with_furnace":68,"minecraft:play_one_minute":203739,"minecraft:interact_with_grindstone":1,"minecraft:sleep_in_bed":2,"minecraft:time_since_rest":57688,"minecraft:damage_taken":485,"minecraft:damage_dealt":700,"minecraft:swim_one_cm":417,"minecraft:fly_one_cm":24242,"minecraft:open_chest":325,"minecraft:crouch_one_cm":20442,"minecraft:fall_one_cm":6346},"minecraft:dropped":{"minecraft:bread":22,"bloodmagic:reinforcedslate":1,"akashictome:tome":2,"rid:iron_cluster":9,"rid:osmium_cluster":1,"tconstruct:sword":1,"rid:lead_cluster":2,"minecraft:dirt":1,"rid:aluminum_cluster":2,"tconstruct:broad_axe_head":1,"rid:copper_cluster":12,"minecraft:sand":1,"minecraft:bucket":1,"mysticalagradditions:inferium_paxel":1,"rid:tin_cluster":1,"rid:silver_cluster":1,"tconstruct:pickaxe":1,"mekanismtools:diamond_paxel":1,"minecraft:clay_ball":76,"immersiveengineering:hammer":1,"ftbsluice:stone_hammer":2,"rid:nickel_cluster":2,"minecraft:oak_boat":1,"ftbsluice:oak_sluice":1,"tconstruct:small_blade":1,"obsidianboat:obsidianboat":1,"rid:iron_chunk":14,"rid:gold_cluster":2,"minecraft:iron_ingot":5},"minecraft:crafted":{"minecraft:brick":3,"tconstruct:pickaxe":1,"tconstruct:pattern":6,"minecraft:oak_planks":164,"krate:krate_big":1,"tconstruct:part_builder":1,"minecraft:iron_nugget":39,"ftbsluice:oak_sluice":1,"tconstruct:tool_binding":3,"tconstruct:tinker_station":1,"tconstruct:hand_axe":2,"minecraft:terracotta":5,"thermal:iron_dust":2,"botanypots:botany_pot":1,"ftbsluice:stone_hammer":1,"krate:krate_basic":2,"minecraft:chest":4,"minecraft:oak_button":2,"tconstruct:small_axe_head":1,"trashcans:item_trash_can":1,"tconstruct:pickaxe_head":1,"rid:iron_cluster":2,"minecraft:flower_pot":1,"smallships:oak_cog":1,"tconstruct:small_blade":1,"minecraft:oak_slab":54,"smallships:sail_item":1,"minecraft:crafting_table":1,"constructionwand:iron_wand":1,"storagedrawers:oak_full_drawers_1":1,"tconstruct:tool_handle":6,"minecraft:dirt":54,"minecraft:air":312,"tconstruct:sword":1,"minecraft:oak_boat":4,"botanypots:hopper_botany_pot":1,"thermal:lead_ingot":1,"constructionwand:stone_wand":1,"tconstruct:crafting_station":2,"minecraft:iron_ingot":3,"minecraft:white_bed":2,"krate:krate_small":6,"minecraft:torch":16,"ftbdripper:dripper":2,"miniutilities:wooden_spikes":1,"minecraft:wooden_sword":3,"minecraft:clay":5,"immersiveengineering:hammer":1},"minecraft:broken":{"minecraft:golden_hoe":1},"minecraft:used":{"minecraft:oak_fence":24,"cfm:post_box":2,"rid:1x_compressed_dirt":7,"trashcans:item_trash_can":2,"minecraft:chest":13,"krate:krate_basic":7,"minecraft:torch":19,"minecraft:dirt":163,"tconstruct:hand_axe":1,"minecraft:jungle_slab":16,"ftbsluice:stone_hammer":194,"tconstruct:tinker_station":4,"minecraft:barrel":15,"cb_microblock:microblock":2,"ftbsluice:pump":1,"minecraft:oak_sapling":14,"minecraft:furnace":2,"farmersdelight:cooking_pot":1,"tconstruct:part_builder":4,"immersiveengineering:cloche":1,"minecraft:wheat_seeds":1,"minecraft:water_bucket":1,"minecraft:oak_planks":69,"minecraft:blue_bed":1,"smallships:oak_cog":1,"krate:krate_small":2,"elevatorid:elevator_white":4,"minecraft:sand":1,"minecraft:golden_hoe":1,"minecraft:vine":3,"minecraft:crafting_table":1,"botanypots:hopper_botany_pot":1,"minecraft:white_bed":2,"minecraft:oak_log":2,"minecraft:apple":1,"minecraft:bread":11,"tconstruct:part_chest":1,"minecraft:jungle_stairs":14,"minecraft:spruce_trapdoor":12,"mob_grinding_utils:absorption_hopper":1,"minecraft:gravel":215,"ftbsluice:iron_sluice":1,"minecraft:cobblestone":22,"mcwtrpdoors:oak_barn_trapdoor":6,"ftbdripper:dripper":1,"tconstruct:crafting_station":6,"minecraft:bucket":1,"obsidianboat:obsidianboat":3,"minecraft:sea_pickle":2,"minecraft:stripped_oak_log":13,"storagedrawers:oak_full_drawers_1":1,"krate:krate_big":1},"minecraft:killed":{"minecraft:skeleton":1,"minecraft:drowned":1},"minecraft:mined":{"thermal:strawberry_block":1,"minecraft:oak_sapling":1,"ftbsluice:iron_sluice":1,"tconstruct:tinker_station":3,"minecraft:jungle_slab":14,"immersiveengineering:cloche":1,"krate:krate_basic":7,"minecraft:spruce_trapdoor":19,"minecraft:grass_block":61,"minecraft:jungle_planks":1,"mob_grinding_utils:absorption_hopper":1,"tconstruct:part_chest":1,"ftbsluice:pump":1,"minecraft:hay_block":4,"rid:1x_compressed_dirt":6,"ftbstructures:white_barrel":2,"cb_multipart:multipart":7,"minecraft:furnace":1,"minecraft:barrel":15,"mcwtrpdoors:oak_barn_trapdoor":11,"minecraft:andesite":20,"minecraft:pumpkin":6,"minecraft:azure_bluet":14,"ftbdripper:dripper":1,"minecraft:vine":3,"minecraft:stripped_oak_log":36,"minecraft:stone":89,"farmersdelight:cooking_pot":1,"tconstruct:part_builder":3,"ftbstructures:crate":3,"minecraft:torch":1,"minecraft:oak_fence":41,"minecraft:crafting_table":1,"minecraft:jungle_stairs":22,"minecraft:chest":4,"minecraft:campfire":29,"minecraft:oak_planks":17,"krate:krate_small":2,"minecraft:sea_pickle":2,"minecraft:wheat":1,"ftbsluice:oak_sluice":1,"minecraft:grass":34,"cfm:post_box":1,"elevatorid:elevator_white":2,"minecraft:oak_log":49,"minecraft:gravel":113,"minecraft:sand":1,"minecraft:dirt":129,"tconstruct:crafting_station":4,"trashcans:item_trash_can":1},"minecraft:picked_up":{"thermal:machine_output_augment":1,"minecraft:charcoal":125,"minecraft:crafting_table":1,"tconstruct:crafting_station":5,"minecraft:wheat":127,"minecraft:azure_bluet":28,"cb_microblock:microblock":5,"rid:osmium_chunk":16,"minecraft:clay_ball":152,"mob_grinding_utils:absorption_hopper":2,"tconstruct:broad_axe_head":1,"cottonly:cotton_seeds":5,"rid:nickel_chunk":17,"minecraft:enchanted_book":2,"tconstruct:sword":1,"chisel:iron_chisel":2,"rid:mob_soul":2,"rid:iron_cluster":5,"rid:lead_chunk":16,"minecraft:string":20,"thermal:barley_seeds":2,"rid:iron_chunk":71,"minecraft:sea_pickle":4,"mysticalagriculture:inferium_essence":2,"minecraft:gold_nugget":10,"minecraft:bucket":1,"tconstruct:earth_slime_sling":1,"mekanismtools:bronze_chestplate":2,"thermal:niter":1,"minecraft:iron_nugget":4,"tconstruct:encyclopedia":2,"minecraft:chest":5,"minecraft:spruce_trapdoor":19,"rid:1x_compressed_dirt":6,"minecraft:furnace":1,"minecraft:golden_helmet":1,"minecraft:stick":39,"rid:copper_chunk":88,"ftbsluice:stone_hammer":2,"minecraft:oak_fence":53,"minecraft:torch":11,"akashictome:tome":2,"tconstruct:pickaxe":1,"rid:tin_chunk":19,"ftbsluice:iron_sluice":1,"mob_grinding_utils:saw":1,"rid:silver_chunk":10,"minecraft:carrot":4,"thermal:flax_seeds":2,"minecraft:golden_chestplate":3,"tconstruct:small_blade":1,"botania:manasteel_ingot":2,"minecraft:arrow":1,"minecraft:rotten_flesh":1,"thermal:corn_seeds":4,"immersiveengineering:cloche":4,"minecraft:jungle_stairs":26,"immersiveengineering:shader_bag_common":2,"tconstruct:tinker_station":3,"minecraft:hay_block":4,"tconstruct:small_axe_head":1,"krate:krate_small":2,"rid:gold_chunk":14,"minecraft:gold_ingot":2,"tconstruct:part_chest":7,"minecraft:iron_bars":3,"minecraft:white_wool":6,"minecraft:cobblestone":89,"minecraft:stripped_oak_log":45,"minecraft:sponge":8,"thermal:strawberry_block":1,"minecraft:andesite":20,"tconstruct:part_builder":3,"better_diving:standard_o2_tank":4,"mysticalagriculture:dye_seeds":1,"storagedrawers:upgrade_template":4,"krate:krate_basic":7,"ftbsluice:oak_sluice":3,"minecraft:oak_log":117,"minecraft:chainmail_chestplate":3,"tconstruct:pickaxe_head":1,"tconstruct:tool_handle":1,"trashcans:item_trash_can":1,"notenoughwands:acceleration_wand":1,"immersiveengineering:watermill":1,"minecraft:blue_bed":1,"minecraft:dirt":418,"fluxnetworks:flux_core":1,"constructionwand:iron_wand":2,"trashcans:energy_trash_can":1,"industrialforegoing:mycelial_slimey":1,"ftbdripper:dripper":1,"minecraft:apple":17,"farmersdelight:cooking_pot":1,"minecraft:wheat_seeds":284,"storagedrawers:shroud_key":2,"rid:aluminum_chunk":17,"ftbquests:book":2,"minecraft:iron_ingot":7,"industrialforegoing:range_addon0":2,"cfm:post_box":2,"minecraft:oak_planks":40,"rftoolsstorage:storage_module0":7,"industrialforegoing:material_stonework_factory":1,"elevatorid:elevator_white":4,"mysticalagradditions:inferium_paxel":1,"thermal:bell_pepper_seeds":2,"ftbsluice:pump":2,"minecraft:pumpkin":18,"mcwtrpdoors:oak_barn_trapdoor":10,"cottonly:ball":2,"minecraft:sand":811,"thermal:frost_melon_seeds":4,"minecraft:jungle_planks":1,"mekanismtools:diamond_paxel":1,"minecraft:jungle_slab":16,"obsidianboat:obsidianboat":3,"thermal:onion_seeds":2,"minecraft:barrel":16,"mob_grinding_utils:fan":4,"powah:energizing_rod_basic":2,"immersiveengineering:seed":2,"bloodmagic:reinforcedslate":1,"constructionwand:stone_wand":1,"thermal:eggplant_seeds":1,"minecraft:bone_meal":1,"tconstruct:pattern":68,"rftoolsstorage:storage_module1":4,"minecraft:oak_sapling":72,"immersiveengineering:hammer":1,"minecraft:coal":2,"minecraft:ladder":2}},"DataVersion":2586}