{"stats":{"minecraft:dropped":{"minecraft:bread":22,"bloodmagic:reinforcedslate":1,"akashictome:tome":2,"minecraft:clay_ball":76,"tconstruct:broad_axe_head":1,"minecraft:oak_boat":1,"obsidianboat:obsidianboat":1,"tconstruct:pickaxe":1},"minecraft:used":{"minecraft:wheat_seeds":1,"minecraft:oak_fence":11,"cfm:post_box":1,"minecraft:oak_planks":68,"minecraft:chest":7,"minecraft:torch":8,"krate:krate_small":2,"elevatorid:elevator_white":2,"minecraft:golden_hoe":1,"minecraft:dirt":81,"minecraft:crafting_table":1,"minecraft:white_bed":2,"minecraft:apple":1,"minecraft:bread":1,"tconstruct:part_chest":1,"tconstruct:tinker_station":4,"minecraft:jungle_stairs":4,"minecraft:gravel":16,"minecraft:barrel":14,"ftbsluice:iron_sluice":1,"minecraft:furnace":2,"minecraft:oak_sapling":13,"ftbsluice:pump":1,"farmersdelight:cooking_pot":1,"tconstruct:crafting_station":6,"minecraft:sea_pickle":2,"minecraft:stripped_oak_log":7,"tconstruct:part_builder":4},"minecraft:custom":{"minecraft:interact_with_crafting_table":11,"minecraft:open_barrel":123,"minecraft:play_one_minute":78731,"minecraft:interact_with_grindstone":1,"minecraft:time_since_death":78731,"minecraft:climb_one_cm":90,"minecraft:time_since_rest":78731,"minecraft:sprint_one_cm":11490,"minecraft:damage_taken":48,"minecraft:walk_one_cm":283010,"minecraft:drop":11,"minecraft:damage_dealt":18,"minecraft:swim_one_cm":417,"minecraft:fly_one_cm":6435,"minecraft:open_chest":48,"minecraft:crouch_one_cm":16655,"minecraft:sneak_time":3877,"minecraft:walk_under_water_one_cm":961,"minecraft:jump":116,"minecraft:walk_on_water_one_cm":917,"minecraft:fall_one_cm":2038,"minecraft:interact_with_furnace":17},"minecraft:mined":{"farmersdelight:cooking_pot":1,"tconstruct:part_builder":3,"minecraft:oak_sapling":1,"ftbsluice:iron_sluice":1,"tconstruct:tinker_station":3,"minecraft:oak_fence":26,"minecraft:crafting_table":1,"minecraft:jungle_stairs":8,"minecraft:grass_block":55,"minecraft:chest":3,"minecraft:campfire":7,"tconstruct:part_chest":1,"ftbsluice:pump":1,"minecraft:oak_planks":15,"minecraft:hay_block":4,"krate:krate_small":1,"minecraft:furnace":1,"minecraft:sea_pickle":1,"minecraft:wheat":1,"minecraft:barrel":14,"minecraft:andesite":20,"minecraft:pumpkin":6,"minecraft:azure_bluet":14,"minecraft:grass":34,"elevatorid:elevator_white":2,"minecraft:oak_log":33,"minecraft:dirt":48,"tconstruct:crafting_station":4,"minecraft:stripped_oak_log":16,"minecraft:stone":83},"minecraft:picked_up":{"minecraft:stripped_oak_log":25,"minecraft:crafting_table":1,"minecraft:charcoal":83,"tconstruct:crafting_station":5,"minecraft:wheat":83,"minecraft:azure_bluet":28,"rid:osmium_chunk":1,"minecraft:clay_ball":152,"minecraft:andesite":20,"tconstruct:part_builder":3,"tconstruct:broad_axe_head":1,"cottonly:cotton_seeds":2,"chisel:iron_chisel":2,"rid:iron_cluster":1,"minecraft:oak_log":101,"rid:lead_chunk":2,"minecraft:dirt":189,"thermal:barley_seeds":2,"rid:iron_chunk":6,"minecraft:apple":9,"minecraft:sea_pickle":2,"farmersdelight:cooking_pot":1,"storagedrawers:shroud_key":2,"minecraft:wheat_seeds":222,"minecraft:gold_nugget":10,"rid:aluminum_chunk":1,"thermal:niter":1,"cfm:post_box":1,"minecraft:iron_nugget":4,"minecraft:chest":3,"minecraft:oak_planks":38,"rftoolsstorage:storage_module0":2,"minecraft:furnace":1,"elevatorid:elevator_white":4,"minecraft:golden_helmet":1,"minecraft:stick":38,"rid:copper_chunk":8,"thermal:bell_pepper_seeds":2,"ftbsluice:pump":2,"minecraft:pumpkin":12,"minecraft:oak_fence":38,"minecraft:torch":8,"akashictome:tome":2,"tconstruct:pickaxe":1,"thermal:frost_melon_seeds":4,"rid:tin_chunk":2,"ftbsluice:iron_sluice":1,"rid:silver_chunk":2,"obsidianboat:obsidianboat":1,"thermal:flax_seeds":2,"thermal:onion_seeds":2,"minecraft:barrel":14,"botania:manasteel_ingot":2,"thermal:corn_seeds":4,"immersiveengineering:seed":2,"bloodmagic:reinforcedslate":1,"thermal:eggplant_seeds":1,"minecraft:jungle_stairs":12,"tconstruct:tinker_station":3,"minecraft:hay_block":4,"minecraft:bone_meal":1,"tconstruct:small_axe_head":1,"minecraft:gold_ingot":2,"rid:gold_chunk":2,"krate:krate_small":1,"tconstruct:pattern":64,"tconstruct:part_chest":3,"minecraft:oak_sapling":59,"minecraft:coal":2,"better_diving:standard_o2_tank":1,"minecraft:white_wool":6,"minecraft:sponge":8,"minecraft:iron_bars":3,"minecraft:cobblestone":83},"minecraft:broken":{"minecraft:golden_hoe":1},"minecraft:crafted":{"tconstruct:pickaxe":1,"tconstruct:pattern":6,"minecraft:oak_planks":100,"tconstruct:part_builder":1,"minecraft:crafting_table":1,"minecraft:iron_nugget":11,"ftbsluice:oak_sluice":1,"tconstruct:tool_handle":6,"tconstruct:tool_binding":3,"minecraft:air":120,"tconstruct:tinker_station":1,"tconstruct:hand_axe":2,"tconstruct:sword":1,"minecraft:oak_boat":1,"tconstruct:crafting_station":2,"minecraft:iron_ingot":1,"minecraft:white_bed":2,"tconstruct:small_axe_head":1,"minecraft:torch":16,"tconstruct:pickaxe_head":1,"tconstruct:small_blade":1}},"DataVersion":2586}