{"stats":{"minecraft:custom":{"minecraft:mob_kills":2,"minecraft:interact_with_crafting_table":29,"minecraft:open_barrel":150,"minecraft:leave_game":2,"minecraft:time_since_death":143739,"minecraft:climb_one_cm":90,"minecraft:sprint_one_cm":38719,"minecraft:walk_one_cm":453087,"minecraft:drop":17,"minecraft:sneak_time":5164,"minecraft:walk_under_water_one_cm":11607,"minecraft:jump":221,"minecraft:walk_on_water_one_cm":15710,"minecraft:interact_with_furnace":39,"minecraft:play_one_minute":143739,"minecraft:interact_with_grindstone":1,"minecraft:sleep_in_bed":1,"minecraft:time_since_rest":18035,"minecraft:damage_taken":246,"minecraft:damage_dealt":615,"minecraft:swim_one_cm":417,"minecraft:fly_one_cm":19238,"minecraft:open_chest":178,"minecraft:crouch_one_cm":20035,"minecraft:fall_one_cm":5476},"minecraft:dropped":{"minecraft:bread":22,"bloodmagic:reinforcedslate":1,"akashictome:tome":2,"tconstruct:sword":1,"minecraft:dirt":1,"tconstruct:broad_axe_head":1,"minecraft:bucket":1,"mysticalagradditions:inferium_paxel":1,"tconstruct:pickaxe":1,"minecraft:clay_ball":76,"minecraft:oak_boat":1,"ftbsluice:oak_sluice":1,"tconstruct:small_blade":1,"obsidianboat:obsidianboat":1},"minecraft:crafted":{"minecraft:brick":3,"tconstruct:pickaxe":1,"tconstruct:pattern":6,"minecraft:oak_planks":132,"tconstruct:part_builder":1,"minecraft:iron_nugget":39,"ftbsluice:oak_sluice":1,"tconstruct:tool_binding":3,"tconstruct:tinker_station":1,"tconstruct:hand_axe":2,"minecraft:terracotta":5,"botanypots:botany_pot":1,"krate:krate_basic":2,"minecraft:chest":2,"tconstruct:small_axe_head":1,"tconstruct:pickaxe_head":1,"minecraft:flower_pot":1,"smallships:oak_cog":1,"tconstruct:small_blade":1,"minecraft:oak_slab":42,"smallships:sail_item":1,"minecraft:crafting_table":1,"constructionwand:iron_wand":1,"tconstruct:tool_handle":6,"minecraft:air":209,"tconstruct:sword":1,"minecraft:oak_boat":4,"botanypots:hopper_botany_pot":1,"constructionwand:stone_wand":1,"tconstruct:crafting_station":2,"minecraft:iron_ingot":1,"minecraft:white_bed":2,"krate:krate_small":6,"minecraft:torch":16,"minecraft:clay":5},"minecraft:broken":{"minecraft:golden_hoe":1},"minecraft:used":{"minecraft:oak_fence":13,"cfm:post_box":2,"minecraft:chest":12,"krate:krate_basic":7,"minecraft:torch":18,"minecraft:dirt":82,"tconstruct:hand_axe":1,"minecraft:jungle_slab":16,"tconstruct:tinker_station":4,"minecraft:barrel":15,"cb_microblock:microblock":2,"ftbsluice:pump":1,"minecraft:oak_sapling":13,"minecraft:furnace":2,"farmersdelight:cooking_pot":1,"tconstruct:part_builder":4,"immersiveengineering:cloche":1,"minecraft:wheat_seeds":1,"minecraft:water_bucket":1,"minecraft:oak_planks":69,"minecraft:blue_bed":1,"smallships:oak_cog":1,"krate:krate_small":2,"elevatorid:elevator_white":4,"minecraft:golden_hoe":1,"minecraft:crafting_table":1,"botanypots:hopper_botany_pot":1,"minecraft:white_bed":2,"minecraft:oak_log":2,"minecraft:apple":1,"minecraft:bread":5,"tconstruct:part_chest":1,"minecraft:jungle_stairs":12,"mob_grinding_utils:absorption_hopper":1,"minecraft:gravel":16,"ftbsluice:iron_sluice":1,"minecraft:cobblestone":12,"mcwtrpdoors:oak_barn_trapdoor":3,"tconstruct:crafting_station":6,"minecraft:bucket":1,"obsidianboat:obsidianboat":3,"minecraft:sea_pickle":2,"minecraft:stripped_oak_log":7},"minecraft:killed":{"minecraft:skeleton":1,"minecraft:drowned":1},"minecraft:mined":{"thermal:strawberry_block":1,"minecraft:oak_sapling":1,"ftbsluice:iron_sluice":1,"tconstruct:tinker_station":3,"minecraft:jungle_slab":14,"immersiveengineering:cloche":1,"krate:krate_basic":7,"minecraft:spruce_trapdoor":19,"minecraft:grass_block":58,"minecraft:jungle_planks":1,"mob_grinding_utils:absorption_hopper":1,"tconstruct:part_chest":1,"ftbsluice:pump":1,"minecraft:hay_block":4,"ftbstructures:white_barrel":2,"cb_multipart:multipart":7,"minecraft:furnace":1,"minecraft:barrel":15,"mcwtrpdoors:oak_barn_trapdoor":6,"minecraft:andesite":20,"minecraft:pumpkin":6,"minecraft:azure_bluet":14,"minecraft:stripped_oak_log":36,"minecraft:stone":89,"farmersdelight:cooking_pot":1,"tconstruct:part_builder":3,"ftbstructures:crate":3,"minecraft:oak_fence":30,"minecraft:crafting_table":1,"minecraft:jungle_stairs":12,"minecraft:chest":4,"minecraft:campfire":29,"minecraft:oak_planks":17,"krate:krate_small":2,"minecraft:sea_pickle":2,"minecraft:wheat":1,"ftbsluice:oak_sluice":1,"minecraft:grass":34,"cfm:post_box":1,"elevatorid:elevator_white":2,"minecraft:oak_log":45,"minecraft:dirt":49,"tconstruct:crafting_station":4},"minecraft:picked_up":{"thermal:machine_output_augment":1,"minecraft:charcoal":125,"minecraft:crafting_table":1,"tconstruct:crafting_station":5,"minecraft:wheat":100,"minecraft:azure_bluet":28,"cb_microblock:microblock":5,"rid:osmium_chunk":1,"minecraft:clay_ball":152,"mob_grinding_utils:absorption_hopper":2,"tconstruct:broad_axe_head":1,"cottonly:cotton_seeds":2,"minecraft:enchanted_book":2,"tconstruct:sword":1,"chisel:iron_chisel":2,"rid:mob_soul":2,"rid:iron_cluster":1,"rid:lead_chunk":2,"minecraft:string":20,"thermal:barley_seeds":2,"rid:iron_chunk":6,"minecraft:sea_pickle":4,"mysticalagriculture:inferium_essence":2,"minecraft:gold_nugget":10,"minecraft:bucket":1,"tconstruct:earth_slime_sling":1,"mekanismtools:bronze_chestplate":2,"thermal:niter":1,"minecraft:iron_nugget":4,"tconstruct:encyclopedia":2,"minecraft:chest":4,"minecraft:spruce_trapdoor":19,"minecraft:furnace":1,"minecraft:golden_helmet":1,"minecraft:stick":38,"rid:copper_chunk":8,"minecraft:oak_fence":42,"minecraft:torch":10,"akashictome:tome":2,"tconstruct:pickaxe":1,"rid:tin_chunk":2,"ftbsluice:iron_sluice":1,"mob_grinding_utils:saw":1,"rid:silver_chunk":2,"minecraft:carrot":4,"thermal:flax_seeds":2,"minecraft:golden_chestplate":3,"tconstruct:small_blade":1,"botania:manasteel_ingot":2,"minecraft:arrow":1,"minecraft:rotten_flesh":1,"thermal:corn_seeds":4,"immersiveengineering:cloche":4,"minecraft:jungle_stairs":16,"immersiveengineering:shader_bag_common":2,"tconstruct:tinker_station":3,"minecraft:hay_block":4,"tconstruct:small_axe_head":1,"krate:krate_small":2,"rid:gold_chunk":2,"minecraft:gold_ingot":2,"tconstruct:part_chest":7,"minecraft:iron_bars":3,"minecraft:white_wool":6,"minecraft:cobblestone":89,"minecraft:stripped_oak_log":45,"minecraft:sponge":8,"thermal:strawberry_block":1,"minecraft:andesite":20,"tconstruct:part_builder":3,"better_diving:standard_o2_tank":4,"storagedrawers:upgrade_template":4,"krate:krate_basic":7,"ftbsluice:oak_sluice":3,"minecraft:oak_log":113,"minecraft:chainmail_chestplate":3,"tconstruct:tool_handle":1,"notenoughwands:acceleration_wand":1,"immersiveengineering:watermill":1,"minecraft:blue_bed":1,"minecraft:dirt":216,"fluxnetworks:flux_core":1,"constructionwand:iron_wand":1,"trashcans:energy_trash_can":1,"industrialforegoing:mycelial_slimey":1,"minecraft:apple":17,"farmersdelight:cooking_pot":1,"minecraft:wheat_seeds":237,"storagedrawers:shroud_key":2,"rid:aluminum_chunk":1,"ftbquests:book":2,"industrialforegoing:range_addon0":2,"cfm:post_box":2,"minecraft:oak_planks":40,"rftoolsstorage:storage_module0":7,"industrialforegoing:material_stonework_factory":1,"elevatorid:elevator_white":4,"mysticalagradditions:inferium_paxel":1,"thermal:bell_pepper_seeds":2,"ftbsluice:pump":2,"minecraft:pumpkin":18,"mcwtrpdoors:oak_barn_trapdoor":5,"thermal:frost_melon_seeds":4,"minecraft:jungle_planks":1,"minecraft:jungle_slab":16,"obsidianboat:obsidianboat":3,"thermal:onion_seeds":2,"minecraft:barrel":16,"mob_grinding_utils:fan":4,"powah:energizing_rod_basic":2,"immersiveengineering:seed":2,"bloodmagic:reinforcedslate":1,"constructionwand:stone_wand":1,"thermal:eggplant_seeds":1,"minecraft:bone_meal":1,"tconstruct:pattern":68,"rftoolsstorage:storage_module1":4,"minecraft:oak_sapling":66,"minecraft:coal":2,"minecraft:ladder":2}},"DataVersion":2586}