{"stats":{"minecraft:dropped":{"minecraft:bread":22,"bloodmagic:reinforcedslate":1,"akashictome:tome":2,"minecraft:dirt":1,"tconstruct:broad_axe_head":1,"minecraft:bucket":1,"tconstruct:pickaxe":1,"minecraft:clay_ball":76,"minecraft:oak_boat":1,"ftbsluice:oak_sluice":1,"obsidianboat:obsidianboat":1},"minecraft:used":{"minecraft:oak_fence":11,"cfm:post_box":1,"minecraft:chest":7,"krate:krate_basic":2,"minecraft:torch":16,"minecraft:dirt":82,"tconstruct:tinker_station":4,"minecraft:barrel":14,"ftbsluice:pump":1,"minecraft:oak_sapling":13,"minecraft:furnace":2,"farmersdelight:cooking_pot":1,"tconstruct:part_builder":4,"minecraft:wheat_seeds":1,"minecraft:water_bucket":1,"minecraft:oak_planks":69,"krate:krate_small":2,"elevatorid:elevator_white":4,"minecraft:golden_hoe":1,"minecraft:crafting_table":1,"minecraft:white_bed":2,"minecraft:oak_log":1,"minecraft:apple":1,"minecraft:bread":1,"tconstruct:part_chest":1,"minecraft:jungle_stairs":4,"mob_grinding_utils:absorption_hopper":1,"minecraft:gravel":16,"ftbsluice:iron_sluice":1,"minecraft:cobblestone":1,"tconstruct:crafting_station":6,"minecraft:bucket":1,"minecraft:sea_pickle":2,"minecraft:stripped_oak_log":7},"minecraft:custom":{"minecraft:interact_with_crafting_table":18,"minecraft:open_barrel":129,"minecraft:time_since_death":90731,"minecraft:climb_one_cm":90,"minecraft:sprint_one_cm":19581,"minecraft:walk_one_cm":329759,"minecraft:drop":14,"minecraft:sneak_time":3965,"minecraft:walk_under_water_one_cm":961,"minecraft:jump":141,"minecraft:walk_on_water_one_cm":990,"minecraft:interact_with_furnace":23,"minecraft:play_one_minute":90731,"minecraft:interact_with_grindstone":1,"minecraft:time_since_rest":90731,"minecraft:damage_taken":68,"minecraft:damage_dealt":18,"minecraft:swim_one_cm":417,"minecraft:fly_one_cm":7457,"minecraft:open_chest":79,"minecraft:crouch_one_cm":16960,"minecraft:fall_one_cm":2917},"minecraft:mined":{"minecraft:oak_sapling":1,"ftbsluice:iron_sluice":1,"tconstruct:tinker_station":3,"krate:krate_basic":1,"minecraft:grass_block":56,"minecraft:jungle_planks":1,"mob_grinding_utils:absorption_hopper":1,"tconstruct:part_chest":1,"ftbsluice:pump":1,"minecraft:hay_block":4,"minecraft:furnace":1,"minecraft:barrel":14,"minecraft:andesite":20,"minecraft:pumpkin":6,"minecraft:azure_bluet":14,"minecraft:stripped_oak_log":19,"minecraft:stone":85,"farmersdelight:cooking_pot":1,"tconstruct:part_builder":3,"minecraft:oak_fence":26,"minecraft:crafting_table":1,"minecraft:jungle_stairs":10,"minecraft:chest":3,"minecraft:campfire":7,"minecraft:oak_planks":17,"krate:krate_small":2,"minecraft:sea_pickle":1,"minecraft:wheat":1,"ftbsluice:oak_sluice":1,"minecraft:grass":34,"elevatorid:elevator_white":2,"minecraft:oak_log":45,"minecraft:dirt":49,"tconstruct:crafting_station":4},"minecraft:picked_up":{"tconstruct:crafting_station":5,"minecraft:charcoal":83,"minecraft:crafting_table":1,"minecraft:wheat":83,"minecraft:azure_bluet":28,"rid:osmium_chunk":1,"minecraft:clay_ball":152,"mob_grinding_utils:absorption_hopper":1,"tconstruct:broad_axe_head":1,"cottonly:cotton_seeds":2,"chisel:iron_chisel":2,"rid:iron_cluster":1,"rid:lead_chunk":2,"thermal:barley_seeds":2,"rid:iron_chunk":6,"minecraft:sea_pickle":2,"minecraft:gold_nugget":10,"minecraft:bucket":1,"thermal:niter":1,"minecraft:iron_nugget":4,"minecraft:chest":3,"minecraft:furnace":1,"minecraft:golden_helmet":1,"minecraft:stick":38,"rid:copper_chunk":8,"minecraft:oak_fence":38,"minecraft:torch":9,"akashictome:tome":2,"tconstruct:pickaxe":1,"rid:tin_chunk":2,"ftbsluice:iron_sluice":1,"rid:silver_chunk":2,"thermal:flax_seeds":2,"botania:manasteel_ingot":2,"thermal:corn_seeds":4,"minecraft:jungle_stairs":14,"tconstruct:tinker_station":3,"minecraft:hay_block":4,"tconstruct:small_axe_head":1,"krate:krate_small":2,"rid:gold_chunk":2,"minecraft:gold_ingot":2,"tconstruct:part_chest":3,"minecraft:iron_bars":3,"minecraft:white_wool":6,"minecraft:cobblestone":85,"minecraft:sponge":8,"minecraft:stripped_oak_log":28,"minecraft:andesite":20,"tconstruct:part_builder":3,"better_diving:standard_o2_tank":1,"krate:krate_basic":1,"ftbsluice:oak_sluice":1,"minecraft:oak_log":113,"tconstruct:tool_handle":1,"minecraft:dirt":191,"minecraft:apple":9,"farmersdelight:cooking_pot":1,"minecraft:wheat_seeds":224,"storagedrawers:shroud_key":2,"rid:aluminum_chunk":1,"cfm:post_box":1,"minecraft:oak_planks":40,"rftoolsstorage:storage_module0":2,"elevatorid:elevator_white":4,"thermal:bell_pepper_seeds":2,"ftbsluice:pump":2,"minecraft:pumpkin":12,"minecraft:jungle_planks":1,"thermal:frost_melon_seeds":4,"obsidianboat:obsidianboat":1,"thermal:onion_seeds":2,"minecraft:barrel":14,"immersiveengineering:seed":2,"bloodmagic:reinforcedslate":1,"thermal:eggplant_seeds":1,"minecraft:bone_meal":1,"tconstruct:pattern":64,"minecraft:oak_sapling":65,"minecraft:coal":2},"minecraft:broken":{"minecraft:golden_hoe":1},"minecraft:crafted":{"tconstruct:pickaxe":1,"tconstruct:pattern":6,"minecraft:oak_planks":100,"tconstruct:part_builder":1,"minecraft:iron_nugget":30,"ftbsluice:oak_sluice":1,"tconstruct:tool_binding":3,"tconstruct:tinker_station":1,"tconstruct:hand_axe":2,"krate:krate_basic":1,"tconstruct:small_axe_head":1,"tconstruct:pickaxe_head":1,"tconstruct:small_blade":1,"minecraft:oak_slab":18,"minecraft:crafting_table":1,"tconstruct:tool_handle":6,"minecraft:air":121,"tconstruct:sword":1,"minecraft:oak_boat":1,"tconstruct:crafting_station":2,"minecraft:iron_ingot":1,"minecraft:white_bed":2,"krate:krate_small":3,"minecraft:torch":16}},"DataVersion":2586}