{"stats":{"minecraft:dropped":{"minecraft:bread":13,"bloodmagic:reinforcedslate":1,"akashictome:tome":2,"minecraft:clay_ball":76,"minecraft:oak_boat":1,"obsidianboat:obsidianboat":1,"tconstruct:pickaxe":1},"minecraft:used":{"minecraft:wheat_seeds":1,"minecraft:oak_fence":11,"cfm:post_box":1,"minecraft:oak_planks":68,"minecraft:chest":2,"minecraft:torch":8,"krate:krate_small":1,"elevatorid:elevator_white":2,"minecraft:golden_hoe":1,"minecraft:dirt":80,"minecraft:apple":1,"minecraft:bread":1,"tconstruct:tinker_station":2,"minecraft:jungle_stairs":4,"minecraft:gravel":16,"minecraft:barrel":7,"ftbsluice:iron_sluice":1,"minecraft:oak_sapling":13,"ftbsluice:pump":1,"farmersdelight:cooking_pot":1,"tconstruct:crafting_station":3,"minecraft:sea_pickle":2,"minecraft:stripped_oak_log":7,"tconstruct:part_builder":2},"minecraft:custom":{"minecraft:interact_with_crafting_table":9,"minecraft:open_barrel":64,"minecraft:play_one_minute":54731,"minecraft:interact_with_grindstone":1,"minecraft:time_since_death":54731,"minecraft:climb_one_cm":90,"minecraft:time_since_rest":54731,"minecraft:sprint_one_cm":9279,"minecraft:damage_taken":48,"minecraft:walk_one_cm":210863,"minecraft:drop":9,"minecraft:damage_dealt":18,"minecraft:swim_one_cm":417,"minecraft:fly_one_cm":6275,"minecraft:open_chest":7,"minecraft:crouch_one_cm":16581,"minecraft:sneak_time":3700,"minecraft:walk_under_water_one_cm":961,"minecraft:jump":103,"minecraft:walk_on_water_one_cm":917,"minecraft:fall_one_cm":1827,"minecraft:interact_with_furnace":1},"minecraft:mined":{"farmersdelight:cooking_pot":1,"tconstruct:part_builder":1,"minecraft:oak_sapling":1,"ftbsluice:iron_sluice":1,"tconstruct:tinker_station":1,"minecraft:oak_fence":23,"minecraft:crafting_table":1,"minecraft:jungle_stairs":8,"minecraft:grass_block":54,"minecraft:chest":2,"minecraft:campfire":7,"ftbsluice:pump":1,"minecraft:hay_block":4,"krate:krate_small":1,"minecraft:sea_pickle":1,"minecraft:wheat":1,"minecraft:barrel":7,"minecraft:andesite":20,"minecraft:pumpkin":6,"minecraft:azure_bluet":14,"minecraft:grass":34,"elevatorid:elevator_white":2,"minecraft:oak_log":33,"minecraft:dirt":48,"tconstruct:crafting_station":2,"minecraft:stripped_oak_log":16,"minecraft:stone":83},"minecraft:picked_up":{"minecraft:stripped_oak_log":16,"minecraft:crafting_table":1,"minecraft:charcoal":14,"tconstruct:crafting_station":2,"minecraft:wheat":52,"minecraft:azure_bluet":14,"minecraft:clay_ball":76,"minecraft:andesite":20,"tconstruct:part_builder":1,"cottonly:cotton_seeds":1,"chisel:iron_chisel":1,"minecraft:oak_log":51,"minecraft:dirt":103,"thermal:barley_seeds":1,"minecraft:apple":1,"minecraft:sea_pickle":2,"farmersdelight:cooking_pot":1,"storagedrawers:shroud_key":1,"minecraft:wheat_seeds":95,"cfm:post_box":1,"minecraft:chest":2,"rftoolsstorage:storage_module0":1,"elevatorid:elevator_white":2,"minecraft:golden_helmet":1,"minecraft:stick":16,"thermal:bell_pepper_seeds":1,"ftbsluice:pump":2,"minecraft:pumpkin":6,"minecraft:oak_fence":23,"akashictome:tome":2,"tconstruct:pickaxe":1,"thermal:frost_melon_seeds":2,"ftbsluice:iron_sluice":1,"obsidianboat:obsidianboat":1,"thermal:flax_seeds":1,"thermal:onion_seeds":1,"minecraft:barrel":7,"thermal:corn_seeds":2,"immersiveengineering:seed":1,"minecraft:jungle_stairs":8,"tconstruct:tinker_station":1,"minecraft:hay_block":4,"tconstruct:small_axe_head":1,"krate:krate_small":1,"tconstruct:pattern":45,"minecraft:oak_sapling":27,"minecraft:cobblestone":83},"minecraft:broken":{"minecraft:golden_hoe":1},"minecraft:crafted":{"tconstruct:pattern":6,"minecraft:oak_planks":92,"tconstruct:part_builder":1,"tconstruct:tool_handle":1,"tconstruct:tool_binding":1,"minecraft:air":62,"tconstruct:tinker_station":1,"tconstruct:hand_axe":1,"minecraft:oak_boat":1,"tconstruct:crafting_station":2,"minecraft:torch":16}},"DataVersion":2586}