{"stats":{"minecraft:broken":{"minecraft:iron_shovel":1,"minecraft:iron_pickaxe":1,"minecraft:wooden_axe":1},"minecraft:mined":{"minecraft:tuff":1,"minecraft:oak_sapling":1,"minecraft:brewing_stand":1,"minecraft:grass_block":99,"minecraft:decorated_pot":1,"minecraft:spruce_leaves":7,"minecraft:oxeye_daisy":1,"minecraft:large_fern":1,"minecraft:hay_block":6,"minecraft:furnace":2,"minecraft:stripped_spruce_log":4,"minecraft:azure_bluet":4,"minecraft:dirt_path":1,"minecraft:lantern":6,"minecraft:stone":154,"minecraft:dandelion":13,"minecraft:crafting_table":2,"minecraft:short_grass":111,"minecraft:blast_furnace":1,"minecraft:poppy":2,"minecraft:chest":1,"minecraft:tall_grass":46,"minecraft:grindstone":7,"minecraft:sugar_cane":5,"minecraft:blue_bed":3,"minecraft:purple_bed":1,"minecraft:wheat":6,"minecraft:sweet_berry_bush":10,"minecraft:spruce_log":153,"minecraft:oak_log":29,"minecraft:dirt":14,"minecraft:sand":195,"minecraft:stonecutter":2,"minecraft:stone_bricks":1,"minecraft:deepslate":4,"minecraft:fern":2},"minecraft:dropped":{"minecraft:wheat_seeds":5,"minecraft:decorated_pot":2,"minecraft:apple":5,"minecraft:oxeye_daisy":2,"minecraft:cornflower":1,"minecraft:string":2,"minecraft:dandelion":20,"minecraft:bone":2,"minecraft:stone_axe":1,"minecraft:stone_sword":1,"minecraft:rotten_flesh":1,"minecraft:azure_bluet":5,"minecraft:poppy":4,"minecraft:spruce_planks":3,"minecraft:beetroot_seeds":2,"minecraft:stone_bricks":1,"knightquest:small_essence":1,"minecraft:wooden_pickaxe":1},"minecraft:crafted":{"minecraft:oak_planks":116,"minecraft:hopper":4,"minecraft:iron_boots":1,"minecraft:iron_axe":1,"minecraft:iron_hoe":1,"minecraft:chest":10,"minecraft:spruce_boat":1,"minecraft:wheat":54,"minecraft:crafting_table":2,"minecraft:spruce_planks":192,"minecraft:wooden_pickaxe":1,"minecraft:iron_helmet":1,"minecraft:iron_sword":1,"minecraft:bucket":1,"minecraft:stone_axe":1,"minecraft:bread":19,"minecraft:air":0,"minecraft:iron_chestplate":1,"minecraft:shield":1,"minecraft:stick":20,"minecraft:iron_ingot":40,"minecraft:iron_pickaxe":1,"minecraft:wooden_axe":1,"minecraft:stone_sword":1,"minecraft:iron_shovel":2},"minecraft:used":{"minecraft:stone_sword":24,"minecraft:iron_shovel":256,"minecraft:chest":6,"minecraft:shield":7,"minecraft:iron_sword":45,"minecraft:oak_door":1,"minecraft:dirt":38,"minecraft:hopper":4,"minecraft:snowball":1,"minecraft:iron_hoe":81,"minecraft:spruce_boat":3,"minecraft:wooden_axe":70,"minecraft:lantern":3,"minecraft:iron_axe":7,"minecraft:sweet_berries":10,"minecraft:furnace":2,"minecraft:oak_sapling":4,"minecraft:egg":1,"minecraft:potato":91,"minecraft:wheat_seeds":4,"minecraft:water_bucket":29,"minecraft:wooden_pickaxe":30,"minecraft:blue_bed":2,"minecraft:stonecutter":1,"minecraft:crafting_table":4,"minecraft:blast_furnace":1,"minecraft:bread":32,"minecraft:iron_pickaxe":181,"minecraft:stone_axe":128,"minecraft:cobblestone":19,"minecraft:purple_bed":1,"minecraft:grindstone":4,"minecraft:bucket":30},"minecraft:killed_by":{"minecraft:zombie":1},"minecraft:picked_up":{"minecraft:crafting_table":2,"minecraft:wheat":3,"minecraft:azure_bluet":5,"minecraft:brewing_stand":1,"minecraft:cornflower":1,"minecraft:string":2,"minecraft:raw_copper":27,"minecraft:cobbled_deepslate":4,"minecraft:poppy":4,"minecraft:sugar_cane":16,"minecraft:chest":1,"minecraft:furnace":2,"minecraft:egg":1,"minecraft:stick":18,"minecraft:raw_iron":206,"minecraft:oak_door":1,"minecraft:redstone":62,"minecraft:arrow":9,"minecraft:rotten_flesh":13,"minecraft:decorated_pot":2,"minecraft:beetroot_seeds":1,"minecraft:hay_block":6,"minecraft:glistering_melon_slice":4,"minecraft:cobblestone":152,"minecraft:oxeye_daisy":2,"minecraft:tuff":1,"minecraft:oak_log":29,"minecraft:dirt":114,"minecraft:lapis_lazuli":14,"minecraft:blue_bed":3,"minecraft:lantern":7,"minecraft:bone":5,"minecraft:apple":2,"minecraft:stone_bricks":1,"minecraft:bow":1,"minecraft:stonecutter":2,"minecraft:wheat_seeds":44,"minecraft:grindstone":7,"minecraft:iron_ingot":2,"minecraft:sweet_berries":40,"minecraft:dandelion":20,"minecraft:sand":195,"minecraft:stripped_spruce_log":3,"minecraft:spruce_sapling":18,"minecraft:blast_furnace":1,"minecraft:spruce_log":150,"minecraft:purple_bed":1,"minecraft:diamond":6,"minecraft:spruce_boat":3,"knightquest:small_essence":3,"minecraft:oak_sapling":4,"minecraft:coal":45},"minecraft:killed":{"minecraft:spider":1,"minecraft:skeleton":4,"minecraft:zombie":13},"minecraft:custom":{"minecraft:mob_kills":18,"minecraft:inspect_hopper":2,"minecraft:interact_with_crafting_table":34,"minecraft:leave_game":1,"minecraft:time_since_death":130926,"minecraft:sprint_one_cm":252981,"minecraft:walk_one_cm":302784,"minecraft:damage_blocked_by_shield":547,"minecraft:drop":20,"minecraft:talked_to_villager":1,"minecraft:play_time":138540,"minecraft:deaths":1,"minecraft:sneak_time":5464,"minecraft:walk_under_water_one_cm":2795,"minecraft:boat_one_cm":59857,"minecraft:jump":2096,"minecraft:interact_with_blast_furnace":7,"minecraft:walk_on_water_one_cm":16960,"minecraft:total_world_time":138540,"minecraft:interact_with_furnace":36,"minecraft:sleep_in_bed":5,"minecraft:time_since_rest":1345,"minecraft:damage_taken":1253,"minecraft:damage_dealt":2695,"minecraft:swim_one_cm":17276,"minecraft:fly_one_cm":563057,"minecraft:open_chest":103,"minecraft:crouch_one_cm":23509,"minecraft:fall_one_cm":66157}},"DataVersion":3953}