{"stats":{"minecraft:dropped":{"minecraft:bread":13,"bloodmagic:reinforcedslate":1,"akashictome:tome":2},"minecraft:used":{"minecraft:jungle_stairs":4,"minecraft:chest":1,"minecraft:barrel":6,"krate:krate_small":1,"minecraft:oak_sapling":1,"farmersdelight:cooking_pot":1},"minecraft:custom":{"minecraft:time_since_rest":18731,"minecraft:sprint_one_cm":1707,"minecraft:damage_taken":20,"minecraft:walk_one_cm":56249,"minecraft:drop":4,"minecraft:fly_one_cm":5103,"minecraft:swim_one_cm":417,"minecraft:interact_with_crafting_table":5,"minecraft:open_barrel":8,"minecraft:open_chest":2,"minecraft:play_one_minute":18731,"minecraft:crouch_one_cm":2580,"minecraft:sneak_time":852,"minecraft:walk_under_water_one_cm":66,"minecraft:jump":32,"minecraft:walk_on_water_one_cm":156,"minecraft:time_since_death":18731,"minecraft:fall_one_cm":747},"minecraft:mined":{"farmersdelight:cooking_pot":1,"krate:krate_small":1,"minecraft:hay_block":4,"minecraft:barrel":6,"minecraft:pumpkin":6,"minecraft:oak_fence":2,"minecraft:azure_bluet":6,"minecraft:jungle_stairs":8,"minecraft:grass":17,"minecraft:chest":1,"minecraft:campfire":7},"minecraft:picked_up":{"minecraft:charcoal":14,"thermal:bell_pepper_seeds":1,"minecraft:wheat":43,"minecraft:azure_bluet":6,"minecraft:pumpkin":6,"minecraft:oak_fence":2,"cottonly:cotton_seeds":1,"akashictome:tome":2,"thermal:frost_melon_seeds":1,"minecraft:barrel":6,"thermal:barley_seeds":1,"farmersdelight:cooking_pot":1,"immersiveengineering:seed":1,"thermal:corn_seeds":1,"minecraft:jungle_stairs":8,"minecraft:wheat_seeds":76,"minecraft:hay_block":4,"krate:krate_small":1,"minecraft:oak_sapling":1,"minecraft:chest":1,"rftoolsstorage:storage_module0":1},"minecraft:crafted":{"minecraft:air":62}},"DataVersion":2586}