{"stats":{"minecraft:dropped":{"minecraft:bread":22,"bloodmagic:reinforcedslate":1,"akashictome:tome":2,"tconstruct:sword":1,"minecraft:dirt":1,"tconstruct:broad_axe_head":1,"minecraft:bucket":1,"tconstruct:pickaxe":1,"minecraft:clay_ball":76,"minecraft:oak_boat":1,"ftbsluice:oak_sluice":1,"tconstruct:small_blade":1,"obsidianboat:obsidianboat":1},"minecraft:killed":{"minecraft:skeleton":1},"minecraft:used":{"minecraft:oak_fence":11,"cfm:post_box":2,"minecraft:chest":10,"krate:krate_basic":2,"minecraft:torch":17,"minecraft:dirt":82,"tconstruct:tinker_station":4,"minecraft:barrel":14,"cb_microblock:microblock":1,"ftbsluice:pump":1,"minecraft:oak_sapling":13,"minecraft:furnace":2,"farmersdelight:cooking_pot":1,"tconstruct:part_builder":4,"minecraft:wheat_seeds":1,"minecraft:water_bucket":1,"minecraft:oak_planks":69,"smallships:oak_cog":1,"krate:krate_small":2,"elevatorid:elevator_white":4,"minecraft:golden_hoe":1,"minecraft:crafting_table":1,"botanypots:hopper_botany_pot":1,"minecraft:white_bed":2,"minecraft:oak_log":1,"minecraft:apple":1,"minecraft:bread":4,"tconstruct:part_chest":1,"minecraft:jungle_stairs":4,"mob_grinding_utils:absorption_hopper":1,"minecraft:gravel":16,"ftbsluice:iron_sluice":1,"minecraft:cobblestone":1,"tconstruct:crafting_station":6,"minecraft:bucket":1,"minecraft:sea_pickle":2,"minecraft:stripped_oak_log":7},"minecraft:custom":{"minecraft:mob_kills":1,"minecraft:interact_with_crafting_table":24,"minecraft:open_barrel":140,"minecraft:leave_game":1,"minecraft:time_since_death":105511,"minecraft:climb_one_cm":90,"minecraft:sprint_one_cm":27712,"minecraft:walk_one_cm":380092,"minecraft:drop":16,"minecraft:sneak_time":4142,"minecraft:walk_under_water_one_cm":4984,"minecraft:jump":162,"minecraft:walk_on_water_one_cm":3762,"minecraft:interact_with_furnace":34,"minecraft:play_one_minute":105511,"minecraft:interact_with_grindstone":1,"minecraft:time_since_rest":105511,"minecraft:damage_taken":194,"minecraft:damage_dealt":218,"minecraft:swim_one_cm":417,"minecraft:fly_one_cm":11680,"minecraft:open_chest":125,"minecraft:crouch_one_cm":17305,"minecraft:fall_one_cm":4408},"minecraft:mined":{"minecraft:oak_sapling":1,"ftbsluice:iron_sluice":1,"tconstruct:tinker_station":3,"krate:krate_basic":1,"minecraft:spruce_trapdoor":19,"minecraft:grass_block":58,"minecraft:jungle_planks":1,"mob_grinding_utils:absorption_hopper":1,"tconstruct:part_chest":1,"ftbsluice:pump":1,"minecraft:hay_block":4,"cb_multipart:multipart":6,"minecraft:furnace":1,"minecraft:barrel":14,"mcwtrpdoors:oak_barn_trapdoor":4,"minecraft:andesite":20,"minecraft:pumpkin":6,"minecraft:azure_bluet":14,"minecraft:stripped_oak_log":23,"minecraft:stone":85,"farmersdelight:cooking_pot":1,"tconstruct:part_builder":3,"minecraft:oak_fence":28,"minecraft:crafting_table":1,"minecraft:jungle_stairs":10,"minecraft:chest":4,"minecraft:campfire":7,"minecraft:oak_planks":17,"krate:krate_small":2,"minecraft:sea_pickle":1,"minecraft:wheat":1,"ftbsluice:oak_sluice":1,"minecraft:grass":34,"cfm:post_box":1,"elevatorid:elevator_white":2,"minecraft:oak_log":45,"minecraft:dirt":49,"tconstruct:crafting_station":4},"minecraft:picked_up":{"tconstruct:crafting_station":5,"minecraft:charcoal":83,"minecraft:crafting_table":1,"minecraft:wheat":100,"cb_microblock:microblock":4,"minecraft:azure_bluet":28,"rid:osmium_chunk":1,"minecraft:clay_ball":152,"mob_grinding_utils:absorption_hopper":1,"tconstruct:broad_axe_head":1,"cottonly:cotton_seeds":2,"tconstruct:sword":1,"rid:mob_soul":1,"chisel:iron_chisel":2,"rid:iron_cluster":1,"rid:lead_chunk":2,"minecraft:string":20,"thermal:barley_seeds":2,"rid:iron_chunk":6,"minecraft:sea_pickle":2,"mysticalagriculture:inferium_essence":1,"minecraft:gold_nugget":10,"minecraft:bucket":1,"thermal:niter":1,"minecraft:iron_nugget":4,"minecraft:chest":4,"minecraft:spruce_trapdoor":19,"minecraft:furnace":1,"minecraft:golden_helmet":1,"minecraft:stick":38,"rid:copper_chunk":8,"minecraft:oak_fence":40,"minecraft:torch":9,"akashictome:tome":2,"tconstruct:pickaxe":1,"rid:tin_chunk":2,"ftbsluice:iron_sluice":1,"rid:silver_chunk":2,"thermal:flax_seeds":2,"tconstruct:small_blade":1,"botania:manasteel_ingot":2,"minecraft:arrow":1,"thermal:corn_seeds":4,"minecraft:jungle_stairs":14,"tconstruct:tinker_station":3,"minecraft:hay_block":4,"tconstruct:small_axe_head":1,"krate:krate_small":2,"rid:gold_chunk":2,"minecraft:gold_ingot":2,"tconstruct:part_chest":3,"minecraft:iron_bars":3,"minecraft:white_wool":6,"minecraft:cobblestone":85,"minecraft:sponge":8,"minecraft:stripped_oak_log":32,"minecraft:andesite":20,"tconstruct:part_builder":3,"better_diving:standard_o2_tank":1,"krate:krate_basic":1,"ftbsluice:oak_sluice":1,"minecraft:oak_log":113,"tconstruct:tool_handle":1,"minecraft:dirt":215,"fluxnetworks:flux_core":1,"minecraft:apple":17,"farmersdelight:cooking_pot":1,"minecraft:wheat_seeds":237,"storagedrawers:shroud_key":2,"rid:aluminum_chunk":1,"cfm:post_box":2,"minecraft:oak_planks":40,"rftoolsstorage:storage_module0":3,"elevatorid:elevator_white":4,"thermal:bell_pepper_seeds":2,"ftbsluice:pump":2,"minecraft:pumpkin":18,"mcwtrpdoors:oak_barn_trapdoor":3,"minecraft:jungle_planks":1,"thermal:frost_melon_seeds":4,"obsidianboat:obsidianboat":1,"thermal:onion_seeds":2,"minecraft:barrel":14,"immersiveengineering:seed":2,"bloodmagic:reinforcedslate":1,"thermal:eggplant_seeds":1,"minecraft:bone_meal":1,"tconstruct:pattern":64,"minecraft:oak_sapling":65,"minecraft:coal":2},"minecraft:broken":{"minecraft:golden_hoe":1},"minecraft:crafted":{"minecraft:brick":3,"tconstruct:pickaxe":1,"tconstruct:pattern":6,"minecraft:oak_planks":132,"tconstruct:part_builder":1,"minecraft:iron_nugget":30,"ftbsluice:oak_sluice":1,"tconstruct:tool_binding":3,"tconstruct:tinker_station":1,"tconstruct:hand_axe":2,"minecraft:terracotta":5,"botanypots:botany_pot":1,"krate:krate_basic":1,"tconstruct:small_axe_head":1,"tconstruct:pickaxe_head":1,"minecraft:flower_pot":1,"smallships:oak_cog":1,"tconstruct:small_blade":1,"minecraft:oak_slab":18,"smallships:sail_item":1,"minecraft:crafting_table":1,"tconstruct:tool_handle":6,"minecraft:air":209,"tconstruct:sword":1,"minecraft:oak_boat":4,"botanypots:hopper_botany_pot":1,"tconstruct:crafting_station":2,"minecraft:iron_ingot":1,"minecraft:white_bed":2,"krate:krate_small":3,"minecraft:torch":16,"minecraft:clay":5}},"DataVersion":2586}