{"stats":{"minecraft:broken":{"minecraft:wooden_axe":1},"minecraft:mined":{"minecraft:dandelion":11,"minecraft:crafting_table":2,"minecraft:short_grass":33,"minecraft:grass_block":32,"minecraft:poppy":1,"minecraft:decorated_pot":1,"minecraft:chest":1,"minecraft:tall_grass":34,"minecraft:spruce_leaves":7,"minecraft:grindstone":7,"minecraft:sugar_cane":5,"minecraft:oxeye_daisy":1,"minecraft:blue_bed":2,"minecraft:large_fern":1,"minecraft:purple_bed":1,"minecraft:furnace":2,"minecraft:wheat":6,"minecraft:spruce_log":153,"minecraft:stripped_spruce_log":4,"minecraft:azure_bluet":3,"minecraft:oak_log":23,"minecraft:lantern":6,"minecraft:dirt":9,"minecraft:stone_bricks":1,"minecraft:stonecutter":2,"minecraft:stone":5,"minecraft:fern":2},"minecraft:dropped":{"minecraft:wheat_seeds":5,"minecraft:decorated_pot":2,"minecraft:rotten_flesh":1,"minecraft:apple":5,"minecraft:spruce_planks":3,"minecraft:beetroot_seeds":2,"minecraft:stone_bricks":1,"knightquest:small_essence":1,"minecraft:string":2,"minecraft:bone":2},"minecraft:crafted":{"minecraft:crafting_table":1,"minecraft:spruce_planks":192,"minecraft:iron_helmet":1,"minecraft:wooden_pickaxe":1,"minecraft:iron_sword":1,"minecraft:bucket":1,"minecraft:stone_axe":1,"minecraft:bread":1,"minecraft:air":0,"minecraft:hopper":2,"minecraft:iron_chestplate":1,"minecraft:iron_boots":1,"minecraft:shield":1,"minecraft:iron_axe":1,"minecraft:stick":20,"minecraft:iron_ingot":40,"minecraft:iron_pickaxe":1,"minecraft:wooden_axe":1,"minecraft:stone_sword":1,"minecraft:chest":8,"minecraft:iron_shovel":1,"minecraft:spruce_boat":1},"minecraft:used":{"minecraft:wheat_seeds":4,"minecraft:water_bucket":8,"minecraft:stone_sword":24,"minecraft:iron_shovel":26,"minecraft:chest":4,"minecraft:wooden_pickaxe":30,"minecraft:stonecutter":1,"minecraft:blue_bed":2,"minecraft:dirt":17,"minecraft:hopper":2,"minecraft:crafting_table":3,"minecraft:snowball":1,"minecraft:spruce_boat":3,"minecraft:wooden_axe":70,"minecraft:lantern":2,"minecraft:bread":24,"minecraft:iron_pickaxe":1,"minecraft:stone_axe":128,"minecraft:purple_bed":1,"minecraft:furnace":2,"minecraft:grindstone":4,"minecraft:bucket":9},"minecraft:killed_by":{"minecraft:zombie":1},"minecraft:picked_up":{"minecraft:crafting_table":2,"minecraft:wheat":3,"minecraft:azure_bluet":3,"minecraft:oak_log":23,"minecraft:string":2,"minecraft:blue_bed":2,"minecraft:dirt":40,"minecraft:lantern":7,"minecraft:raw_copper":2,"minecraft:bone":2,"minecraft:apple":2,"minecraft:stone_bricks":1,"minecraft:stonecutter":2,"minecraft:bow":1,"minecraft:wheat_seeds":27,"minecraft:iron_ingot":2,"minecraft:grindstone":7,"minecraft:poppy":1,"minecraft:chest":1,"minecraft:sugar_cane":16,"minecraft:furnace":2,"minecraft:raw_iron":182,"minecraft:stick":12,"minecraft:sweet_berries":22,"minecraft:dandelion":11,"minecraft:stripped_spruce_log":3,"minecraft:spruce_sapling":18,"minecraft:spruce_log":150,"minecraft:diamond":3,"minecraft:arrow":8,"minecraft:purple_bed":1,"minecraft:rotten_flesh":3,"minecraft:spruce_boat":3,"minecraft:beetroot_seeds":1,"minecraft:decorated_pot":2,"knightquest:small_essence":1,"minecraft:coal":29,"minecraft:cobblestone":5,"minecraft:oxeye_daisy":1},"minecraft:killed":{"minecraft:spider":1,"minecraft:skeleton":1,"minecraft:zombie":2},"minecraft:custom":{"minecraft:interact_with_furnace":27,"minecraft:mob_kills":4,"minecraft:inspect_hopper":1,"minecraft:interact_with_crafting_table":25,"minecraft:leave_game":1,"minecraft:time_since_death":82926,"minecraft:sleep_in_bed":2,"minecraft:time_since_rest":9691,"minecraft:sprint_one_cm":198772,"minecraft:damage_taken":950,"minecraft:walk_one_cm":155898,"minecraft:drop":12,"minecraft:damage_dealt":575,"minecraft:swim_one_cm":12831,"minecraft:talked_to_villager":1,"minecraft:fly_one_cm":431079,"minecraft:open_chest":36,"minecraft:crouch_one_cm":1077,"minecraft:play_time":90540,"minecraft:deaths":1,"minecraft:sneak_time":928,"minecraft:walk_under_water_one_cm":2706,"minecraft:boat_one_cm":59857,"minecraft:jump":1614,"minecraft:interact_with_blast_furnace":1,"minecraft:walk_on_water_one_cm":12849,"minecraft:total_world_time":90540,"minecraft:fall_one_cm":51450}},"DataVersion":3953}