{"stats":{"minecraft:custom":{"minecraft:interact_with_crafting_table":80,"minecraft:open_barrel":213,"minecraft:leave_game":2,"minecraft:time_since_death":377739,"minecraft:sprint_one_cm":72956,"minecraft:drop":53,"minecraft:talked_to_villager":1,"minecraft:jump":442,"minecraft:walk_on_water_one_cm":26906,"minecraft:interact_with_furnace":132,"minecraft:play_one_minute":377739,"minecraft:sleep_in_bed":3,"minecraft:damage_dealt":700,"minecraft:crouch_one_cm":26382,"minecraft:mob_kills":2,"minecraft:inspect_hopper":14,"minecraft:interact_with_campfire":13,"minecraft:climb_one_cm":433,"minecraft:walk_one_cm":993031,"minecraft:sneak_time":7645,"minecraft:walk_under_water_one_cm":18379,"minecraft:interact_with_grindstone":1,"minecraft:time_since_rest":113735,"minecraft:damage_taken":625,"minecraft:swim_one_cm":450,"minecraft:fly_one_cm":84050,"minecraft:open_chest":559,"minecraft:fall_one_cm":9037},"minecraft:dropped":{"akashictome:tome":2,"rid:iron_cluster":9,"tconstruct:sword":1,"minecraft:dirt":1,"rid:aluminum_cluster":2,"minecraft:sand":1,"rid:silver_cluster":1,"tconstruct:pickaxe":1,"ftbsluice:iron_mesh":1,"tconstruct:small_blade":1,"obsidianboat:obsidianboat":1,"minecraft:iron_ingot":6,"minecraft:bread":22,"bloodmagic:reinforcedslate":1,"rid:gold_cluster":2,"rid:osmium_cluster":1,"rid:lead_cluster":2,"tconstruct:broad_axe_head":1,"rid:copper_cluster":12,"minecraft:bucket":1,"mysticalagradditions:inferium_paxel":1,"rid:tin_cluster":1,"mekanismtools:diamond_paxel":1,"minecraft:clay_ball":76,"immersiveengineering:hammer":1,"ftbsluice:stone_hammer":2,"rid:nickel_cluster":2,"minecraft:oak_boat":1,"ftbsluice:oak_sluice":1,"rid:iron_chunk":32},"minecraft:crafted":{"miniutilities:wooden_spikes":1,"minecraft:brick":3,"immersiveengineering:hammer":2,"minecraft:oak_planks":236,"mekanism:ingot_osmium":1,"ftbsluice:oak_sluice":1,"minecraft:stone":64,"tconstruct:tool_binding":3,"ftbjarmod:tempered_glass":32,"ftbsluice:iron_hammer":1,"tconstruct:hand_axe":2,"minecraft:glass":64,"minecraft:hopper":1,"thermal:iron_dust":2,"ftbsluice:stone_hammer":1,"minecraft:chest":9,"rid:1x_compressed_cobblestone":4,"minecraft:oak_button":3,"tconstruct:small_axe_head":1,"minecraft:stone_hoe":1,"tconstruct:pickaxe_head":1,"ftbjarmod:cast_iron_nugget":9,"minecraft:flower_pot":1,"ftbjarmod:cast_iron_gear":1,"tconstruct:small_blade":1,"minecraft:dropper":1,"minecraft:oak_slab":78,"minecraft:cauldron":1,"minecraft:crafting_table":1,"constructionwand:iron_wand":1,"storagedrawers:oak_full_drawers_1":3,"tconstruct:tool_handle":6,"cobblefordays:tier_1":2,"tconstruct:sword":1,"thermal:nickel_ingot":5,"minecraft:string":4,"constructionwand:stone_wand":1,"minecraft:stick":4,"minecraft:iron_ingot":26,"minecraft:iron_block":1,"minecraft:gold_ingot":46,"rid:redstone_cluster":2,"minecraft:wooden_sword":3,"tconstruct:pickaxe":1,"tconstruct:pattern":6,"tconstruct:part_builder":1,"krate:krate_big":1,"minecraft:iron_nugget":39,"mysticalagriculture:inferium_farmland":1,"minecraft:piston":1,"ftbjarmod:tempered_jar":1,"mekanism:ingot_uranium":1,"minecraft:glass_pane":48,"tconstruct:tinker_station":1,"ftbjarmod:tube":12,"minecraft:terracotta":5,"botanypots:botany_pot":1,"krate:krate_basic":2,"trashcans:item_trash_can":1,"rid:iron_cluster":2,"smallships:oak_cog":1,"mysticalagriculture:inferium_seeds":1,"botania:fertilizer":1,"ftbjarmod:jar":1,"smallships:sail_item":1,"minecraft:iron_sword":3,"minecraft:dirt":54,"minecraft:bucket":1,"ftbsluice:iron_auto_hammer":1,"minecraft:air":480,"minecraft:oak_boat":4,"botanypots:hopper_botany_pot":1,"ftbjarmod:auto_processing_block":1,"thermal:lead_ingot":1,"tconstruct:crafting_station":2,"minecraft:oak_stairs":12,"minecraft:white_bed":2,"krate:krate_small":6,"minecraft:torch":20,"ftbdripper:dripper":2,"miniutilities:iron_spikes":1,"minecraft:clay":5},"minecraft:broken":{"ftbsluice:stone_hammer":1,"minecraft:golden_hoe":1},"minecraft:used":{"trashcans:item_trash_can":2,"minecraft:chest":15,"krate:krate_basic":7,"refinedstorage:wireless_transmitter":4,"minecraft:jungle_slab":51,"refinedstorage:detector":1,"refinedstorage:network_transmitter":1,"ftbsluice:stone_hammer":412,"mysticalagriculture:prudentium_furnace":1,"minecraft:furnace":5,"minecraft:oak_sapling":27,"refinedstorage:disk_drive":1,"ftbjarmod:auto_processing_block":1,"minecraft:oak_planks":117,"minecraft:blue_bed":1,"smallships:oak_cog":1,"elevatorid:elevator_white":4,"mekanismtools:lapis_lazuli_axe":1,"minecraft:golden_hoe":1,"minecraft:sand":129,"mysticalagradditions:inferium_paxel":1,"ftbsluice:iron_auto_hammer":2,"minecraft:bread":16,"minecraft:gravel":360,"ftbsluice:iron_sluice":1,"ftbjarmod:jar":3,"tconstruct:crafting_station":10,"ftbdripper:dripper":1,"obsidianboat:obsidianboat":3,"krate:krate_big":1,"storagedrawers:oak_full_drawers_1":10,"minecraft:oak_fence":62,"cfm:post_box":7,"rid:1x_compressed_dirt":7,"minecraft:wooden_shovel":34,"refinedstorage:creative_controller":1,"minecraft:torch":25,"minecraft:dirt":371,"tconstruct:hand_axe":1,"ftbjarmod:tempered_jar":2,"minecraft:oak_fence_gate":13,"mcwroofs:oak_roof":2,"minecraft:oak_stairs":19,"tconstruct:tinker_station":5,"ftbsluice:iron_hammer":230,"minecraft:barrel":18,"extrastorage:advanced_exporter":1,"cobblefordays:tier_1":8,"cb_microblock:microblock":2,"ftbsluice:pump":1,"farmersdelight:cooking_pot":4,"tconstruct:part_builder":5,"immersiveengineering:cloche":2,"minecraft:wheat_seeds":1,"minecraft:water_bucket":1,"minecraft:cauldron":4,"krate:krate_small":2,"minecraft:vine":3,"minecraft:oak_slab":30,"minecraft:crafting_table":2,"botanypots:hopper_botany_pot":1,"minecraft:campfire":36,"minecraft:white_bed":2,"minecraft:oak_log":2,"ftbjarmod:tube":2,"refinedstorageaddons:creative_wireless_crafting_grid":2,"minecraft:apple":1,"tconstruct:part_chest":1,"refinedstorage:crafting_grid":1,"minecraft:jungle_stairs":22,"mob_grinding_utils:absorption_hopper":1,"minecraft:spruce_trapdoor":12,"minecraft:cobblestone":52,"mcwtrpdoors:oak_barn_trapdoor":12,"minecraft:bucket":3,"minecraft:sea_pickle":2,"minecraft:stripped_oak_log":47},"minecraft:killed":{"minecraft:skeleton":1,"minecraft:drowned":1},"minecraft:mined":{"minecraft:oak_sapling":1,"thermal:strawberry_block":1,"ftbsluice:iron_sluice":1,"tconstruct:tinker_station":4,"minecraft:jungle_slab":14,"minecraft:spruce_trapdoor":19,"minecraft:grass_block":84,"mob_grinding_utils:absorption_hopper":1,"tconstruct:part_chest":1,"ftbsluice:pump":1,"cobblefordays:tier_1":6,"mcwroofs:oak_roof":2,"minecraft:barrel":20,"mcwtrpdoors:oak_barn_trapdoor":15,"minecraft:pumpkin":6,"minecraft:azure_bluet":14,"ftbdripper:dripper":1,"minecraft:oak_stairs":4,"tconstruct:part_builder":4,"minecraft:torch":1,"minecraft:jungle_stairs":29,"minecraft:chest":12,"minecraft:cobblestone":4,"minecraft:oak_planks":40,"minecraft:cauldron":3,"krate:krate_small":2,"storagedrawers:oak_full_drawers_1":8,"minecraft:wheat":3,"minecraft:grass":34,"cfm:post_box":4,"minecraft:oak_log":112,"tconstruct:crafting_station":7,"minecraft:sand":129,"minecraft:dirt":326,"minecraft:oak_leaves":6,"trashcans:item_trash_can":1,"immersiveengineering:cloche":2,"krate:krate_basic":7,"minecraft:jungle_planks":1,"ftbjarmod:tempered_jar":1,"minecraft:hay_block":4,"rid:1x_compressed_dirt":6,"ftbstructures:white_barrel":2,"cb_multipart:multipart":7,"minecraft:furnace":5,"minecraft:andesite":22,"minecraft:vine":3,"minecraft:stripped_oak_log":46,"minecraft:stone":99,"farmersdelight:cooking_pot":4,"ftbsluice:iron_auto_hammer":1,"ftbstructures:crate":3,"minecraft:oak_fence":43,"minecraft:crafting_table":3,"minecraft:campfire":29,"minecraft:sea_pickle":2,"ftbsluice:oak_sluice":1,"minecraft:grass_path":1,"elevatorid:elevator_white":2,"minecraft:gravel":258,"ftbjarmod:jar":2},"minecraft:picked_up":{"minecraft:wheat":205,"rid:osmium_chunk":16,"cb_microblock:microblock":5,"tconstruct:broad_axe_head":3,"minecraft:oak_stairs":4,"minecraft:enchanted_book":2,"chisel:iron_chisel":2,"minecraft:string":20,"tconstruct:hand_axe":1,"thermal:barley_seeds":2,"rid:iron_chunk":72,"minecraft:sea_pickle":4,"cobblefordays:tier_1":6,"mysticalagriculture:inferium_essence":2,"minecraft:gold_nugget":10,"minecraft:bucket":1,"minecraft:furnace":5,"minecraft:golden_helmet":1,"minecraft:stick":49,"ftbsluice:stone_hammer":2,"minecraft:oak_fence":55,"minecraft:torch":14,"rid:tin_chunk":19,"mob_grinding_utils:saw":1,"thermal:flax_seeds":2,"minecraft:golden_chestplate":3,"minecraft:cauldron":3,"tconstruct:small_blade":2,"botania:manasteel_ingot":2,"minecraft:rotten_flesh":1,"thermal:corn_seeds":4,"ftbsluice:dust":128,"immersiveengineering:shader_bag_common":2,"tconstruct:small_axe_head":1,"krate:krate_small":2,"minecraft:iron_bars":3,"minecraft:cobblestone":101,"thermal:strawberry_block":1,"minecraft:sponge":8,"minecraft:andesite":22,"krate:krate_basic":7,"tconstruct:pickaxe_head":2,"trashcans:item_trash_can":1,"notenoughwands:acceleration_wand":1,"fluxnetworks:flux_core":1,"immersiveengineering:watermill":1,"minecraft:dirt":576,"constructionwand:iron_wand":2,"industrialforegoing:mycelial_slimey":1,"ftbdripper:dripper":1,"storagedrawers:shroud_key":2,"minecraft:wheat_seeds":420,"rid:aluminum_chunk":17,"ftbquests:book":2,"ftbsluice:iron_auto_hammer":1,"cfm:post_box":5,"industrialforegoing:range_addon0":2,"minecraft:oak_planks":63,"thermal:bell_pepper_seeds":2,"ftbsluice:pump":2,"ftbjarmod:cast_iron_ingot":13,"cottonly:ball":6,"minecraft:jungle_planks":1,"minecraft:sand":1003,"thermal:onion_seeds":2,"minecraft:jungle_slab":16,"minecraft:barrel":21,"mob_grinding_utils:fan":4,"constructionwand:stone_wand":1,"thermal:eggplant_seeds":1,"minecraft:bone_meal":1,"minecraft:oak_sapling":105,"tconstruct:crafting_station":8,"minecraft:charcoal":134,"minecraft:crafting_table":3,"minecraft:azure_bluet":28,"minecraft:ladder":2,"minecraft:clay_ball":152,"mob_grinding_utils:absorption_hopper":2,"thermal:machine_output_augment":1,"cottonly:cotton_seeds":13,"rid:mob_soul":2,"rid:nickel_chunk":17,"tconstruct:sword":1,"rid:iron_cluster":5,"rid:lead_chunk":16,"immersiveengineering:ingot_aluminum":1,"mcwroofs:oak_roof":2,"mekanismtools:bronze_chestplate":2,"thermal:niter":1,"tconstruct:earth_slime_sling":1,"minecraft:iron_nugget":4,"tconstruct:encyclopedia":2,"minecraft:chest":13,"minecraft:spruce_trapdoor":19,"rid:1x_compressed_dirt":6,"rid:copper_chunk":88,"akashictome:tome":2,"tconstruct:pickaxe":1,"ftbsluice:iron_sluice":1,"rid:silver_chunk":10,"minecraft:carrot":5,"minecraft:redstone":6,"minecraft:arrow":1,"immersiveengineering:cloche":5,"minecraft:jungle_stairs":33,"tconstruct:tinker_station":4,"minecraft:hay_block":4,"minecraft:gold_ingot":2,"rid:gold_chunk":14,"tconstruct:part_chest":7,"minecraft:white_wool":6,"minecraft:stripped_oak_log":55,"storagedrawers:upgrade_template":4,"tconstruct:part_builder":4,"better_diving:standard_o2_tank":4,"mysticalagriculture:dye_seeds":1,"ftbsluice:oak_sluice":3,"minecraft:oak_log":180,"minecraft:chainmail_chestplate":3,"tconstruct:tool_handle":2,"minecraft:blue_bed":1,"trashcans:energy_trash_can":1,"ftbjarmod:jar":2,"minecraft:apple":20,"farmersdelight:cooking_pot":4,"minecraft:iron_ingot":23,"storagedrawers:oak_full_drawers_1":8,"rftoolsstorage:storage_module0":7,"elevatorid:elevator_white":4,"industrialforegoing:material_stonework_factory":1,"mysticalagradditions:inferium_paxel":1,"minecraft:pumpkin":18,"mcwtrpdoors:oak_barn_trapdoor":14,"ftbjarmod:tempered_jar":1,"minecraft:gravel":17,"thermal:frost_melon_seeds":4,"mekanismtools:diamond_paxel":1,"obsidianboat:obsidianboat":3,"powah:energizing_rod_basic":2,"ftblibrary:fluid_container":1,"miniutilities:blessed_earth":16,"immersiveengineering:seed":2,"bloodmagic:reinforcedslate":1,"tconstruct:pattern":91,"rftoolsstorage:storage_module1":4,"immersiveengineering:hammer":1,"minecraft:coal":2}},"DataVersion":2586}