{"stats":{"minecraft:crafted":{"miniutilities:wooden_spikes":1,"minecraft:brick":3,"pipez:wrench":1,"ftbsluice:gold_auto_hammer":10,"minecraft:oak_planks":380,"immersiveengineering:hammer":5,"thermal:iron_plate":13,"mekanism:ingot_osmium":1,"immersiveengineering:fluid_pipe":8,"minecraft:cooked_chicken":78,"minecraft:sand":243,"tconstruct:broad_blade":1,"ftbsluice:oak_sluice":1,"minecraft:stone":64,"tconstruct:tool_binding":4,"minecraft:lever":2,"ftbjarmod:tempered_glass":32,"minecraft:cooked_mutton":5,"ftbsluice:iron_hammer":10,"tconstruct:seared_melter":1,"tconstruct:hand_axe":2,"minecraft:glass":72,"minecraft:hopper":3,"thermal:iron_dust":23,"rid:2x_compressed_stone":1,"ftbsluice:stone_hammer":1,"tconstruct:broad_axe_head":1,"tconstruct:seared_brick":106,"minecraft:chest":9,"tconstruct:seared_fuel_tank":1,"rid:1x_compressed_cobblestone":10,"minecraft:oak_button":3,"tconstruct:small_axe_head":2,"minecraft:stone_hoe":1,"tconstruct:pickaxe_head":2,"tconstruct:tough_handle":1,"ftbjarmod:cast_iron_nugget":9,"minecraft:cooked_rabbit":4,"ftbjarmod:cast_iron_gear":6,"minecraft:flower_pot":1,"minecraft:dropper":1,"tconstruct:small_blade":2,"minecraft:oak_slab":78,"minecraft:cauldron":1,"minecraft:cooked_porkchop":69,"minecraft:crafting_table":1,"constructionwand:iron_wand":1,"minecraft:gravel":198,"storagedrawers:oak_full_drawers_1":5,"tconstruct:tool_handle":7,"minecraft:campfire":1,"rid:diamond_cluster":1,"ftbjarmod:cast_iron_ingot":1,"cobblefordays:tier_1":5,"tconstruct:sword":3,"thermal:nickel_ingot":5,"minecraft:string":4,"constructionwand:stone_wand":1,"minecraft:stick":4,"minecraft:iron_ingot":271,"minecraft:iron_block":1,"minecraft:gold_ingot":53,"rid:redstone_cluster":2,"tconstruct:seared_bricks":87,"tconstruct:large_plate":1,"thermal:tin_ingot":3,"tconstruct:seared_fuel_gauge":3,"rid:1x_compressed_stone":10,"minecraft:wooden_sword":3,"tconstruct:pickaxe":1,"tconstruct:pattern":6,"tconstruct:part_builder":1,"krate:krate_big":1,"minecraft:iron_nugget":39,"mysticalagriculture:inferium_farmland":1,"thermal:copper_ingot":91,"tconstruct:repair_kit":1,"minecraft:piston":1,"thermal:copper_block":3,"ftbjarmod:tempered_jar":1,"tconstruct:seared_basin":1,"mekanism:ingot_uranium":28,"minecraft:flint_and_steel":1,"minecraft:glass_pane":48,"tconstruct:tinker_station":1,"ftbjarmod:tube":12,"minecraft:terracotta":5,"immersiveengineering:fluid_pump":1,"botanypots:botany_pot":1,"krate:krate_basic":2,"tconstruct:seared_table":1,"ftbsluice:gold_hammer":10,"immersiveengineering:component_iron":1,"trashcans:item_trash_can":1,"rid:iron_cluster":21,"minecraft:cooked_beef":6,"smallships:oak_cog":1,"mysticalagriculture:inferium_seeds":1,"botania:fertilizer":1,"ftbjarmod:jar":1,"smallships:sail_item":1,"minecraft:iron_sword":3,"minecraft:dirt":54,"tconstruct:hammer_head":1,"minecraft:bucket":2,"tconstruct:seared_drain":1,"ftbsluice:iron_auto_hammer":10,"minecraft:bread":57,"minecraft:air":553,"tconstruct:seared_heater":1,"minecraft:oak_boat":4,"botanypots:hopper_botany_pot":1,"ftbjarmod:auto_processing_block":1,"thermal:lead_ingot":34,"tconstruct:crafting_station":2,"minecraft:flint":64,"minecraft:oak_stairs":28,"tconstruct:seared_faucet":2,"minecraft:white_bed":2,"krate:krate_small":6,"minecraft:torch":44,"ftbdripper:dripper":2,"miniutilities:iron_spikes":1,"minecraft:clay":306,"tconstruct:grout":1498},"minecraft:used":{"immersiveengineering:fluid_pump":6,"refinedstorage:exporter":1,"mysticalagriculture:supremium_furnace":1,"trashcans:item_trash_can":2,"minecraft:chest":25,"tconstruct:seared_stone":1,"krate:krate_basic":7,"tconstruct:seared_fuel_tank":8,"minecraft:soul_sand":1,"extrastorage:netherite_crafter":1,"constructionwand:iron_wand":14,"refinedstorage:wireless_transmitter":4,"minecraft:jungle_slab":52,"minecraft:milk_bucket":2,"refinedstorage:detector":1,"refinedstorage:network_transmitter":1,"minecraft:lava_bucket":6,"ftbsluice:stone_hammer":412,"minecraft:lantern":1,"minecraft:grass_block":230,"mysticalagriculture:prudentium_furnace":1,"tconstruct:seared_faucet":5,"refinedstorage:importer":13,"minecraft:bow":1,"tconstruct:seared_fuel_gauge":11,"minecraft:oak_sapling":30,"minecraft:furnace":5,"minecraft:egg":3,"tconstruct:smeltery_controller":2,"refinedstorage:disk_drive":1,"ftbjarmod:auto_processing_block":1,"minecraft:oak_planks":176,"minecraft:blue_bed":1,"smallships:oak_cog":1,"elevatorid:elevator_white":4,"mekanismtools:lapis_lazuli_axe":1,"minecraft:golden_hoe":1,"minecraft:sand":129,"enderstorage:ender_tank":1,"mysticalagradditions:inferium_paxel":1,"cobblefordays:tier_3":5,"ftbsluice:iron_auto_hammer":39,"minecraft:bread":50,"minecraft:gravel":488,"ftbsluice:iron_sluice":4,"miniutilities:blessed_earth":32,"mysticalagradditions:supremium_paxel":1,"ftbjarmod:jar":4,"ftbdripper:dripper":1,"tconstruct:crafting_station":12,"obsidianboat:obsidianboat":3,"storagedrawers:oak_full_drawers_1":35,"minecraft:oak_fence":105,"krate:krate_big":1,"cfm:post_box":7,"minecraft:flint_and_steel":4,"rid:1x_compressed_dirt":7,"tconstruct:drowned_head":1,"minecraft:wooden_shovel":34,"refinedstorage:creative_controller":1,"tconstruct:seared_drain":1,"minecraft:torch":94,"minecraft:dirt":595,"minecraft:hopper":2,"immersiveengineering:fluid_pipe":5,"tconstruct:hand_axe":1,"tconstruct:seared_bricks":68,"ftbjarmod:tempered_jar":2,"minecraft:oak_fence_gate":16,"tconstruct:seared_heater":1,"mcwroofs:oak_roof":2,"minecraft:oak_stairs":63,"tconstruct:tinker_station":6,"ftbsluice:iron_hammer":486,"minecraft:barrel":18,"extrastorage:advanced_exporter":1,"cobblefordays:tier_1":13,"cfm:fridge_light":1,"cb_microblock:microblock":2,"ftbsluice:pump":5,"farmersdelight:cooking_pot":4,"tconstruct:part_builder":6,"pipez:fluid_pipe":4,"immersiveengineering:cloche":2,"minecraft:wheat_seeds":1,"minecraft:water_bucket":4,"ftbsluice:gold_auto_hammer":10,"minecraft:cauldron":4,"krate:krate_small":2,"minecraft:vine":3,"minecraft:crafting_table":2,"minecraft:oak_slab":30,"botanypots:hopper_botany_pot":1,"minecraft:white_bed":2,"minecraft:campfire":37,"tconstruct:seared_basin":3,"minecraft:oak_log":2,"refinedstorage:cable":72,"refinedstorageaddons:creative_wireless_crafting_grid":2,"ftbjarmod:tube":2,"minecraft:apple":1,"tconstruct:seared_table":1,"tconstruct:part_chest":1,"refinedstorage:crafting_grid":1,"minecraft:jungle_stairs":31,"minecraft:spruce_trapdoor":12,"mob_grinding_utils:absorption_hopper":1,"minecraft:cobblestone":486,"tconstruct:seared_melter":6,"mcwtrpdoors:oak_barn_trapdoor":12,"minecraft:bucket":32,"minecraft:sea_pickle":2,"minecraft:stripped_oak_log":48,"storagedrawers:drawer_key":5},"minecraft:killed_by":{"minecraft:player":1},"minecraft:killed":{"minecraft:spider":1,"minecraft:skeleton":4,"minecraft:chicken":91,"minecraft:pig":42,"minecraft:creeper":3,"minecraft:sheep":7,"minecraft:trader_llama":1,"minecraft:donkey":2,"minecraft:zombie":3,"minecraft:cow":7,"thermal:basalz":2,"minecraft:horse":4,"minecraft:llama":15,"minecraft:drowned":1,"minecraft:rabbit":99,"minecraft:wandering_trader":1},"minecraft:dropped":{"akashictome:tome":2,"minecraft:diamond":2,"losttrinkets:turtle_shell":1,"mekanism:creative_fluid_tank":1,"rid:iron_cluster":9,"mob_grinding_utils:tank":1,"tconstruct:sword":1,"minecraft:dirt":1,"rid:aluminum_cluster":2,"minecraft:sand":1,"rid:silver_cluster":1,"tconstruct:pickaxe":1,"ftbsluice:iron_mesh":1,"minecraft:leather_chestplate":1,"tconstruct:small_blade":1,"minecraft:arrow":1,"obsidianboat:obsidianboat":1,"minecraft:bread":22,"minecraft:iron_ingot":6,"bloodmagic:reinforcedslate":1,"rid:gold_cluster":34,"minecraft:feather":1,"rid:osmium_cluster":1,"rid:lead_cluster":2,"tconstruct:broad_axe_head":1,"rid:copper_cluster":12,"minecraft:music_disc_ward":1,"minecraft:bucket":3,"mysticalagradditions:inferium_paxel":1,"rid:tin_cluster":1,"mekanismtools:diamond_paxel":1,"minecraft:dark_oak_sign":2,"minecraft:clay_ball":76,"mysticalagradditions:supremium_paxel":1,"immersiveengineering:hammer":1,"pipez:fluid_pipe":1,"ftbsluice:stone_hammer":2,"rid:nickel_cluster":2,"minecraft:oak_boat":1,"ftbsluice:oak_sluice":1,"minecraft:bow":1,"rid:iron_chunk":32},"minecraft:picked_up":{"tconstruct:tough_handle_cast":1,"minecraft:wheat":281,"refinedstorage:speed_upgrade":1,"tconstruct:pickaxe_head_cast":1,"rid:osmium_chunk":16,"cb_microblock:microblock":5,"tconstruct:broad_axe_head":3,"minecraft:lead":1,"minecraft:oak_stairs":70,"minecraft:turtle_egg":1,"minecraft:enchanted_book":2,"chisel:iron_chisel":2,"tconstruct:hammer_head_cast":1,"tconstruct:broad_axe_head_cast":1,"minecraft:string":22,"tconstruct:smeltery_controller":1,"integrateddynamics:menril_log":4,"thermal:barley_seeds":2,"tconstruct:hand_axe":1,"rid:iron_chunk":74,"minecraft:sea_pickle":8,"tconstruct:ingot_cast":1,"mysticalagriculture:inferium_essence":72,"cobblefordays:tier_1":13,"minecraft:gold_nugget":10,"minecraft:bucket":3,"minecraft:furnace":5,"minecraft:golden_helmet":1,"minecraft:stick":50,"ftbsluice:stone_hammer":2,"minecraft:oak_fence":55,"minecraft:torch":28,"minecraft:porkchop":91,"rid:tin_chunk":20,"tconstruct:seared_faucet":3,"mob_grinding_utils:saw":1,"thermal:flax_seeds":2,"minecraft:rabbit_foot":12,"minecraft:golden_chestplate":3,"minecraft:cauldron":3,"rid:1x_compressed_cobblestone":2,"tconstruct:small_blade":2,"thermal:apatite":1,"immersiveengineering:fluid_pipe":5,"enderstorage:ender_tank":1,"botania:manasteel_ingot":2,"tconstruct:large_plate_cast":1,"minecraft:rotten_flesh":7,"thermal:corn_seeds":4,"ftbsluice:dust":132,"minecraft:music_disc_ward":1,"tconstruct:drowned_head":1,"immersiveengineering:shader_bag_common":2,"tconstruct:small_axe_head":2,"tconstruct:seared_fuel_gauge":9,"krate:krate_small":4,"minecraft:iron_bars":3,"minecraft:cobblestone":609,"tconstruct:seared_bricks":5,"minecraft:sponge":16,"thermal:strawberry_block":1,"minecraft:leather_chestplate":1,"minecraft:feather":111,"minecraft:andesite":25,"minecraft:brown_wool":1,"minecraft:chiseled_quartz_block":8,"krate:krate_basic":7,"tconstruct:pickaxe_head":2,"losttrinkets:sticky_mind":1,"trashcans:item_trash_can":1,"cfm:fridge_light":1,"extrastorage:netherite_crafter":2,"notenoughwands:acceleration_wand":1,"immersiveengineering:watermill":1,"minecraft:dirt":976,"fluxnetworks:flux_core":1,"minecraft:lantern":2,"constructionwand:iron_wand":2,"industrialforegoing:mycelial_slimey":1,"pipez:fluid_pipe":5,"minecraft:glass":8,"minecraft:bone":2,"ftbdripper:dripper":1,"minecraft:bow":1,"minecraft:wheat_seeds":547,"storagedrawers:shroud_key":2,"rid:aluminum_chunk":17,"ftbquests:book":2,"ftbsluice:iron_auto_hammer":39,"minecraft:dark_oak_sign":2,"industrialforegoing:range_addon0":2,"cfm:post_box":5,"minecraft:rabbit":48,"refinedstorage:range_upgrade":4,"tconstruct:sky_slime_sapling":1,"minecraft:oak_planks":142,"ftbsluice:iron_mesh":1,"thermal:bell_pepper_seeds":2,"ftbsluice:pump":6,"ftbjarmod:cast_iron_ingot":13,"cottonly:ball":8,"minecraft:sand":1132,"minecraft:jungle_planks":2,"thermal:onion_seeds":2,"minecraft:jungle_slab":17,"minecraft:barrel":21,"mob_grinding_utils:fan":4,"tconstruct:small_axe_head_cast":1,"tconstruct:seared_basin":2,"refinedstorage:wireless_transmitter":1,"constructionwand:stone_wand":1,"thermal:eggplant_seeds":1,"minecraft:bone_meal":1,"botania:skydirt_rod":1,"minecraft:oak_sapling":122,"minecraft:coarse_dirt":1,"minecraft:charcoal":317,"tconstruct:crafting_station":11,"minecraft:crafting_table":3,"minecraft:azure_bluet":28,"minecraft:chicken":107,"minecraft:ladder":2,"minecraft:clay_ball":184,"thermal:machine_output_augment":1,"mob_grinding_utils:absorption_hopper":2,"thermal:cinnabar":1,"cottonly:cotton_seeds":16,"rid:nickel_chunk":17,"tconstruct:sword":1,"rid:mob_soul":106,"rid:iron_cluster":5,"rid:lead_chunk":16,"mysticalagriculture:blitz_seeds":1,"immersiveengineering:ingot_aluminum":1,"mysticalagriculture:pig_seeds":1,"tconstruct:broad_blade_cast":1,"mcwroofs:oak_roof":2,"immersiveengineering:fluid_pump":6,"minecraft:beef":47,"mekanismtools:bronze_chestplate":2,"thermal:niter":1,"tconstruct:earth_slime_sling":1,"minecraft:iron_nugget":4,"minecraft:light_gray_wool":1,"tconstruct:encyclopedia":2,"minecraft:chest":14,"minecraft:spruce_trapdoor":19,"rid:1x_compressed_dirt":6,"minecraft:egg":83,"rid:copper_chunk":90,"losttrinkets:turtle_shell":1,"akashictome:tome":2,"tconstruct:pickaxe":1,"better_diving:wetsuit_leggings":1,"ftbsluice:iron_sluice":4,"rid:silver_chunk":10,"tconstruct:small_blade_cast":1,"minecraft:carrot":5,"minecraft:redstone":6,"minecraft:iron_horse_armor":1,"tconstruct:tool_binding_cast":1,"projectred-core:ruby":1,"minecraft:arrow":6,"immersiveengineering:cloche":5,"minecraft:jungle_stairs":42,"industrialforegoing:straw":1,"tconstruct:tinker_station":6,"minecraft:hay_block":4,"industrialforegoing:wither_builder":1,"rid:gold_chunk":14,"minecraft:gold_ingot":2,"rid:diamond_cluster":2,"tconstruct:part_chest":7,"minecraft:mutton":41,"minecraft:white_wool":27,"minecraft:stripped_oak_log":64,"mysticalagriculture:dye_seeds":1,"tconstruct:part_builder":6,"better_diving:standard_o2_tank":5,"storagedrawers:upgrade_template":4,"minecraft:leather":69,"minecraft:birch_planks":5,"tconstruct:seared_fuel_tank":7,"ftbsluice:oak_sluice":3,"mob_grinding_utils:tank":1,"minecraft:oak_log":264,"minecraft:chainmail_chestplate":3,"tconstruct:tool_handle":2,"minecraft:blue_bed":1,"trashcans:energy_trash_can":1,"ftbjarmod:jar":3,"minecraft:apple":22,"tconstruct:seared_heater":2,"farmersdelight:cooking_pot":4,"minecraft:rabbit_hide":54,"minecraft:iron_ingot":23,"extrastorage:block_1024k":1,"refinedstorage:cable":38,"mekanism:creative_fluid_tank":1,"storagedrawers:oak_full_drawers_1":30,"rftoolsstorage:storage_module0":7,"tconstruct:seared_stone":1,"elevatorid:elevator_white":4,"industrialforegoing:material_stonework_factory":1,"mysticalagradditions:inferium_paxel":1,"minecraft:pumpkin":18,"thermal:copper_ingot":3,"mcwtrpdoors:oak_barn_trapdoor":14,"ftbjarmod:tempered_jar":1,"minecraft:gravel":248,"thermal:frost_melon_seeds":4,"tconstruct:repair_kit_cast":1,"powah:uraninite_raw":1,"mekanismtools:diamond_paxel":1,"obsidianboat:obsidianboat":4,"refinedstorage:importer":8,"powah:energizing_rod_basic":2,"notenoughwands:capturing_wand":1,"ftblibrary:fluid_container":1,"miniutilities:blessed_earth":114,"immersiveengineering:seed":2,"bloodmagic:reinforcedslate":1,"ftbjarmod:cast_iron_nugget":9,"tconstruct:tool_handle_cast":1,"minecraft:gray_wool":1,"tconstruct:seared_melter":5,"cfm:fridge_dark":1,"tconstruct:pattern":115,"mysticalagradditions:supremium_paxel":1,"rftoolsstorage:storage_module1":4,"immersiveengineering:hammer":1,"minecraft:coal":2},"minecraft:custom":{"minecraft:interact_with_crafting_table":80,"minecraft:open_barrel":226,"minecraft:leave_game":5,"minecraft:time_since_death":110722,"minecraft:sprint_one_cm":240465,"minecraft:drop":69,"minecraft:talked_to_villager":1,"minecraft:deaths":1,"minecraft:jump":1090,"minecraft:walk_on_water_one_cm":53158,"minecraft:interact_with_furnace":252,"minecraft:play_one_minute":691333,"minecraft:sleep_in_bed":9,"minecraft:damage_dealt":10067,"minecraft:crouch_one_cm":36020,"minecraft:mob_kills":296,"minecraft:inspect_hopper":30,"minecraft:interact_with_campfire":13,"minecraft:climb_one_cm":433,"minecraft:walk_one_cm":1811651,"minecraft:sneak_time":12340,"minecraft:walk_under_water_one_cm":35350,"minecraft:interact_with_grindstone":1,"minecraft:time_since_rest":110758,"minecraft:damage_taken":2393,"minecraft:use_wand":148,"minecraft:swim_one_cm":2629,"minecraft:fly_one_cm":172563,"minecraft:open_chest":743,"minecraft:fall_one_cm":18989},"minecraft:mined":{"thermal:strawberry_block":1,"minecraft:oak_sapling":1,"ftbsluice:iron_sluice":4,"immersiveengineering:fluid_pipe":5,"tconstruct:tinker_station":6,"minecraft:jungle_slab":15,"tconstruct:seared_bricks":5,"minecraft:spruce_trapdoor":19,"minecraft:grass_block":241,"mob_grinding_utils:absorption_hopper":1,"tconstruct:part_chest":1,"ftbsluice:pump":5,"ftbstructures:green_barrel":4,"cobblefordays:tier_1":13,"mcwroofs:oak_roof":2,"minecraft:barrel":20,"mcwtrpdoors:oak_barn_trapdoor":15,"pipez:fluid_pipe":3,"tconstruct:seared_melter":5,"minecraft:pumpkin":6,"tconstruct:seared_fuel_tank":7,"minecraft:azure_bluet":14,"tconstruct:drowned_wall_head":1,"ftbdripper:dripper":1,"minecraft:oak_stairs":70,"ftbstructures:purple_barrel":2,"tconstruct:seared_fuel_gauge":9,"tconstruct:part_builder":6,"minecraft:soul_fire":3,"cfm:fridge_light":1,"minecraft:torch":3,"industrialforegoing:wither_builder":1,"minecraft:jungle_stairs":38,"minecraft:chest":14,"refinedstorage:importer":8,"ftbstructures:black_barrel":2,"minecraft:cobblestone":22,"minecraft:oak_planks":119,"minecraft:wall_torch":1,"minecraft:petrified_oak_slab":11,"minecraft:cauldron":3,"krate:krate_small":2,"tconstruct:seared_faucet":3,"minecraft:light_gray_stained_glass":4,"storagedrawers:oak_full_drawers_1":30,"minecraft:wheat":3,"refinedstorage:wireless_transmitter":1,"minecraft:grass":35,"cfm:post_box":4,"minecraft:oak_log":189,"immersiveengineering:fluid_pump":6,"minecraft:sand":129,"minecraft:dirt":477,"tconstruct:crafting_station":10,"tconstruct:seared_heater":1,"miniutilities:blessed_earth":82,"minecraft:oak_leaves":74,"trashcans:item_trash_can":1,"immersiveengineering:cloche":2,"krate:krate_basic":7,"minecraft:jungle_planks":2,"ftbjarmod:tempered_jar":1,"refinedstorage:cable":37,"minecraft:hay_block":4,"rid:1x_compressed_dirt":6,"extrastorage:netherite_crafter":1,"ftbstructures:white_barrel":6,"cb_multipart:multipart":7,"minecraft:furnace":5,"tconstruct:seared_stone":1,"minecraft:andesite":25,"minecraft:vine":3,"minecraft:lantern":2,"minecraft:stripped_oak_log":55,"minecraft:stone":147,"farmersdelight:cooking_pot":4,"ftbsluice:iron_auto_hammer":39,"ftbstructures:crate":8,"minecraft:oak_fence":43,"minecraft:crafting_table":3,"tconstruct:seared_basin":2,"minecraft:campfire":96,"enderstorage:ender_tank":2,"minecraft:birch_planks":5,"minecraft:coarse_dirt":1,"tconstruct:smeltery_controller":1,"minecraft:sea_pickle":2,"ftbsluice:oak_sluice":1,"minecraft:grass_path":1,"elevatorid:elevator_white":2,"minecraft:gravel":386,"ftbjarmod:jar":3},"minecraft:broken":{"minecraft:golden_helmet":1,"ftbsluice:stone_hammer":1,"minecraft:golden_hoe":1}},"DataVersion":2586}