{"stats":{"minecraft:killed":{"minecraft:spider":1,"minecraft:skeleton":4,"minecraft:pillager":1,"minecraft:zombie":13,"minecraft:wither_skeleton":1,"minecraft:blaze":3},"minecraft:killed_by":{"minecraft:zombie":1},"minecraft:picked_up":{"minecraft:crafting_table":9,"minecraft:wheat":3,"minecraft:azure_bluet":5,"minecraft:ominous_bottle":2,"minecraft:nether_wart":20,"minecraft:golden_pickaxe":1,"minecraft:gold_block":1,"minecraft:brewing_stand":1,"minecraft:golden_sword":1,"minecraft:cornflower":1,"minecraft:string":2,"minecraft:raw_copper":86,"minecraft:flint_and_steel":1,"minecraft:cobbled_deepslate":8,"minecraft:spruce_planks":11,"minecraft:redstone_torch":10,"minecraft:poppy":4,"minecraft:sugar_cane":33,"minecraft:chest":8,"minecraft:piston":2,"minecraft:furnace":4,"minecraft:egg":1,"minecraft:spruce_pressure_plate":6,"minecraft:stick":41,"minecraft:raw_iron":231,"minecraft:oak_door":5,"minecraft:oak_fence":1,"minecraft:redstone":136,"minecraft:arrow":18,"minecraft:rotten_flesh":23,"minecraft:decorated_pot":2,"minecraft:beetroot_seeds":1,"minecraft:pumpkin_pie":2,"minecraft:nether_bricks":5,"minecraft:hay_block":6,"minecraft:saddle":1,"minecraft:glistering_melon_slice":8,"minecraft:obsidian":3,"minecraft:cobblestone":306,"minecraft:oxeye_daisy":2,"minecraft:basalt":9,"minecraft:repeater":2,"minecraft:potato":141,"minecraft:tuff":2,"minecraft:oak_log":34,"minecraft:lapis_lazuli":28,"minecraft:dirt":355,"minecraft:blue_bed":4,"minecraft:paper":2,"minecraft:lantern":8,"minecraft:white_banner":1,"minecraft:glass":44,"minecraft:bone":8,"minecraft:apple":2,"minecraft:stone_bricks":1,"minecraft:stonecutter":2,"minecraft:bow":2,"minecraft:wheat_seeds":84,"minecraft:grindstone":10,"minecraft:iron_ingot":101,"minecraft:oak_planks":14,"minecraft:soul_sand":20,"minecraft:oak_slab":2,"minecraft:sweet_berries":73,"minecraft:quartz":4,"minecraft:dandelion":20,"minecraft:sand":368,"minecraft:stripped_spruce_log":3,"minecraft:spruce_sapling":51,"minecraft:nether_brick_stairs":2,"minecraft:blast_furnace":1,"minecraft:spruce_log":175,"minecraft:purple_bed":1,"minecraft:diamond":12,"minecraft:spruce_boat":4,"minecraft:lever":2,"knightquest:small_essence":6,"minecraft:emerald":5,"minecraft:oak_sapling":5,"minecraft:netherrack":79,"minecraft:coal":46,"minecraft:hopper":4},"minecraft:broken":{"minecraft:iron_shovel":1,"minecraft:iron_pickaxe":2,"minecraft:wooden_axe":1},"minecraft:mined":{"minecraft:tuff":1,"minecraft:spruce_planks":12,"minecraft:oak_sapling":1,"minecraft:oak_door":2,"minecraft:brewing_stand":1,"minecraft:lever":2,"minecraft:nether_bricks":5,"minecraft:grass_block":320,"minecraft:decorated_pot":1,"minecraft:redstone_wire":11,"minecraft:spruce_leaves":7,"minecraft:hopper":4,"minecraft:oxeye_daisy":1,"minecraft:nether_wart":11,"minecraft:large_fern":1,"minecraft:hay_block":6,"minecraft:furnace":4,"minecraft:stripped_spruce_log":4,"minecraft:azure_bluet":4,"minecraft:nether_brick_stairs":2,"minecraft:potatoes":114,"minecraft:dirt_path":1,"minecraft:spruce_pressure_plate":3,"minecraft:lantern":7,"minecraft:stone":259,"minecraft:oak_slab":2,"minecraft:glass_pane":15,"minecraft:soul_sand":20,"minecraft:basalt":10,"minecraft:dandelion":13,"minecraft:oak_fence":1,"minecraft:crafting_table":9,"minecraft:short_grass":133,"minecraft:blast_furnace":3,"minecraft:poppy":2,"minecraft:chest":9,"minecraft:tall_grass":46,"minecraft:glass":18,"minecraft:cobblestone":50,"minecraft:grindstone":10,"minecraft:sugar_cane":6,"minecraft:oak_planks":14,"minecraft:blue_bed":4,"minecraft:purple_bed":1,"minecraft:repeater":2,"minecraft:redstone_torch":10,"minecraft:wheat":6,"minecraft:sweet_berry_bush":10,"minecraft:spruce_log":179,"minecraft:oak_log":34,"minecraft:sand":195,"minecraft:dirt":34,"minecraft:stonecutter":2,"minecraft:stone_bricks":1,"minecraft:netherrack":84,"minecraft:piston":2,"minecraft:deepslate":4,"minecraft:fern":2},"minecraft:crafted":{"minecraft:oak_door":3,"minecraft:smooth_stone":3,"minecraft:oak_planks":136,"minecraft:furnace":2,"minecraft:blast_furnace":1,"minecraft:piston":7,"minecraft:stone":38,"minecraft:lever":1,"minecraft:spruce_pressure_plate":3,"minecraft:glass_pane":112,"minecraft:hopper":6,"minecraft:repeater":11,"minecraft:iron_boots":1,"minecraft:iron_axe":1,"minecraft:iron_hoe":1,"minecraft:chest":20,"minecraft:spruce_boat":1,"minecraft:oak_fence":12,"minecraft:wheat":54,"minecraft:oak_slab":6,"minecraft:crafting_table":4,"minecraft:spruce_planks":384,"minecraft:iron_helmet":1,"minecraft:wooden_pickaxe":1,"minecraft:iron_sword":1,"minecraft:bucket":1,"minecraft:stone_axe":1,"minecraft:air":0,"minecraft:bread":19,"minecraft:iron_chestplate":1,"minecraft:shield":1,"minecraft:stick":52,"minecraft:iron_ingot":40,"minecraft:iron_pickaxe":3,"minecraft:oak_stairs":12,"minecraft:wooden_axe":1,"minecraft:stone_sword":1,"minecraft:iron_shovel":3,"minecraft:redstone_torch":24},"minecraft:dropped":{"minecraft:wheat_seeds":5,"minecraft:decorated_pot":2,"minecraft:apple":5,"minecraft:oxeye_daisy":2,"minecraft:cornflower":1,"minecraft:string":2,"minecraft:dandelion":20,"minecraft:bone":2,"minecraft:oak_door":1,"minecraft:stone_axe":1,"minecraft:stone_sword":1,"minecraft:rotten_flesh":1,"minecraft:azure_bluet":5,"minecraft:poppy":4,"minecraft:spruce_planks":3,"minecraft:beetroot_seeds":2,"minecraft:stone_bricks":1,"knightquest:small_essence":1,"minecraft:wooden_pickaxe":1},"minecraft:used":{"minecraft:oak_fence":13,"minecraft:stone_sword":24,"minecraft:iron_shovel":503,"minecraft:redstone":24,"minecraft:chest":20,"minecraft:spruce_planks":83,"minecraft:shield":9,"minecraft:iron_sword":77,"minecraft:stone":2,"minecraft:nether_wart":16,"minecraft:oak_door":5,"minecraft:soul_sand":16,"minecraft:brewing_stand":1,"minecraft:dirt":48,"minecraft:hopper":10,"minecraft:snowball":1,"minecraft:glass":18,"minecraft:nether_brick_stairs":2,"minecraft:spruce_boat":3,"minecraft:iron_hoe":81,"minecraft:wooden_axe":70,"minecraft:lava_bucket":1,"minecraft:lantern":8,"minecraft:iron_axe":88,"minecraft:oak_stairs":12,"minecraft:repeater":13,"minecraft:sweet_berries":10,"minecraft:oak_sapling":5,"minecraft:furnace":5,"minecraft:egg":1,"minecraft:potato":94,"minecraft:wheat_seeds":4,"minecraft:water_bucket":39,"minecraft:oak_planks":77,"minecraft:wooden_pickaxe":30,"minecraft:sugar_cane":17,"minecraft:blue_bed":3,"minecraft:stonecutter":2,"minecraft:oak_slab":4,"minecraft:crafting_table":12,"minecraft:blast_furnace":4,"minecraft:spruce_log":40,"minecraft:redstone_torch":12,"minecraft:piston":8,"minecraft:lever":2,"minecraft:iron_pickaxe":462,"minecraft:bread":42,"minecraft:spruce_pressure_plate":3,"minecraft:stone_axe":128,"minecraft:cobblestone":191,"minecraft:purple_bed":1,"minecraft:white_banner":1,"minecraft:grindstone":8,"minecraft:bucket":41,"minecraft:glass_pane":45},"minecraft:custom":{"minecraft:mob_kills":23,"minecraft:inspect_hopper":12,"minecraft:interact_with_crafting_table":68,"minecraft:leave_game":2,"minecraft:time_since_death":247301,"minecraft:sprint_one_cm":348370,"minecraft:walk_one_cm":703431,"minecraft:damage_blocked_by_shield":627,"minecraft:drop":21,"minecraft:talked_to_villager":1,"minecraft:play_time":254915,"minecraft:deaths":1,"minecraft:sneak_time":10774,"minecraft:walk_under_water_one_cm":3954,"minecraft:boat_one_cm":59857,"minecraft:jump":2688,"minecraft:interact_with_blast_furnace":18,"minecraft:walk_on_water_one_cm":22712,"minecraft:total_world_time":254915,"minecraft:interact_with_furnace":75,"minecraft:sleep_in_bed":12,"minecraft:time_since_rest":2757,"minecraft:damage_taken":1557,"minecraft:damage_dealt":3735,"minecraft:swim_one_cm":21327,"minecraft:fly_one_cm":690867,"minecraft:open_chest":246,"minecraft:crouch_one_cm":43771,"minecraft:fall_one_cm":81551}},"DataVersion":3953}