{"stats":{"minecraft:used":{"immersiveengineering:fluid_pump":6,"refinedstorage:exporter":3,"mysticalagriculture:supremium_furnace":2,"minecraft:ladder":9,"trashcans:item_trash_can":2,"minecraft:chest":30,"tconstruct:seared_stone":1,"minecraft:soul_sand":2,"constructionwand:iron_wand":36,"refinedstorage:wireless_transmitter":5,"minecraft:jungle_slab":52,"refinedstorage:detector":1,"simplylight:illuminant_panel":5,"refinedstorage:network_transmitter":1,"minecraft:lava_bucket":29,"minecraft:grass_block":230,"tconstruct:seared_faucet":5,"immersiveengineering:transformer_hv":4,"chisel:factory/rust2":285,"minecraft:bow":5,"minecraft:oak_sapling":32,"minecraft:furnace":5,"minecraft:egg":19,"smallships:oak_cog":1,"elevatorid:elevator_white":4,"mob_grinding_utils:tinted_glass":16,"minecraft:sand":131,"miniutilities:cursed_earth":30,"enderstorage:ender_tank":1,"mob_grinding_utils:ender_inhibitor_on":2,"ftbsluice:iron_auto_hammer":39,"ftbsluice:iron_sluice":4,"mob_grinding_utils:fan":19,"mysticalagradditions:supremium_paxel":1,"miniutilities:blessed_earth":36,"obsidianboat:obsidianboat":11,"minecraft:enchanting_table":1,"cfm:post_box":7,"minecraft:armor_stand":5,"rid:1x_compressed_dirt":7,"refinedstorage:creative_controller":1,"minecraft:torch":109,"tconstruct:seared_drain":1,"minecraft:anvil":1,"ftbjarmod:tempered_jar":3,"minecraft:oak_fence_gate":16,"tconstruct:seared_heater":1,"mysticalagriculture:infusion_pedestal":8,"ftbsluice:iron_hammer":486,"minecraft:barrel":18,"cobblefordays:tier_1":13,"cfm:fridge_light":1,"cb_microblock:microblock":2,"farmersdelight:cooking_pot":4,"minecraft:wheat_seeds":1,"minecraft:water_bucket":6,"ftbsluice:gold_auto_hammer":10,"minecraft:cauldron":4,"minecraft:polished_blackstone_bricks":5,"krate:krate_small":2,"minecraft:vine":3,"minecraft:crafting_table":2,"minecraft:oak_slab":30,"mekanism:creative_fluid_tank":2,"botanypots:hopper_botany_pot":21,"minecraft:white_bed":2,"minecraft:campfire":37,"minecraft:oak_log":2,"refinedstorageaddons:creative_wireless_crafting_grid":3,"immersiveengineering:connector_hv_relay":22,"tconstruct:seared_table":1,"tconstruct:part_chest":1,"refinedstorage:crafting_grid":1,"minecraft:spruce_trapdoor":12,"mob_grinding_utils:absorption_hopper":5,"dimpaintings:nether_painting":33,"tconstruct:seared_melter":7,"minecraft:cobblestone":1090,"mcwtrpdoors:oak_barn_trapdoor":12,"minecraft:stripped_oak_log":50,"mysticalagriculture:infusion_altar":2,"mob_grinding_utils:entity_spawner":2,"krate:krate_basic":7,"tconstruct:seared_fuel_tank":9,"extrastorage:netherite_crafter":1,"minecraft:milk_bucket":3,"minecraft:obsidian":37,"blockcarpentry:frame_slab":3,"ftbsluice:stone_hammer":412,"minecraft:lantern":3,"minecraft:polished_blackstone_brick_wall":21,"mysticalagriculture:prudentium_furnace":2,"refinedstorage:importer":61,"mob_grinding_utils:tank_sink":3,"minecraft:repeater":4,"minecraft:redstone_lamp":25,"farmersdelight:cutting_board":1,"tconstruct:seared_fuel_gauge":13,"tconstruct:smeltery_controller":2,"refinedstorage:disk_drive":1,"minecraft:end_rod":1,"ftbjarmod:auto_processing_block":2,"minecraft:oak_planks":176,"mob_grinding_utils:xp_tap":2,"minecraft:blue_bed":1,"mekanismtools:lapis_lazuli_axe":1,"minecraft:golden_hoe":1,"immersiveengineering:wirecoil_steel":94,"minecraft:sponge":1,"mob_grinding_utils:saw":13,"minecraft:lever":45,"mysticalagradditions:inferium_paxel":1,"cobblefordays:tier_3":5,"minecraft:bread":137,"immersiveengineering:connector_hv":40,"minecraft:gravel":488,"ftbjarmod:jar":5,"ftbdripper:dripper":1,"tconstruct:crafting_station":13,"storagedrawers:oak_full_drawers_1":35,"minecraft:oak_fence":105,"krate:krate_big":1,"mob_grinding_utils:jumbo_tank":4,"minecraft:flint_and_steel":9,"minecraft:redstone":46,"tconstruct:drowned_head":1,"minecraft:wooden_shovel":34,"minecraft:dirt":614,"minecraft:hopper":22,"tconstruct:hand_axe":1,"immersiveengineering:fluid_pipe":5,"tconstruct:seared_bricks":198,"dimpaintings:overworld_painting":1,"minecraft:granite":1,"mcwroofs:oak_roof":2,"minecraft:oak_stairs":63,"tconstruct:tinker_station":7,"extrastorage:advanced_exporter":1,"ftbsluice:pump":5,"tconstruct:part_builder":7,"immersiveengineering:cloche":12,"pipez:fluid_pipe":24,"minecraft:cobblestone_stairs":46,"mob_grinding_utils:dreadful_dirt":26,"mob_grinding_utils:xpsolidifier":2,"tconstruct:seared_basin":6,"smallships:oak_brigg":2,"ftbjarmod:tube":4,"refinedstorage:cable":180,"minecraft:apple":1,"minecraft:jungle_stairs":35,"ftbsluice:diamond_auto_hammer":3,"powah:energy_cell_creative":1,"minecraft:bucket":34,"minecraft:sea_pickle":2,"storagedrawers:drawer_key":5,"immersiveengineering:connector_structural":1,"chisel:factory/rustplates":100},"minecraft:broken":{"ftbsluice:stone_hammer":1,"minecraft:golden_helmet":1,"constructionwand:iron_wand":2,"minecraft:golden_hoe":1},"minecraft:killed_by":{"minecraft:zombified_piglin":1,"minecraft:blaze":1,"minecraft:player":1},"minecraft:custom":{"minecraft:interact_with_crafting_table":80,"minecraft:open_barrel":229,"minecraft:leave_game":7,"minecraft:time_since_death":80120,"immersiveengineering:wire_deaths":1,"minecraft:deaths":4,"minecraft:jump":2105,"minecraft:enchant_item":26,"minecraft:interact_with_furnace":284,"minecraft:sleep_in_bed":14,"minecraft:damage_dealt":30563,"minecraft:inspect_dispenser":1,"minecraft:interact_with_smithing_table":1,"minecraft:interact_with_anvil":3,"minecraft:inspect_hopper":44,"minecraft:sneak_time":29525,"minecraft:time_since_rest":5264,"minecraft:use_wand":424,"minecraft:swim_one_cm":331411,"minecraft:fly_one_cm":531320,"minecraft:open_chest":885,"minecraft:fall_one_cm":37669,"minecraft:sprint_one_cm":421368,"minecraft:drop":236,"minecraft:talked_to_villager":1,"minecraft:walk_on_water_one_cm":477168,"minecraft:play_one_minute":1158301,"minecraft:player_kills":3,"minecraft:crouch_one_cm":83971,"minecraft:mob_kills":443,"minecraft:interact_with_campfire":13,"minecraft:climb_one_cm":6559,"minecraft:walk_one_cm":2778876,"minecraft:walk_under_water_one_cm":267775,"minecraft:boat_one_cm":282199,"minecraft:interact_with_grindstone":3,"minecraft:damage_taken":6347},"minecraft:killed":{"tconstruct:earth_slime":1,"minecraft:skeleton":17,"minecraft:guardian":3,"minecraft:chicken":109,"thermal:blitz":2,"minecraft:donkey":6,"minecraft:zombie":7,"minecraft:cow":15,"thermal:basalz":2,"minecraft:horse":9,"minecraft:rabbit":105,"minecraft:wandering_trader":1,"minecraft:zombified_piglin":14,"minecraft:spider":1,"minecraft:piglin_brute":3,"minecraft:piglin":6,"minecraft:pig":64,"minecraft:strider":2,"minecraft:creeper":3,"minecraft:sheep":20,"minecraft:trader_llama":2,"minecraft:stray":1,"minecraft:blaze":6,"minecraft:llama":21,"minecraft:drowned":4,"minecraft:wither_skeleton":4},"minecraft:dropped":{"akashictome:tome":2,"minecraft:lapis_lazuli":137,"minecraft:diamond":2,"losttrinkets:turtle_shell":1,"mekanism:creative_fluid_tank":1,"rid:iron_cluster":9,"miniutilities:blessed_earth":1,"mob_grinding_utils:tank":1,"chisel:andesite/soft_bricks":5,"minecraft:leather_helmet":1,"tconstruct:sword":1,"thermal:flax_seeds":3,"minecraft:dirt":6,"minecraft:chain":4,"minecraft:gold_nugget":29,"minecraft:sand":158,"tconstruct:sky_slime_ball":12,"minecraft:birch_stairs":9,"minecraft:white_wool":33,"losttrinkets:broken_heart_1":1,"minecraft:bone":15,"tconstruct:pickaxe":1,"mysticalagriculture:inferium_farmland":1,"minecraft:music_disc_chirp":1,"better_diving:wetsuit_leggings":1,"ftbsluice:iron_mesh":1,"minecraft:obsidian":8,"cfm:post_box":2,"minecraft:rotten_flesh":1,"losttrinkets:sticky_mind":2,"refinedstorage:silicon":32,"minecraft:charcoal":2,"mysticalagriculture:inferium_essence":4,"minecraft:jungle_log":44,"minecraft:music_disc_mall":2,"minecraft:leather_boots":1,"minecraft:spruce_slab":1,"minecraft:glass":9,"farmersdelight:tomato_seeds":1,"minecraft:enchanted_book":2,"minecraft:iron_ingot":6,"rid:gold_cluster":34,"minecraft:feather":1,"minecraft:cobblestone":129,"minecraft:apple":3,"minecraft:granite":2,"minecraft:chainmail_helmet":1,"minecraft:coal":3,"minecraft:end_rod":4,"minecraft:diamond_horse_armor":2,"minecraft:sponge":7,"rid:1x_compressed_sand":2,"minecraft:chainmail_leggings":2,"minecraft:string":17,"mysticalagradditions:inferium_paxel":1,"simplyjetpacks:jetpack_mek2":1,"minecraft:stone_sword":1,"minecraft:dark_oak_sign":5,"powah:energy_cell_creative":1,"minecraft:clay_ball":76,"minecraft:stone_slab":34,"immersiveengineering:hammer":1,"ftbsluice:stone_hammer":2,"rid:nickel_cluster":2,"minecraft:stone":59,"minecraft:sea_pickle":7,"minecraft:spruce_trapdoor":1,"ftbsluice:oak_sluice":1,"minecraft:bow":1,"rid:iron_chunk":32,"pipez:wrench":1,"minecraft:crimson_nylium":2,"simplylight:edge_light":1,"tconstruct:sky_slime_dirt":192,"minecraft:warped_fungus":3,"minecraft:leather":6,"minecraft:iron_horse_armor":2,"minecraft:polished_blackstone_brick_wall":18,"rid:aluminum_cluster":2,"refinedstorageaddons:creative_wireless_crafting_grid":1,"minecraft:dispenser":1,"minecraft:polished_blackstone_brick_stairs":5,"minecraft:mutton":4,"better_diving:rebreather":1,"minecraft:cut_sandstone":384,"tconstruct:small_axe_head":3,"better_diving:ultra_glide_fins":1,"industrialforegoing:straw":1,"rid:silver_cluster":1,"minecraft:gravel":48,"miniutilities:iron_spikes":1,"minecraft:blackstone":64,"losttrinkets:tha_cloud":1,"glassential:glass_ethereal_reverse":8,"better_diving:standard_o2_tank":3,"minecraft:chainmail_chestplate":4,"minecraft:leather_chestplate":1,"minecraft:chainmail_boots":1,"tconstruct:small_blade":1,"minecraft:basalt":20,"minecraft:arrow":6,"obsidianboat:obsidianboat":1,"better_diving:improved_wetsuit_leggings":1,"minecraft:netherrack":32,"rid:mob_soul":4,"minecraft:bread":22,"bloodmagic:reinforcedslate":1,"minecraft:golden_helmet":1,"farmersdelight:tree_bark":1,"rid:osmium_cluster":1,"rid:lead_cluster":2,"mysticalagriculture:iron_seeds":1,"minecraft:leather_horse_armor":2,"tconstruct:broad_axe_head":1,"rid:1x_compressed_cobblestone":2,"minecraft:brown_wool":1,"rid:copper_cluster":12,"minecraft:music_disc_ward":1,"minecraft:music_disc_wait":1,"minecraft:bucket":5,"minecraft:music_disc_cat":1,"rid:tin_cluster":1,"minecraft:dandelion":1,"mekanismtools:diamond_paxel":1,"better_diving:high_capacity_o2_tank":1,"minecraft:blaze_rod":16,"integrateddynamics:menril_log":8,"mysticalagradditions:supremium_paxel":1,"better_diving:fins":1,"pipez:fluid_pipe":1,"minecraft:andesite":5,"minecraft:golden_leggings":1,"mysticalagriculture:refined_obsidian_seeds":1,"minecraft:oak_boat":1,"minecraft:golden_sword":1,"mysticalagriculture:supremium_farmland":49,"minecraft:spruce_log":64},"minecraft:crafted":{"pipez:wrench":1,"minecraft:smooth_stone":20,"ftbsluice:gold_auto_hammer":10,"immersiveengineering:hammer":7,"thermal:iron_plate":13,"mekanism:ingot_osmium":1,"immersiveengineering:fluid_pipe":8,"rid:titanium_cluster":59,"ftbsluice:oak_sluice":1,"tconstruct:broad_blade":1,"minecraft:lever":10,"minecraft:cooked_mutton":5,"tconstruct:seared_melter":1,"tconstruct:hand_axe":2,"minecraft:glass":72,"rid:lapis_cluster":42,"rid:nickel_cluster":134,"tconstruct:broad_axe_head":1,"rid:copper_cluster":578,"tconstruct:pickaxe_head":2,"tconstruct:tough_handle":1,"minecraft:cooked_rabbit":4,"minecraft:flower_pot":1,"minecraft:cooked_porkchop":69,"minecraft:gravel":198,"storagedrawers:oak_full_drawers_1":5,"tconstruct:tool_handle":7,"minecraft:campfire":1,"ftbsluice:diamond_auto_hammer":3,"minecraft:painting":11,"tconstruct:sword":4,"rid:osmium_cluster":159,"constructionwand:stone_wand":1,"minecraft:iron_block":4,"minecraft:gold_ingot":269,"rid:redstone_cluster":68,"tconstruct:large_plate":1,"thermal:tin_ingot":3,"rid:1x_compressed_stone":10,"minecraft:golden_carrot":14,"tconstruct:part_builder":1,"minecraft:iron_nugget":39,"mysticalagriculture:inferium_farmland":1,"thermal:copper_ingot":91,"tconstruct:repair_kit":1,"tconstruct:seared_basin":1,"mekanism:ingot_uranium":28,"tconstruct:tinker_station":1,"minecraft:terracotta":5,"minecraft:netherrack":96,"immersiveengineering:fluid_pump":1,"botanypots:botany_pot":14,"thermal:silver_ingot":26,"minecraft:ladder":12,"krate:krate_basic":2,"ftbsluice:gold_hammer":10,"rid:iron_cluster":461,"minecraft:wheat":54,"smallships:oak_cog":1,"mysticalagriculture:inferium_seeds":1,"minecraft:enchanting_table":1,"minecraft:wheat_seeds":1,"tconstruct:hammer_head":1,"rid:aluminum_cluster":190,"minecraft:glowstone":3,"ftbsluice:iron_auto_hammer":10,"tconstruct:seared_heater":1,"thermal:lead_ingot":34,"minecraft:flint":64,"minecraft:oak_stairs":28,"minecraft:armor_stand":5,"minecraft:white_bed":2,"krate:krate_small":6,"ftbdripper:dripper":2,"miniutilities:iron_spikes":1,"rid:emerald_cluster":26,"tconstruct:grout":1498,"miniutilities:wooden_spikes":1,"minecraft:brick":3,"minecraft:oak_planks":536,"rid:gold_cluster":139,"rid:uranium_cluster":78,"minecraft:cooked_chicken":78,"minecraft:sand":243,"minecraft:cobblestone_stairs":44,"minecraft:stone":68,"tconstruct:tool_binding":4,"mob_grinding_utils:tank":1,"ftbjarmod:tempered_glass":32,"ftbsluice:diamond_hammer":3,"ftbsluice:iron_hammer":10,"minecraft:hopper":37,"thermal:iron_dust":23,"minecraft:bow":26,"rid:2x_compressed_stone":1,"ftbsluice:stone_hammer":1,"tconstruct:seared_brick":106,"minecraft:chest":33,"tconstruct:seared_fuel_tank":1,"rid:1x_compressed_cobblestone":10,"minecraft:oak_button":3,"tconstruct:small_axe_head":2,"minecraft:stone_hoe":1,"ftbjarmod:cast_iron_nugget":9,"ftbjarmod:cast_iron_gear":6,"minecraft:dropper":1,"tconstruct:small_blade":2,"minecraft:oak_slab":78,"minecraft:cauldron":1,"minecraft:crafting_table":1,"constructionwand:iron_wand":2,"botania:manasteel_ingot":15,"rid:diamond_cluster":7,"ftbjarmod:cast_iron_ingot":1,"cobblefordays:tier_1":5,"farmersdelight:cutting_board":1,"thermal:nickel_ingot":5,"minecraft:string":4,"minecraft:book":1,"minecraft:stick":136,"minecraft:iron_ingot":289,"rid:tin_cluster":164,"smallships:oak_brigg":2,"tconstruct:seared_bricks":171,"tconstruct:seared_fuel_gauge":3,"obsidianboat:obsidianboat":1,"minecraft:wooden_sword":3,"tconstruct:pickaxe":1,"tconstruct:pattern":6,"minecraft:redstone":1134,"krate:krate_big":1,"minecraft:piston":1,"thermal:copper_block":3,"ftbjarmod:tempered_jar":1,"minecraft:glass_pane":48,"minecraft:flint_and_steel":1,"ftbjarmod:tube":12,"mekanism:ingot_refined_obsidian":88,"tconstruct:seared_table":1,"immersiveengineering:component_iron":1,"trashcans:item_trash_can":1,"minecraft:cooked_beef":19,"botania:fertilizer":1,"ftbjarmod:jar":1,"smallships:sail_item":5,"minecraft:iron_sword":3,"minecraft:dirt":54,"minecraft:bucket":2,"tconstruct:seared_drain":1,"minecraft:air":967,"minecraft:bread":187,"minecraft:jungle_planks":64,"minecraft:oak_boat":10,"botanypots:hopper_botany_pot":5,"ftbjarmod:auto_processing_block":1,"tconstruct:crafting_station":2,"rid:lead_cluster":173,"tconstruct:seared_faucet":2,"minecraft:anvil":1,"mob_grinding_utils:jumbo_tank":1,"minecraft:torch":108,"minecraft:lapis_lazuli":9,"minecraft:clay":306},"minecraft:mined":{"minecraft:dark_prismarine_stairs":28,"thermal:strawberry_block":1,"ftbstructures:red_barrel":13,"minecraft:jungle_leaves":1,"minecraft:obsidian":59,"mcwbridges:iron_bridge_pier":21,"minecraft:granite":124,"minecraft:jungle_log":80,"chisel:factory/rustplates":138,"tconstruct:part_chest":1,"minecraft:hopper":3,"minecraft:spawner":12,"minecraft:weeping_vines_plant":1,"minecraft:polished_blackstone_bricks":275,"minecraft:tall_seagrass":6,"minecraft:magma_block":4,"chisel:andesite/soft_bricks":134,"minecraft:barrel":20,"minecraft:fire":6,"mcwroofs:oak_roof":2,"pipez:fluid_pipe":5,"tconstruct:seared_melter":6,"minecraft:pumpkin":6,"minecraft:twisting_vines":1,"tconstruct:earth_slime_leaves":128,"ftbdripper:dripper":1,"minecraft:oak_stairs":159,"ftbstructures:golden_barrel":11,"mcwdoors:metal_warning_door":1,"ftbstructures:purple_barrel":19,"minecraft:tripwire":9,"minecraft:cut_sandstone":514,"tconstruct:part_builder":6,"chisel:glowstone/extra/bismuth":5,"minecraft:kelp_plant":34,"minecraft:soul_fire":5,"minecraft:blue_stained_glass":1,"minecraft:torch":4,"cfm:fridge_light":1,"ftbstructures:pulsating_crate":3,"industrialforegoing:wither_builder":1,"refinedstorage:importer":29,"ftbstructures:black_barrel":11,"minecraft:chain":1,"tconstruct:seared_faucet":3,"minecraft:light_gray_stained_glass":8,"minecraft:wheat":3,"storagedrawers:oak_full_drawers_1":30,"refinedstorage:wireless_transmitter":1,"minecraft:grass":59,"cfm:post_box":4,"mekanism:creative_fluid_tank":1,"miniutilities:blessed_earth":86,"minecraft:dark_prismarine":2,"minecraft:mossy_cobblestone":2,"minecraft:sea_lantern":52,"refinedstorage:exporter":2,"minecraft:nether_bricks":222,"minecraft:jungle_planks":4,"ftbstructures:white_barrel":23,"tconstruct:seared_stone":1,"minecraft:andesite":567,"chisel:marble/raw":139,"minecraft:vine":6,"tconstruct:earth_congealed_slime":209,"minecraft:birch_stairs":9,"mob_grinding_utils:saw":1,"minecraft:soul_sand":3,"minecraft:polished_blackstone_brick_wall":42,"minecraft:dandelion":1,"minecraft:campfire":126,"enderstorage:ender_tank":2,"minecraft:tall_grass":5,"chisel:factory/rust2":574,"minecraft:diorite":110,"minecraft:coarse_dirt":1,"tconstruct:smeltery_controller":1,"mob_grinding_utils:tank_sink":1,"minecraft:gravel":510,"mysticalagriculture:prudentium_furnace":1,"tconstruct:sky_congealed_slime":159,"minecraft:oak_sapling":1,"ftbsluice:iron_sluice":4,"immersiveengineering:fluid_pipe":5,"tconstruct:tinker_station":6,"minecraft:jungle_slab":15,"minecraft:cobblestone_stairs":2,"tconstruct:seared_bricks":41,"minecraft:spruce_trapdoor":49,"minecraft:grass_block":266,"minecraft:cracked_polished_blackstone_bricks":67,"minecraft:polished_diorite":2,"mob_grinding_utils:absorption_hopper":1,"ftbsluice:pump":5,"ftbstructures:green_barrel":22,"minecraft:gilded_blackstone":64,"cobblefordays:tier_1":13,"ftbjarmod:tube":2,"minecraft:glowstone":64,"mcwtrpdoors:oak_barn_trapdoor":16,"integratedterminals:menril_glass":70,"tconstruct:seared_fuel_tank":8,"minecraft:azure_bluet":15,"tconstruct:drowned_wall_head":1,"tconstruct:sky_slime_dirt":64,"minecraft:spruce_slab":13,"tconstruct:seared_fuel_gauge":11,"mob_grinding_utils:fan":8,"mysticalagriculture:infusion_altar":2,"minecraft:blackstone":296,"minecraft:soul_lantern":7,"minecraft:clay":14,"chisel:stone_bricks/ornate":44,"minecraft:jungle_stairs":42,"tconstruct:greenheart_log":20,"minecraft:chest":24,"minecraft:cobblestone":154,"minecraft:oak_planks":179,"mcwfences:railing_blackstone_wall":42,"minecraft:wall_torch":2,"minecraft:petrified_oak_slab":22,"minecraft:cauldron":3,"krate:krate_small":2,"ftbstructures:blue_barrel":7,"ftbjarmod:auto_processing_block":1,"minecraft:oak_log":233,"immersiveengineering:fluid_pump":6,"minecraft:dirt":595,"chisel:factory/vent":6,"minecraft:sand":296,"tconstruct:crafting_station":10,"tconstruct:seared_heater":1,"minecraft:tripwire_hook":2,"minecraft:dispenser":1,"minecraft:netherrack":64,"mysticalagriculture:infusion_pedestal":8,"minecraft:oak_leaves":78,"trashcans:item_trash_can":1,"minecraft:red_stained_glass":64,"immersiveengineering:cloche":2,"krate:krate_basic":7,"simplylight:illuminant_panel":4,"minecraft:lever":2,"ftbsluice:gold_auto_hammer":3,"ftbjarmod:tempered_jar":2,"refinedstorage:cable":47,"chisel:factory/wireframe":28,"minecraft:hay_block":4,"rid:1x_compressed_dirt":6,"extrastorage:netherite_crafter":1,"mob_grinding_utils:xp_tap":1,"cb_multipart:multipart":7,"minecraft:furnace":5,"botanypots:hopper_botany_pot":4,"minecraft:gold_block":33,"minecraft:nether_brick_fence":2,"minecraft:lantern":5,"minecraft:stripped_oak_log":58,"minecraft:stone":3254,"mysticalagriculture:inferium_furnace":2,"farmersdelight:cooking_pot":4,"ftbsluice:iron_auto_hammer":39,"chisel:basalt/raw":329,"minecraft:basalt":27,"ftbstructures:crate":33,"minecraft:oak_fence":43,"minecraft:crafting_table":4,"minecraft:blackstone_slab":24,"tconstruct:seared_basin":5,"minecraft:stone_slab":34,"chisel:glowstone/extra/tiles_large_bismuth":1,"minecraft:polished_blackstone_brick_stairs":5,"minecraft:birch_planks":5,"minecraft:sea_pickle":2,"tconstruct:skyroot_log":26,"ftbsluice:oak_sluice":1,"minecraft:grass_path":2,"minecraft:warped_hyphae":6,"elevatorid:elevator_white":2,"minecraft:end_rod":1,"ftbjarmod:jar":4,"blockcarpentry:frame_slab":44},"minecraft:picked_up":{"losttrinkets:broken_heart_3":1,"refinedstorage:speed_upgrade":1,"minecraft:chainmail_boots":1,"minecraft:creeper_head":37,"minecraft:lead":2,"minecraft:stone_slab":34,"mcwbridges:iron_bridge_pier":21,"minecraft:oak_stairs":70,"minecraft:enchanted_book":5,"tconstruct:hammer_head_cast":1,"minecraft:golden_sword":2,"blockcarpentry:frame_slab":83,"minecraft:music_disc_cat":1,"minecraft:polished_blackstone_brick_stairs":5,"minecraft:string":112,"tconstruct:smeltery_controller":1,"thermal:barley_seeds":2,"tconstruct:hand_axe":1,"tconstruct:ingot_cast":1,"mysticalagriculture:inferium_essence":150,"minecraft:gold_nugget":55,"losttrinkets:broken_heart_1":2,"mysticalagriculture:infusion_altar":2,"minecraft:enchanted_golden_apple":1,"rid:emerald_cluster":5,"minecraft:golden_helmet":2,"minecraft:music_disc_blocks":1,"ftbsluice:stone_hammer":2,"minecraft:jukebox":2,"rid:tin_chunk":22,"mysticalagriculture:inferium_seeds":3,"mob_grinding_utils:saw":3,"tconstruct:seared_faucet":3,"mcwdoors:metal_warning_door":1,"minecraft:cauldron":3,"minecraft:golden_chestplate":3,"minecraft:rabbit_foot":13,"tconstruct:small_blade":2,"thermal:apatite":2,"tconstruct:nether_grout":12,"miniutilities:experience_pearl_1x":2,"botania:manasteel_ingot":2,"minecraft:stone_sword":1,"tconstruct:large_plate_cast":1,"ftbsluice:dust":132,"tconstruct:drowned_head":1,"immersiveengineering:shader_bag_common":2,"tconstruct:small_axe_head":5,"minecraft:end_rod":5,"tconstruct:seared_fuel_gauge":11,"minecraft:blaze_rod":36,"chisel:andesite/soft_bricks":133,"minecraft:iron_bars":3,"mob_grinding_utils:fan_upgrade_height":3,"minecraft:sponge":24,"thermal:strawberry_block":1,"minecraft:magma_block":4,"minecraft:feather":131,"tconstruct:greenheart_log":20,"minecraft:jungle_log":80,"minecraft:brown_wool":2,"krate:krate_basic":7,"minecraft:flint":1,"chisel:factory/vent":6,"botania:terraform_rod":1,"losttrinkets:sticky_mind":3,"trashcans:item_trash_can":1,"cfm:fridge_light":1,"mob_grinding_utils:tank_sink":1,"extrastorage:netherite_crafter":2,"immersiveengineering:watermill":1,"fluxnetworks:flux_core":1,"minecraft:lantern":9,"industrialforegoing:mycelial_slimey":1,"mysticalagriculture:inferium_furnace":2,"pipez:fluid_pipe":7,"minecraft:warped_hyphae":4,"storagedrawers:shroud_key":2,"ftbquests:book":2,"minecraft:dark_oak_sign":5,"rid:titanium_cluster":13,"industrialforegoing:range_addon0":2,"minecraft:rabbit":51,"refinedstorage:range_upgrade":4,"minecraft:glowstone_dust":46,"tconstruct:sky_slime_sapling":12,"ftbsluice:iron_mesh":1,"ftbjarmod:cast_iron_ingot":13,"ftbsluice:sluice_speed_upgrade":2,"thermal:onion_seeds":2,"minecraft:barrel":21,"minecraft:dispenser":1,"refinedstorage:wireless_transmitter":1,"constructionwand:stone_wand":1,"minecraft:lever":5,"better_diving:ultra_glide_fins":2,"thermal:eggplant_seeds":1,"minecraft:granite":39,"mysticalagriculture:prudentium_furnace":2,"minecraft:chainmail_helmet":3,"immersiveengineering:metal_ladder_none":8,"minecraft:crafting_table":4,"minecraft:coarse_dirt":1,"minecraft:nether_wart":7,"minecraft:clay_ball":272,"mob_grinding_utils:absorption_hopper":2,"chisel:factory/rustplates":138,"mysticalagriculture:blitz_seeds":2,"minecraft:red_bed":1,"better_diving:fins":2,"tconstruct:broad_blade_cast":1,"refinedstorage:exporter":1,"immersiveengineering:fluid_pump":6,"minecraft:beef":62,"thermal:niter":3,"minecraft:iron_nugget":4,"minecraft:spruce_slab":1,"rid:1x_compressed_sand":6,"minecraft:chest":23,"minecraft:egg":94,"refinedstorage:silicon":32,"rid:copper_chunk":92,"better_diving:rebreather":2,"minecraft:stone":59,"losttrinkets:turtle_shell":1,"minecraft:music_disc_mellohi":1,"tconstruct:pickaxe":1,"better_diving:wetsuit_leggings":2,"miniutilities:wooden_spikes":1,"farmersdelight:tomato_seeds":2,"tconstruct:sky_slime_dirt":192,"rid:silver_chunk":11,"minecraft:carrot":15,"minecraft:redstone":73,"immersiveengineering:wirecoil_steel":26,"minecraft:prismarine_crystals":74,"mysticalagriculture:inferium_farmland":3,"rid:osmium_cluster":33,"projectred-core:ruby":1,"tconstruct:sky_slime_ball":649,"immersiveengineering:cloche":5,"minecraft:hay_block":8,"ftbsluice:sluice_fortune_upgrade":2,"minecraft:gold_ingot":17,"rid:gold_chunk":14,"rid:diamond_cluster":2,"tconstruct:part_chest":7,"tconstruct:earth_slime_sapling":11,"minecraft:mutton":58,"minecraft:white_wool":101,"minecraft:stripped_oak_log":67,"minecraft:red_mushroom":2,"tconstruct:seared_fuel_tank":8,"mob_grinding_utils:tank":1,"minecraft:oak_log":308,"minecraft:lily_pad":5,"tconstruct:tool_handle":2,"botanypots:hopper_botany_pot":5,"minecraft:blue_bed":1,"mob_grinding_utils:xp_tap":1,"minecraft:apple":25,"tconstruct:seared_heater":2,"farmersdelight:cooking_pot":4,"minecraft:kelp":405,"thermal:tea_seeds":1,"extrastorage:block_1024k":1,"minecraft:glass_bottle":59,"chisel:factory/rust2":573,"mekanism:creative_fluid_tank":2,"rftoolsstorage:storage_module0":7,"elevatorid:elevator_white":4,"industrialforegoing:material_stonework_factory":1,"thermal:blitz_rod":158,"mysticalagradditions:inferium_paxel":1,"thermal:strawberry_seeds":1,"chisel:marble/raw":139,"minecraft:gravel":399,"mcwfences:railing_blackstone_wall":42,"thermal:frost_melon_seeds":5,"minecraft:birch_stairs":9,"tconstruct:repair_kit_cast":1,"powah:uraninite_raw":1,"minecraft:spruce_log":64,"obsidianboat:obsidianboat":8,"minecraft:crying_obsidian":36,"chisel:factory/wireframe":28,"minecraft:leather_helmet":1,"dimpaintings:nether_painting":5,"miniutilities:blessed_earth":119,"minecraft:slime_ball":1950,"immersiveengineering:seed":2,"bloodmagic:reinforcedslate":1,"minecraft:polished_blackstone_brick_wall":42,"ftbsluice:gold_auto_hammer":3,"tconstruct:seared_melter":6,"minecraft:gray_wool":2,"cfm:fridge_dark":3,"losttrinkets:broken_heart_4":1,"better_diving:improved_wetsuit_leggings":2,"minecraft:warped_nylium":4,"minecraft:crimson_nylium":6,"immersiveengineering:hammer":1,"minecraft:hopper":3,"minecraft:ender_pearl":235,"powah:uraninite_raw_dense":1,"tconstruct:tough_handle_cast":1,"minecraft:wheat":288,"cb_microblock:microblock":5,"rid:osmium_chunk":19,"tconstruct:pickaxe_head_cast":1,"tconstruct:broad_axe_head":3,"mysticalagriculture:iron_seeds":1,"minecraft:turtle_egg":2,"minecraft:gilded_blackstone":57,"chisel:iron_chisel":2,"tconstruct:broad_axe_head_cast":1,"thermal:basalz_rod":214,"integrateddynamics:menril_log":12,"minecraft:netherite_ingot":1,"minecraft:zombie_head":57,"rid:iron_chunk":83,"thermal:sulfur":3,"minecraft:sea_pickle":64,"cobblefordays:tier_1":13,"minecraft:bucket":3,"losttrinkets:rock_candy":1,"minecraft:furnace":5,"minecraft:stick":145,"simplylight:illuminant_panel":4,"minecraft:oak_fence":55,"minecraft:torch":32,"losttrinkets:miners_pick":1,"minecraft:porkchop":133,"minecraft:music_disc_pigstep":4,"thermal:flax_seeds":6,"rid:1x_compressed_cobblestone":6,"pipez:wrench":1,"immersiveengineering:fluid_pipe":5,"enderstorage:ender_tank":1,"minecraft:cactus":12,"minecraft:rotten_flesh":660,"thermal:corn_seeds":4,"farmersdelight:tree_bark":47,"minecraft:music_disc_ward":2,"ftbjarmod:tube":2,"rid:lead_cluster":17,"krate:krate_small":6,"minecraft:leather_horse_armor":2,"minecraft:music_disc_wait":1,"minecraft:obsidian":59,"minecraft:cobblestone":1362,"tconstruct:seared_bricks":41,"minecraft:nautilus_shell":2,"rid:nickel_cluster":17,"minecraft:leather_chestplate":1,"minecraft:andesite":149,"minecraft:chiseled_quartz_block":119,"minecraft:golden_leggings":1,"chisel:carpet/gray/llama":16,"minecraft:potato":1,"tconstruct:pickaxe_head":2,"minecraft:wither_skeleton_skull":1,"notenoughwands:acceleration_wand":1,"minecraft:lapis_lazuli":64,"minecraft:dirt":1005,"thermal:rf_coil":4,"constructionwand:iron_wand":2,"powah:dielectric_paste":8,"losttrinkets:magneto":1,"minecraft:name_tag":1,"botania:mana_diamond":4,"minecraft:leather_boots":1,"minecraft:glass":21,"minecraft:bone":301,"thermal:hops_seeds":1,"ftbdripper:dripper":1,"powah:steel_energized":6,"ftbjarmod:auto_processing_block":1,"minecraft:bow":12,"minecraft:wheat_seeds":564,"rid:aluminum_chunk":20,"minecraft:bell":1,"ftbsluice:iron_auto_hammer":39,"cfm:post_box":8,"minecraft:oak_planks":142,"immersiveengineering:connector_hv_relay":1,"ftbsluice:pump":6,"thermal:bell_pepper_seeds":2,"better_diving:titanium_ingot":13,"draconicevolution:draconium_ingot":6,"cottonly:ball":8,"minecraft:jungle_planks":4,"minecraft:sand":1700,"thermal:blizz_rod":265,"minecraft:jungle_slab":17,"mob_grinding_utils:fan":12,"minecraft:mossy_cobblestone":2,"tconstruct:small_axe_head_cast":1,"minecraft:sugar":43,"tconstruct:seared_basin":2,"minecraft:soul_lantern":9,"minecraft:cracked_polished_blackstone_bricks":67,"tconstruct:netherite_nugget":3,"minecraft:bone_meal":1,"chisel:basalt/raw":38,"botania:skydirt_rod":1,"minecraft:oak_sapling":135,"minecraft:netherrack":32,"betterendforge:guidebook":2,"rid:titanium_chunk":1,"minecraft:charcoal":525,"tconstruct:crafting_station":11,"glassential:glass_ethereal_reverse":8,"minecraft:azure_bluet":29,"minecraft:chicken":124,"minecraft:ladder":2,"thermal:machine_output_augment":1,"thermal:cinnabar":4,"minecraft:brown_mushroom":2,"cottonly:cotton_seeds":20,"simplyjetpacks:jetpack_vanilla3":1,"tconstruct:skyroot_log":26,"rid:nickel_chunk":18,"minecraft:gold_block":32,"tconstruct:sword":1,"rid:mob_soul":294,"minecraft:diamond_horse_armor":2,"rid:iron_cluster":5,"minecraft:chain":4,"rid:lead_chunk":16,"mysticalagriculture:infusion_pedestal":8,"immersiveengineering:ingot_aluminum":1,"losttrinkets:dragon_breath":1,"mysticalagriculture:pig_seeds":1,"mcwroofs:oak_roof":2,"better_diving:high_capacity_o2_tank":2,"rid:aluminum_cluster":36,"minecraft:blackstone":92,"losttrinkets:tha_cloud":2,"mekanismtools:bronze_chestplate":2,"tconstruct:earth_slime_sling":1,"minecraft:light_gray_wool":1,"tconstruct:encyclopedia":2,"minecraft:spruce_trapdoor":20,"rid:1x_compressed_dirt":6,"losttrinkets:horseshoe":1,"mysticalagriculture:refined_obsidian_seeds":2,"akashictome:tome":2,"minecraft:polished_blackstone_bricks":274,"ftbsluice:iron_sluice":4,"minecraft:trident":2,"tconstruct:small_blade_cast":1,"minecraft:iron_horse_armor":3,"botania:terrasteel_ingot":2,"mysticalagriculture:supremium_farmland":3,"tconstruct:tool_binding_cast":1,"minecraft:arrow":327,"minecraft:weeping_vines":2,"minecraft:jungle_stairs":46,"industrialforegoing:straw":2,"tconstruct:tinker_station":6,"industrialforegoing:wither_builder":1,"minecraft:saddle":1,"glassential:glass_light":4,"minecraft:petrified_oak_slab":11,"minecraft:soul_campfire":3,"minecraft:skeleton_skull":13,"mob_grinding_utils:fan_upgrade_speed":9,"simplylight:edge_light":1,"losttrinkets:treasure_bag":7,"minecraft:basalt":20,"minecraft:crimson_stem":2,"minecraft:golden_carrot":32,"minecraft:cut_sandstone":384,"better_diving:standard_o2_tank":9,"tconstruct:part_builder":6,"storagedrawers:upgrade_template":8,"mysticalagriculture:dye_seeds":1,"minecraft:leather":99,"minecraft:birch_planks":5,"minecraft:crimson_fungus":3,"ftbsluice:oak_sluice":3,"minecraft:chainmail_chestplate":7,"losttrinkets:karma":1,"minecraft:gunpowder":282,"minecraft:cobblestone_stairs":2,"rid:uranium_cluster":13,"trashcans:energy_trash_can":1,"ftbjarmod:jar":4,"rid:copper_cluster":4,"minecraft:rabbit_hide":57,"minecraft:iron_ingot":29,"thermal:tomato_seeds":1,"refinedstorage:cable":47,"mysticalagriculture:nether_seeds":1,"storagedrawers:oak_full_drawers_1":32,"botania:cosmetic_groucho_glasses":1,"minecraft:soul_sand":34,"minecraft:music_disc_chirp":1,"tconstruct:seared_stone":1,"minecraft:warped_fungus":3,"minecraft:pumpkin":18,"thermal:copper_ingot":3,"mcwtrpdoors:oak_barn_trapdoor":14,"ftbjarmod:tempered_jar":2,"minecraft:dandelion":2,"losttrinkets:ruby_heart":1,"mekanismtools:diamond_paxel":1,"thermal:eggplant_block":1,"rid:tin_cluster":19,"minecraft:white_bed":3,"rid:silver_cluster":20,"minecraft:spider_eye":135,"refinedstorage:importer":29,"powah:energizing_rod_basic":2,"minecraft:stripped_jungle_log":46,"notenoughwands:capturing_wand":2,"minecraft:music_disc_mall":3,"ftblibrary:fluid_container":1,"minecraft:dried_kelp_block":4,"minecraft:campfire":2,"miniutilities:iron_spikes":2,"minecraft:chainmail_leggings":2,"ftbjarmod:cast_iron_nugget":12,"tconstruct:tool_handle_cast":1,"tconstruct:pattern":119,"mysticalagradditions:supremium_paxel":1,"rftoolsstorage:storage_module1":4,"minecraft:black_wool":1,"minecraft:coal":5}},"DataVersion":2586}