{"stats":{"minecraft:dropped":{"akashictome:tome":1},"minecraft:custom":{"minecraft:jump":9,"minecraft:time_since_rest":6731,"minecraft:play_one_minute":6731,"minecraft:sprint_one_cm":414,"minecraft:walk_on_water_one_cm":156,"minecraft:damage_taken":10,"minecraft:time_since_death":6731,"minecraft:walk_one_cm":10944,"minecraft:walk_under_water_one_cm":66,"minecraft:swim_one_cm":417,"minecraft:drop":1,"minecraft:fall_one_cm":209,"minecraft:fly_one_cm":5022,"minecraft:open_barrel":1},"minecraft:mined":{"minecraft:grass":3},"minecraft:picked_up":{"thermal:bell_pepper_seeds":1,"immersiveengineering:seed":1,"akashictome:tome":2}},"DataVersion":2586}