{"stats":{"minecraft:crafted":{"pipez:wrench":1,"ftbsluice:gold_auto_hammer":10,"immersiveengineering:hammer":7,"thermal:iron_plate":13,"mekanism:ingot_osmium":1,"immersiveengineering:fluid_pipe":8,"tconstruct:broad_blade":1,"ftbsluice:oak_sluice":1,"minecraft:lever":2,"minecraft:cooked_mutton":5,"tconstruct:seared_melter":1,"tconstruct:hand_axe":2,"minecraft:glass":72,"tconstruct:broad_axe_head":1,"tconstruct:pickaxe_head":2,"minecraft:cooked_rabbit":4,"tconstruct:tough_handle":1,"minecraft:flower_pot":1,"minecraft:cooked_porkchop":69,"minecraft:gravel":198,"storagedrawers:oak_full_drawers_1":5,"tconstruct:tool_handle":7,"minecraft:campfire":1,"tconstruct:sword":3,"constructionwand:stone_wand":1,"minecraft:iron_block":4,"minecraft:gold_ingot":53,"rid:redstone_cluster":2,"tconstruct:large_plate":1,"thermal:tin_ingot":3,"rid:1x_compressed_stone":10,"tconstruct:part_builder":1,"minecraft:iron_nugget":39,"mysticalagriculture:inferium_farmland":1,"thermal:copper_ingot":91,"tconstruct:repair_kit":1,"tconstruct:seared_basin":1,"mekanism:ingot_uranium":28,"tconstruct:tinker_station":1,"minecraft:terracotta":5,"minecraft:netherrack":96,"immersiveengineering:fluid_pump":1,"botanypots:botany_pot":14,"thermal:silver_ingot":26,"krate:krate_basic":2,"minecraft:ladder":12,"ftbsluice:gold_hammer":10,"rid:iron_cluster":21,"smallships:oak_cog":1,"mysticalagriculture:inferium_seeds":1,"minecraft:enchanting_table":1,"tconstruct:hammer_head":1,"ftbsluice:iron_auto_hammer":10,"tconstruct:seared_heater":1,"thermal:lead_ingot":34,"minecraft:flint":64,"minecraft:oak_stairs":28,"minecraft:white_bed":2,"krate:krate_small":6,"ftbdripper:dripper":2,"miniutilities:iron_spikes":1,"tconstruct:grout":1498,"miniutilities:wooden_spikes":1,"minecraft:brick":3,"minecraft:oak_planks":536,"minecraft:cooked_chicken":78,"minecraft:sand":243,"minecraft:stone":64,"tconstruct:tool_binding":4,"ftbjarmod:tempered_glass":32,"ftbsluice:iron_hammer":10,"minecraft:hopper":37,"thermal:iron_dust":23,"rid:2x_compressed_stone":1,"ftbsluice:stone_hammer":1,"tconstruct:seared_brick":106,"minecraft:chest":33,"tconstruct:seared_fuel_tank":1,"rid:1x_compressed_cobblestone":10,"minecraft:oak_button":3,"tconstruct:small_axe_head":2,"minecraft:stone_hoe":1,"ftbjarmod:cast_iron_nugget":9,"ftbjarmod:cast_iron_gear":6,"tconstruct:small_blade":2,"minecraft:dropper":1,"minecraft:oak_slab":78,"minecraft:cauldron":1,"minecraft:crafting_table":1,"constructionwand:iron_wand":1,"botania:manasteel_ingot":15,"rid:diamond_cluster":1,"ftbjarmod:cast_iron_ingot":1,"cobblefordays:tier_1":5,"farmersdelight:cutting_board":1,"thermal:nickel_ingot":5,"minecraft:string":4,"minecraft:book":1,"minecraft:stick":4,"minecraft:iron_ingot":289,"smallships:oak_brigg":2,"tconstruct:seared_bricks":171,"tconstruct:seared_fuel_gauge":3,"tconstruct:pattern":6,"minecraft:wooden_sword":3,"tconstruct:pickaxe":1,"krate:krate_big":1,"minecraft:piston":1,"thermal:copper_block":3,"ftbjarmod:tempered_jar":1,"minecraft:glass_pane":48,"minecraft:flint_and_steel":1,"ftbjarmod:tube":12,"mekanism:ingot_refined_obsidian":4,"tconstruct:seared_table":1,"immersiveengineering:component_iron":1,"trashcans:item_trash_can":1,"minecraft:cooked_beef":19,"botania:fertilizer":1,"ftbjarmod:jar":1,"smallships:sail_item":5,"minecraft:iron_sword":3,"minecraft:dirt":54,"minecraft:bucket":2,"tconstruct:seared_drain":1,"minecraft:air":966,"minecraft:bread":57,"minecraft:oak_boat":10,"botanypots:hopper_botany_pot":5,"ftbjarmod:auto_processing_block":1,"tconstruct:crafting_station":2,"tconstruct:seared_faucet":2,"minecraft:anvil":1,"minecraft:torch":44,"minecraft:lapis_lazuli":9,"minecraft:clay":306},"minecraft:used":{"immersiveengineering:fluid_pump":6,"refinedstorage:exporter":3,"mysticalagriculture:supremium_furnace":1,"minecraft:ladder":9,"trashcans:item_trash_can":2,"minecraft:chest":30,"tconstruct:seared_stone":1,"minecraft:soul_sand":2,"constructionwand:iron_wand":14,"refinedstorage:wireless_transmitter":4,"minecraft:jungle_slab":52,"refinedstorage:detector":1,"simplylight:illuminant_panel":4,"minecraft:lava_bucket":14,"refinedstorage:network_transmitter":1,"minecraft:grass_block":230,"tconstruct:seared_faucet":5,"chisel:factory/rust2":1,"minecraft:bow":1,"minecraft:furnace":5,"minecraft:oak_sapling":32,"minecraft:egg":19,"smallships:oak_cog":1,"elevatorid:elevator_white":4,"minecraft:sand":131,"enderstorage:ender_tank":1,"ftbsluice:iron_auto_hammer":39,"ftbsluice:iron_sluice":4,"mysticalagradditions:supremium_paxel":1,"miniutilities:blessed_earth":36,"obsidianboat:obsidianboat":5,"minecraft:enchanting_table":1,"cfm:post_box":7,"rid:1x_compressed_dirt":7,"refinedstorage:creative_controller":1,"minecraft:torch":97,"tconstruct:seared_drain":1,"minecraft:anvil":1,"ftbjarmod:tempered_jar":3,"minecraft:oak_fence_gate":16,"tconstruct:seared_heater":1,"mysticalagriculture:infusion_pedestal":8,"ftbsluice:iron_hammer":486,"minecraft:barrel":18,"cobblefordays:tier_1":13,"cb_microblock:microblock":2,"cfm:fridge_light":1,"farmersdelight:cooking_pot":4,"minecraft:wheat_seeds":1,"minecraft:water_bucket":6,"minecraft:cauldron":4,"ftbsluice:gold_auto_hammer":10,"krate:krate_small":2,"minecraft:vine":3,"minecraft:oak_slab":30,"minecraft:crafting_table":2,"mekanism:creative_fluid_tank":1,"botanypots:hopper_botany_pot":21,"minecraft:campfire":37,"minecraft:white_bed":2,"minecraft:oak_log":2,"refinedstorageaddons:creative_wireless_crafting_grid":3,"tconstruct:seared_table":1,"tconstruct:part_chest":1,"refinedstorage:crafting_grid":1,"mob_grinding_utils:absorption_hopper":1,"minecraft:spruce_trapdoor":12,"minecraft:cobblestone":526,"tconstruct:seared_melter":7,"mcwtrpdoors:oak_barn_trapdoor":12,"minecraft:stripped_oak_log":48,"mysticalagriculture:infusion_altar":2,"krate:krate_basic":7,"tconstruct:seared_fuel_tank":9,"extrastorage:netherite_crafter":1,"minecraft:milk_bucket":3,"ftbsluice:stone_hammer":412,"minecraft:lantern":2,"mysticalagriculture:prudentium_furnace":2,"refinedstorage:importer":37,"farmersdelight:cutting_board":1,"tconstruct:seared_fuel_gauge":13,"tconstruct:smeltery_controller":2,"refinedstorage:disk_drive":1,"ftbjarmod:auto_processing_block":2,"minecraft:oak_planks":176,"minecraft:blue_bed":1,"mekanismtools:lapis_lazuli_axe":1,"minecraft:golden_hoe":1,"minecraft:sponge":1,"mysticalagradditions:inferium_paxel":1,"cobblefordays:tier_3":5,"minecraft:bread":92,"minecraft:gravel":488,"ftbjarmod:jar":5,"tconstruct:crafting_station":13,"ftbdripper:dripper":1,"minecraft:oak_fence":105,"storagedrawers:oak_full_drawers_1":35,"krate:krate_big":1,"minecraft:flint_and_steel":5,"tconstruct:drowned_head":1,"minecraft:wooden_shovel":34,"minecraft:dirt":613,"minecraft:hopper":22,"tconstruct:hand_axe":1,"immersiveengineering:fluid_pipe":5,"tconstruct:seared_bricks":197,"minecraft:granite":1,"mcwroofs:oak_roof":2,"minecraft:oak_stairs":63,"tconstruct:tinker_station":7,"extrastorage:advanced_exporter":1,"ftbsluice:pump":5,"tconstruct:part_builder":7,"immersiveengineering:cloche":2,"pipez:fluid_pipe":6,"tconstruct:seared_basin":5,"smallships:oak_brigg":2,"ftbjarmod:tube":4,"refinedstorage:cable":99,"minecraft:apple":1,"minecraft:jungle_stairs":31,"minecraft:bucket":34,"minecraft:sea_pickle":2,"storagedrawers:drawer_key":5},"minecraft:killed_by":{"minecraft:player":1},"minecraft:killed":{"tconstruct:earth_slime":1,"minecraft:skeleton":5,"minecraft:chicken":109,"minecraft:zombie":5,"minecraft:donkey":6,"minecraft:cow":15,"thermal:basalz":2,"minecraft:horse":9,"minecraft:rabbit":105,"minecraft:wandering_trader":1,"minecraft:spider":1,"minecraft:pig":64,"minecraft:creeper":3,"minecraft:sheep":18,"minecraft:trader_llama":1,"minecraft:stray":1,"minecraft:llama":21,"minecraft:drowned":1},"minecraft:dropped":{"akashictome:tome":2,"minecraft:lapis_lazuli":137,"minecraft:diamond":2,"losttrinkets:turtle_shell":1,"rid:iron_cluster":9,"mekanism:creative_fluid_tank":1,"miniutilities:blessed_earth":1,"mob_grinding_utils:tank":1,"chisel:andesite/soft_bricks":5,"minecraft:leather_helmet":1,"tconstruct:sword":1,"thermal:flax_seeds":3,"minecraft:dirt":4,"minecraft:chain":4,"minecraft:gold_nugget":29,"minecraft:sand":94,"tconstruct:sky_slime_ball":12,"minecraft:white_wool":33,"minecraft:birch_stairs":9,"losttrinkets:broken_heart_1":1,"tconstruct:pickaxe":1,"mysticalagriculture:inferium_farmland":1,"better_diving:wetsuit_leggings":1,"ftbsluice:iron_mesh":1,"minecraft:obsidian":8,"cfm:post_box":1,"losttrinkets:sticky_mind":2,"minecraft:charcoal":2,"minecraft:jungle_log":44,"minecraft:leather_boots":1,"farmersdelight:tomato_seeds":1,"minecraft:iron_ingot":6,"rid:gold_cluster":34,"minecraft:feather":1,"minecraft:cobblestone":65,"minecraft:apple":3,"minecraft:granite":2,"minecraft:chainmail_helmet":1,"minecraft:diamond_horse_armor":1,"minecraft:sponge":7,"minecraft:string":8,"mysticalagradditions:inferium_paxel":1,"minecraft:dark_oak_sign":5,"minecraft:clay_ball":76,"immersiveengineering:hammer":1,"ftbsluice:stone_hammer":2,"rid:nickel_cluster":2,"minecraft:stone":43,"minecraft:sea_pickle":4,"ftbsluice:oak_sluice":1,"minecraft:bow":1,"rid:iron_chunk":32,"simplylight:edge_light":1,"tconstruct:sky_slime_dirt":192,"minecraft:leather":6,"minecraft:iron_horse_armor":2,"rid:aluminum_cluster":2,"refinedstorageaddons:creative_wireless_crafting_grid":1,"minecraft:mutton":1,"better_diving:rebreather":1,"minecraft:cut_sandstone":384,"better_diving:ultra_glide_fins":1,"rid:silver_cluster":1,"minecraft:gravel":48,"miniutilities:iron_spikes":1,"better_diving:standard_o2_tank":1,"minecraft:chainmail_chestplate":3,"minecraft:leather_chestplate":1,"minecraft:chainmail_boots":1,"tconstruct:small_blade":1,"minecraft:arrow":1,"obsidianboat:obsidianboat":1,"better_diving:improved_wetsuit_leggings":1,"minecraft:bread":22,"bloodmagic:reinforcedslate":1,"minecraft:golden_helmet":1,"farmersdelight:tree_bark":1,"rid:osmium_cluster":1,"rid:lead_cluster":2,"mysticalagriculture:iron_seeds":1,"tconstruct:broad_axe_head":1,"minecraft:leather_horse_armor":2,"rid:1x_compressed_cobblestone":2,"rid:copper_cluster":12,"minecraft:music_disc_ward":1,"minecraft:bucket":5,"minecraft:music_disc_cat":1,"rid:tin_cluster":1,"minecraft:dandelion":1,"mekanismtools:diamond_paxel":1,"better_diving:high_capacity_o2_tank":1,"minecraft:blaze_rod":16,"integrateddynamics:menril_log":8,"mysticalagradditions:supremium_paxel":1,"pipez:fluid_pipe":1,"minecraft:andesite":5,"minecraft:golden_leggings":1,"mysticalagriculture:refined_obsidian_seeds":1,"minecraft:oak_boat":1},"minecraft:picked_up":{"refinedstorage:speed_upgrade":1,"minecraft:chainmail_boots":1,"minecraft:lead":2,"minecraft:oak_stairs":70,"minecraft:enchanted_book":2,"tconstruct:hammer_head_cast":1,"minecraft:music_disc_cat":1,"minecraft:string":32,"tconstruct:smeltery_controller":1,"tconstruct:hand_axe":1,"thermal:barley_seeds":2,"tconstruct:ingot_cast":1,"mysticalagriculture:inferium_essence":89,"minecraft:gold_nugget":24,"losttrinkets:broken_heart_1":2,"mysticalagriculture:infusion_altar":2,"minecraft:enchanted_golden_apple":1,"rid:emerald_cluster":5,"minecraft:golden_helmet":1,"minecraft:jukebox":1,"ftbsluice:stone_hammer":2,"rid:tin_chunk":22,"mysticalagriculture:inferium_seeds":3,"mob_grinding_utils:saw":1,"tconstruct:seared_faucet":3,"mcwdoors:metal_warning_door":1,"minecraft:rabbit_foot":13,"minecraft:golden_chestplate":3,"minecraft:cauldron":3,"tconstruct:small_blade":2,"thermal:apatite":2,"miniutilities:experience_pearl_1x":2,"botania:manasteel_ingot":2,"tconstruct:large_plate_cast":1,"ftbsluice:dust":132,"immersiveengineering:shader_bag_common":2,"tconstruct:drowned_head":1,"tconstruct:small_axe_head":2,"tconstruct:seared_fuel_gauge":11,"minecraft:blaze_rod":34,"chisel:andesite/soft_bricks":133,"minecraft:iron_bars":3,"minecraft:sponge":24,"thermal:strawberry_block":1,"minecraft:magma_block":4,"minecraft:feather":131,"tconstruct:greenheart_log":20,"minecraft:jungle_log":42,"minecraft:brown_wool":1,"krate:krate_basic":7,"botania:terraform_rod":1,"chisel:factory/vent":6,"losttrinkets:sticky_mind":3,"trashcans:item_trash_can":1,"cfm:fridge_light":1,"extrastorage:netherite_crafter":2,"immersiveengineering:watermill":1,"fluxnetworks:flux_core":1,"minecraft:lantern":6,"industrialforegoing:mycelial_slimey":1,"mysticalagriculture:inferium_furnace":2,"pipez:fluid_pipe":7,"storagedrawers:shroud_key":2,"ftbquests:book":2,"minecraft:dark_oak_sign":5,"rid:titanium_cluster":13,"industrialforegoing:range_addon0":2,"minecraft:rabbit":51,"refinedstorage:range_upgrade":4,"tconstruct:sky_slime_sapling":12,"ftbsluice:iron_mesh":1,"ftbjarmod:cast_iron_ingot":13,"thermal:onion_seeds":2,"minecraft:barrel":21,"refinedstorage:wireless_transmitter":1,"constructionwand:stone_wand":1,"better_diving:ultra_glide_fins":2,"thermal:eggplant_seeds":1,"minecraft:granite":39,"mysticalagriculture:prudentium_furnace":1,"minecraft:chainmail_helmet":2,"minecraft:crafting_table":4,"minecraft:coarse_dirt":1,"minecraft:clay_ball":272,"mob_grinding_utils:absorption_hopper":2,"chisel:factory/rustplates":111,"mysticalagriculture:blitz_seeds":1,"minecraft:red_bed":1,"tconstruct:broad_blade_cast":1,"refinedstorage:exporter":1,"immersiveengineering:fluid_pump":6,"minecraft:beef":62,"thermal:niter":3,"minecraft:iron_nugget":4,"rid:1x_compressed_sand":2,"minecraft:chest":23,"minecraft:egg":94,"rid:copper_chunk":91,"better_diving:rebreather":2,"minecraft:stone":43,"losttrinkets:turtle_shell":1,"minecraft:music_disc_mellohi":1,"tconstruct:pickaxe":1,"better_diving:wetsuit_leggings":2,"farmersdelight:tomato_seeds":2,"tconstruct:sky_slime_dirt":192,"rid:silver_chunk":11,"minecraft:carrot":7,"minecraft:redstone":6,"mysticalagriculture:inferium_farmland":3,"minecraft:prismarine_crystals":23,"rid:osmium_cluster":33,"projectred-core:ruby":1,"tconstruct:sky_slime_ball":404,"immersiveengineering:cloche":5,"minecraft:hay_block":4,"rid:gold_chunk":14,"minecraft:gold_ingot":2,"rid:diamond_cluster":2,"tconstruct:part_chest":7,"tconstruct:earth_slime_sapling":11,"minecraft:mutton":52,"minecraft:white_wool":68,"minecraft:stripped_oak_log":64,"minecraft:red_mushroom":2,"tconstruct:seared_fuel_tank":8,"mob_grinding_utils:tank":1,"minecraft:oak_log":308,"minecraft:lily_pad":5,"tconstruct:tool_handle":2,"minecraft:blue_bed":1,"botanypots:hopper_botany_pot":4,"minecraft:apple":25,"tconstruct:seared_heater":2,"farmersdelight:cooking_pot":4,"minecraft:kelp":405,"thermal:tea_seeds":1,"extrastorage:block_1024k":1,"chisel:factory/rust2":531,"mekanism:creative_fluid_tank":2,"rftoolsstorage:storage_module0":7,"elevatorid:elevator_white":4,"industrialforegoing:material_stonework_factory":1,"mysticalagradditions:inferium_paxel":1,"thermal:strawberry_seeds":1,"chisel:marble/raw":139,"minecraft:gravel":296,"minecraft:birch_stairs":9,"thermal:frost_melon_seeds":5,"tconstruct:repair_kit_cast":1,"powah:uraninite_raw":1,"obsidianboat:obsidianboat":6,"minecraft:crying_obsidian":8,"chisel:factory/wireframe":28,"minecraft:leather_helmet":1,"miniutilities:blessed_earth":119,"minecraft:slime_ball":753,"bloodmagic:reinforcedslate":1,"immersiveengineering:seed":2,"tconstruct:seared_melter":6,"minecraft:gray_wool":2,"cfm:fridge_dark":2,"better_diving:improved_wetsuit_leggings":2,"immersiveengineering:hammer":1,"minecraft:hopper":3,"powah:uraninite_raw_dense":1,"tconstruct:tough_handle_cast":1,"minecraft:wheat":288,"cb_microblock:microblock":5,"rid:osmium_chunk":19,"tconstruct:pickaxe_head_cast":1,"tconstruct:broad_axe_head":3,"mysticalagriculture:iron_seeds":1,"minecraft:turtle_egg":1,"chisel:iron_chisel":2,"tconstruct:broad_axe_head_cast":1,"integrateddynamics:menril_log":12,"minecraft:netherite_ingot":1,"rid:iron_chunk":81,"thermal:sulfur":3,"minecraft:sea_pickle":57,"cobblefordays:tier_1":13,"minecraft:bucket":3,"losttrinkets:rock_candy":1,"minecraft:furnace":5,"minecraft:stick":56,"simplylight:illuminant_panel":4,"minecraft:oak_fence":55,"minecraft:torch":30,"losttrinkets:miners_pick":1,"minecraft:porkchop":133,"thermal:flax_seeds":6,"rid:1x_compressed_cobblestone":4,"pipez:wrench":1,"immersiveengineering:fluid_pipe":5,"enderstorage:ender_tank":1,"minecraft:rotten_flesh":11,"thermal:corn_seeds":4,"minecraft:music_disc_ward":2,"farmersdelight:tree_bark":47,"ftbjarmod:tube":2,"rid:lead_cluster":17,"krate:krate_small":6,"minecraft:leather_horse_armor":2,"minecraft:obsidian":12,"minecraft:cobblestone":1122,"tconstruct:seared_bricks":40,"rid:nickel_cluster":17,"minecraft:leather_chestplate":1,"minecraft:andesite":147,"minecraft:golden_leggings":1,"chisel:carpet/gray/llama":16,"minecraft:chiseled_quartz_block":61,"tconstruct:pickaxe_head":2,"notenoughwands:acceleration_wand":1,"minecraft:lapis_lazuli":64,"minecraft:dirt":990,"thermal:rf_coil":2,"constructionwand:iron_wand":2,"powah:dielectric_paste":8,"losttrinkets:magneto":1,"botania:mana_diamond":4,"minecraft:leather_boots":1,"thermal:hops_seeds":1,"minecraft:glass":12,"minecraft:bone":4,"ftbdripper:dripper":1,"ftbjarmod:auto_processing_block":1,"minecraft:bow":1,"minecraft:wheat_seeds":562,"rid:aluminum_chunk":20,"minecraft:bell":1,"ftbsluice:iron_auto_hammer":39,"cfm:post_box":6,"minecraft:oak_planks":142,"better_diving:titanium_ingot":13,"thermal:bell_pepper_seeds":2,"ftbsluice:pump":6,"draconicevolution:draconium_ingot":3,"cottonly:ball":8,"minecraft:jungle_planks":2,"minecraft:sand":1633,"minecraft:jungle_slab":17,"mob_grinding_utils:fan":4,"minecraft:mossy_cobblestone":2,"tconstruct:small_axe_head_cast":1,"minecraft:soul_lantern":6,"tconstruct:seared_basin":2,"tconstruct:netherite_nugget":3,"minecraft:bone_meal":1,"botania:skydirt_rod":1,"minecraft:oak_sapling":130,"betterendforge:guidebook":1,"tconstruct:crafting_station":11,"minecraft:charcoal":471,"rid:titanium_chunk":1,"minecraft:azure_bluet":29,"minecraft:chicken":124,"minecraft:ladder":2,"cottonly:cotton_seeds":20,"thermal:machine_output_augment":1,"thermal:cinnabar":4,"minecraft:brown_mushroom":2,"tconstruct:skyroot_log":26,"rid:nickel_chunk":18,"minecraft:diamond_horse_armor":1,"tconstruct:sword":1,"rid:mob_soul":127,"rid:iron_cluster":5,"minecraft:chain":4,"rid:lead_chunk":16,"mysticalagriculture:infusion_pedestal":8,"losttrinkets:dragon_breath":1,"immersiveengineering:ingot_aluminum":1,"mysticalagriculture:pig_seeds":1,"mcwroofs:oak_roof":2,"better_diving:high_capacity_o2_tank":2,"rid:aluminum_cluster":36,"mekanismtools:bronze_chestplate":2,"tconstruct:earth_slime_sling":1,"tconstruct:encyclopedia":2,"minecraft:light_gray_wool":1,"minecraft:spruce_trapdoor":19,"rid:1x_compressed_dirt":6,"mysticalagriculture:refined_obsidian_seeds":1,"akashictome:tome":2,"ftbsluice:iron_sluice":4,"tconstruct:small_blade_cast":1,"minecraft:iron_horse_armor":3,"botania:terrasteel_ingot":2,"mysticalagriculture:supremium_farmland":3,"tconstruct:tool_binding_cast":1,"minecraft:arrow":9,"minecraft:jungle_stairs":42,"industrialforegoing:straw":1,"tconstruct:tinker_station":6,"minecraft:saddle":1,"glassential:glass_light":4,"industrialforegoing:wither_builder":1,"minecraft:petrified_oak_slab":11,"simplylight:edge_light":1,"losttrinkets:treasure_bag":2,"minecraft:golden_carrot":32,"storagedrawers:upgrade_template":4,"mysticalagriculture:dye_seeds":1,"better_diving:standard_o2_tank":7,"tconstruct:part_builder":6,"minecraft:leather":99,"minecraft:cut_sandstone":384,"minecraft:birch_planks":5,"ftbsluice:oak_sluice":3,"minecraft:chainmail_chestplate":7,"losttrinkets:karma":1,"rid:uranium_cluster":13,"trashcans:energy_trash_can":1,"ftbjarmod:jar":4,"rid:copper_cluster":4,"minecraft:rabbit_hide":57,"minecraft:iron_ingot":27,"thermal:tomato_seeds":1,"refinedstorage:cable":47,"mysticalagriculture:nether_seeds":1,"storagedrawers:oak_full_drawers_1":32,"botania:cosmetic_groucho_glasses":1,"minecraft:soul_sand":2,"tconstruct:seared_stone":1,"minecraft:pumpkin":18,"thermal:copper_ingot":3,"mcwtrpdoors:oak_barn_trapdoor":14,"ftbjarmod:tempered_jar":2,"minecraft:dandelion":2,"thermal:eggplant_block":1,"losttrinkets:ruby_heart":1,"mekanismtools:diamond_paxel":1,"rid:tin_cluster":19,"minecraft:white_bed":1,"rid:silver_cluster":20,"refinedstorage:importer":29,"minecraft:stripped_jungle_log":46,"powah:energizing_rod_basic":2,"notenoughwands:capturing_wand":2,"minecraft:music_disc_mall":1,"ftblibrary:fluid_container":1,"minecraft:dried_kelp_block":4,"minecraft:campfire":2,"miniutilities:iron_spikes":2,"ftbjarmod:cast_iron_nugget":12,"tconstruct:tool_handle_cast":1,"minecraft:black_wool":1,"tconstruct:pattern":119,"mysticalagradditions:supremium_paxel":1,"rftoolsstorage:storage_module1":4,"minecraft:coal":2},"minecraft:custom":{"minecraft:interact_with_crafting_table":80,"minecraft:open_barrel":227,"minecraft:leave_game":6,"minecraft:time_since_death":293793,"minecraft:deaths":1,"minecraft:jump":1527,"minecraft:interact_with_furnace":276,"minecraft:sleep_in_bed":11,"minecraft:damage_dealt":18297,"minecraft:interact_with_anvil":2,"minecraft:inspect_hopper":43,"minecraft:sneak_time":17644,"minecraft:time_since_rest":131484,"minecraft:use_wand":148,"minecraft:swim_one_cm":190879,"minecraft:fly_one_cm":314062,"minecraft:open_chest":840,"minecraft:fall_one_cm":29918,"minecraft:sprint_one_cm":317452,"minecraft:drop":168,"minecraft:talked_to_villager":1,"minecraft:walk_on_water_one_cm":297546,"minecraft:play_one_minute":874404,"minecraft:player_kills":3,"minecraft:crouch_one_cm":53011,"minecraft:mob_kills":381,"minecraft:interact_with_campfire":13,"minecraft:climb_one_cm":4016,"minecraft:walk_one_cm":2203181,"minecraft:walk_under_water_one_cm":145095,"minecraft:boat_one_cm":2433,"minecraft:interact_with_grindstone":1,"minecraft:damage_taken":3282},"minecraft:mined":{"thermal:strawberry_block":1,"ftbstructures:red_barrel":1,"minecraft:jungle_leaves":1,"minecraft:obsidian":12,"minecraft:granite":124,"minecraft:jungle_log":42,"chisel:factory/rustplates":111,"tconstruct:part_chest":1,"minecraft:hopper":3,"minecraft:spawner":6,"minecraft:tall_seagrass":4,"minecraft:magma_block":4,"chisel:andesite/soft_bricks":134,"minecraft:barrel":20,"mcwroofs:oak_roof":2,"pipez:fluid_pipe":5,"minecraft:pumpkin":6,"tconstruct:seared_melter":6,"tconstruct:earth_slime_leaves":128,"ftbdripper:dripper":1,"minecraft:oak_stairs":159,"ftbstructures:golden_barrel":4,"mcwdoors:metal_warning_door":1,"ftbstructures:purple_barrel":9,"minecraft:cut_sandstone":514,"tconstruct:part_builder":6,"minecraft:kelp_plant":34,"minecraft:soul_fire":4,"ftbstructures:pulsating_crate":1,"cfm:fridge_light":1,"minecraft:torch":4,"industrialforegoing:wither_builder":1,"refinedstorage:importer":29,"ftbstructures:black_barrel":5,"minecraft:chain":1,"tconstruct:seared_faucet":3,"minecraft:light_gray_stained_glass":8,"minecraft:wheat":3,"storagedrawers:oak_full_drawers_1":30,"refinedstorage:wireless_transmitter":1,"minecraft:grass":59,"cfm:post_box":4,"mekanism:creative_fluid_tank":1,"miniutilities:blessed_earth":86,"minecraft:mossy_cobblestone":2,"minecraft:sea_lantern":9,"refinedstorage:exporter":2,"minecraft:jungle_planks":2,"ftbstructures:white_barrel":17,"tconstruct:seared_stone":1,"minecraft:andesite":565,"chisel:marble/raw":139,"minecraft:vine":6,"tconstruct:earth_congealed_slime":209,"minecraft:birch_stairs":9,"minecraft:soul_sand":2,"minecraft:dandelion":1,"minecraft:campfire":124,"enderstorage:ender_tank":2,"minecraft:tall_grass":5,"chisel:factory/rust2":532,"minecraft:diorite":77,"minecraft:coarse_dirt":1,"tconstruct:smeltery_controller":1,"minecraft:gravel":508,"tconstruct:sky_congealed_slime":159,"minecraft:oak_sapling":1,"ftbsluice:iron_sluice":4,"immersiveengineering:fluid_pipe":5,"tconstruct:tinker_station":6,"minecraft:jungle_slab":15,"tconstruct:seared_bricks":40,"minecraft:spruce_trapdoor":20,"minecraft:grass_block":251,"minecraft:polished_diorite":2,"mob_grinding_utils:absorption_hopper":1,"ftbsluice:pump":5,"ftbstructures:green_barrel":18,"cobblefordays:tier_1":13,"ftbjarmod:tube":2,"mcwtrpdoors:oak_barn_trapdoor":15,"integratedterminals:menril_glass":35,"tconstruct:seared_fuel_tank":8,"minecraft:azure_bluet":15,"tconstruct:drowned_wall_head":1,"tconstruct:sky_slime_dirt":64,"tconstruct:seared_fuel_gauge":11,"mysticalagriculture:infusion_altar":2,"minecraft:soul_lantern":6,"minecraft:clay":14,"minecraft:jungle_stairs":38,"tconstruct:greenheart_log":20,"minecraft:chest":24,"minecraft:cobblestone":101,"minecraft:oak_planks":179,"minecraft:wall_torch":2,"minecraft:petrified_oak_slab":22,"minecraft:cauldron":3,"krate:krate_small":2,"ftbstructures:blue_barrel":5,"ftbjarmod:auto_processing_block":1,"minecraft:oak_log":233,"immersiveengineering:fluid_pump":6,"chisel:factory/vent":6,"tconstruct:crafting_station":10,"minecraft:sand":229,"minecraft:dirt":595,"tconstruct:seared_heater":1,"mysticalagriculture:infusion_pedestal":8,"minecraft:oak_leaves":74,"trashcans:item_trash_can":1,"immersiveengineering:cloche":2,"krate:krate_basic":7,"simplylight:illuminant_panel":4,"ftbjarmod:tempered_jar":2,"refinedstorage:cable":47,"chisel:factory/wireframe":28,"minecraft:hay_block":4,"rid:1x_compressed_dirt":6,"extrastorage:netherite_crafter":1,"cb_multipart:multipart":7,"minecraft:furnace":5,"botanypots:hopper_botany_pot":4,"minecraft:lantern":5,"minecraft:stripped_oak_log":55,"minecraft:stone":3145,"mysticalagriculture:inferium_furnace":2,"farmersdelight:cooking_pot":4,"ftbsluice:iron_auto_hammer":39,"ftbstructures:crate":22,"minecraft:oak_fence":43,"minecraft:crafting_table":4,"tconstruct:seared_basin":4,"minecraft:birch_planks":5,"minecraft:sea_pickle":2,"tconstruct:skyroot_log":26,"ftbsluice:oak_sluice":1,"minecraft:grass_path":2,"elevatorid:elevator_white":2,"ftbjarmod:jar":4},"minecraft:broken":{"ftbsluice:stone_hammer":1,"minecraft:golden_helmet":1,"minecraft:golden_hoe":1}},"DataVersion":2586}