{"stats":{"minecraft:dropped":{"minecraft:bread":13,"bloodmagic:reinforcedslate":1,"akashictome:tome":2,"obsidianboat:obsidianboat":1},"minecraft:used":{"tconstruct:tinker_station":1,"minecraft:jungle_stairs":4,"minecraft:chest":1,"minecraft:gravel":16,"minecraft:barrel":6,"krate:krate_small":1,"minecraft:oak_sapling":1,"tconstruct:crafting_station":3,"farmersdelight:cooking_pot":1,"minecraft:stripped_oak_log":7,"tconstruct:part_builder":1},"minecraft:custom":{"minecraft:time_since_rest":30731,"minecraft:sprint_one_cm":3004,"minecraft:damage_taken":20,"minecraft:walk_one_cm":90039,"minecraft:drop":5,"minecraft:fly_one_cm":5430,"minecraft:swim_one_cm":417,"minecraft:interact_with_crafting_table":9,"minecraft:open_barrel":24,"minecraft:open_chest":2,"minecraft:play_one_minute":30731,"minecraft:crouch_one_cm":4797,"minecraft:sneak_time":1271,"minecraft:walk_under_water_one_cm":66,"minecraft:jump":47,"minecraft:walk_on_water_one_cm":156,"minecraft:time_since_death":30731,"minecraft:fall_one_cm":1223},"minecraft:mined":{"farmersdelight:cooking_pot":1,"krate:krate_small":1,"minecraft:hay_block":4,"minecraft:barrel":6,"minecraft:pumpkin":6,"minecraft:crafting_table":1,"minecraft:oak_fence":8,"minecraft:azure_bluet":6,"minecraft:jungle_stairs":8,"minecraft:grass":17,"minecraft:grass_block":30,"minecraft:chest":1,"tconstruct:crafting_station":1,"minecraft:dirt":3,"minecraft:campfire":7,"minecraft:stripped_oak_log":16},"minecraft:picked_up":{"minecraft:charcoal":14,"thermal:bell_pepper_seeds":1,"minecraft:wheat":43,"minecraft:azure_bluet":6,"minecraft:pumpkin":6,"minecraft:oak_fence":8,"cottonly:cotton_seeds":1,"akashictome:tome":2,"chisel:iron_chisel":1,"thermal:frost_melon_seeds":1,"minecraft:oak_log":18,"obsidianboat:obsidianboat":1,"minecraft:barrel":6,"minecraft:dirt":32,"thermal:barley_seeds":1,"farmersdelight:cooking_pot":1,"immersiveengineering:seed":1,"thermal:corn_seeds":1,"minecraft:jungle_stairs":8,"minecraft:wheat_seeds":76,"minecraft:hay_block":4,"tconstruct:small_axe_head":1,"krate:krate_small":1,"tconstruct:pattern":16,"minecraft:oak_sapling":1,"minecraft:golden_helmet":1,"minecraft:chest":1,"tconstruct:crafting_station":1,"minecraft:crafting_table":1,"rftoolsstorage:storage_module0":1,"minecraft:stripped_oak_log":16},"minecraft:crafted":{"tconstruct:pattern":6,"minecraft:oak_boat":1,"minecraft:oak_planks":20,"tconstruct:part_builder":1,"tconstruct:crafting_station":2,"tconstruct:tool_handle":1,"tconstruct:tool_binding":1,"minecraft:air":62,"tconstruct:hand_axe":1,"tconstruct:tinker_station":1}},"DataVersion":2586}