{"stats":{"minecraft:mined":{"minecraft:spruce_fence":1,"minecraft:grass_block":1,"minecraft:spruce_leaves":3,"minecraft:spruce_log":27,"minecraft:crafting_table":1},"minecraft:crafted":{"minecraft:crafting_table":1,"minecraft:spruce_planks":12,"minecraft:stick":4,"minecraft:wooden_axe":1},"minecraft:used":{"minecraft:wooden_axe":35,"minecraft:dirt":1,"minecraft:crafting_table":1,"minecraft:bread":2,"minecraft:iron_helmet":1},"minecraft:killed_by":{"minecraft:zombie":2},"minecraft:picked_up":{"minecraft:stick":8,"minecraft:crafting_table":1,"minecraft:leather":1,"minecraft:wheat_seeds":1,"minecraft:spruce_fence":1,"minecraft:beef":1,"minecraft:spruce_sapling":24,"minecraft:spruce_log":27,"minecraft:dirt":1},"minecraft:custom":{"minecraft:time_since_rest":5790,"minecraft:open_chest":1,"minecraft:crouch_one_cm":422,"minecraft:play_time":10798,"minecraft:sprint_one_cm":31580,"minecraft:walk_one_cm":16963,"minecraft:damage_taken":660,"minecraft:deaths":2,"minecraft:sneak_time":262,"minecraft:bell_ring":22,"minecraft:mob_kills":2,"minecraft:jump":386,"minecraft:damage_dealt":212,"minecraft:time_since_death":5634,"minecraft:walk_on_water_one_cm":681,"minecraft:total_world_time":10798,"minecraft:interact_with_crafting_table":1,"minecraft:talked_to_villager":3,"minecraft:fall_one_cm":16352,"minecraft:fly_one_cm":96356},"minecraft:killed":{"minecraft:sheep":1,"minecraft:cow":1}},"DataVersion":3953}