{"stats":{"minecraft:broken":{"minecraft:stone_pickaxe":1,"minecraft:stone_axe":1,"minecraft:iron_pickaxe":1,"minecraft:wooden_axe":1},"minecraft:mined":{"minecraft:deepslate_redstone_ore":67,"minecraft:tuff":18,"minecraft:white_bed":1,"minecraft:deepslate_diamond_ore":5,"minecraft:crafting_table":5,"minecraft:torch":2,"minecraft:grass_block":1,"minecraft:spruce_fence":1,"minecraft:spruce_leaves":4,"minecraft:deepslate_gold_ore":17,"minecraft:wall_torch":1,"minecraft:raw_iron_block":2,"minecraft:furnace":2,"minecraft:iron_ore":3,"minecraft:spruce_log":82,"minecraft:andesite":1,"minecraft:deepslate_iron_ore":49,"minecraft:cracked_stone_bricks":1,"minecraft:stone":14,"minecraft:deepslate":20},"minecraft:dropped":{"minecraft:diamond":2,"minecraft:leather":1,"minecraft:cracked_stone_bricks":1,"minecraft:spruce_fence":1,"minecraft:stick":2,"minecraft:gray_wool":1,"minecraft:arrow":4,"minecraft:wooden_pickaxe":1,"minecraft:string":3},"minecraft:used":{"minecraft:cooked_mutton":2,"minecraft:stone_pickaxe":76,"minecraft:wooden_pickaxe":12,"minecraft:rotten_flesh":1,"minecraft:iron_chestplate":1,"minecraft:torch":6,"minecraft:dirt":1,"minecraft:crafting_table":5,"minecraft:tuff":18,"minecraft:wooden_axe":101,"minecraft:diamond_pickaxe":16,"minecraft:iron_axe":16,"minecraft:bread":12,"minecraft:iron_pickaxe":116,"minecraft:iron_helmet":1,"minecraft:iron_boots":1,"minecraft:stone_axe":67,"minecraft:furnace":3,"minecraft:bucket":2,"minecraft:cooked_beef":3,"minecraft:cobbled_deepslate":6,"minecraft:iron_leggings":1},"minecraft:crafted":{"minecraft:cooked_beef":3,"minecraft:raw_iron":18,"minecraft:crafting_table":1,"minecraft:spruce_planks":24,"minecraft:wooden_pickaxe":1,"minecraft:furnace":2,"minecraft:bucket":1,"minecraft:stone_axe":1,"minecraft:cooked_mutton":2,"minecraft:air":0,"minecraft:iron_chestplate":1,"minecraft:iron_boots":1,"minecraft:diamond_pickaxe":1,"minecraft:charcoal":3,"minecraft:iron_axe":1,"minecraft:stick":12,"minecraft:iron_ingot":29,"minecraft:iron_pickaxe":1,"minecraft:stone_pickaxe":1,"minecraft:wooden_axe":2,"minecraft:gold_ingot":14,"minecraft:iron_leggings":1,"minecraft:torch":12},"minecraft:killed_by":{"minecraft:skeleton":1,"minecraft:zombie":2},"minecraft:picked_up":{"minecraft:crafting_table":6,"minecraft:glow_ink_sac":1,"minecraft:andesite":1,"minecraft:leather":2,"minecraft:wooden_pickaxe":1,"minecraft:tuff":20,"minecraft:gunpowder":2,"minecraft:string":3,"minecraft:dirt":1,"minecraft:bone":1,"minecraft:cracked_stone_bricks":3,"minecraft:wheat_seeds":1,"minecraft:cobbled_deepslate":26,"minecraft:raw_gold":17,"minecraft:spruce_planks":1,"minecraft:beef":6,"minecraft:stone_pickaxe":1,"minecraft:iron_pickaxe":1,"minecraft:furnace":2,"minecraft:stick":19,"minecraft:raw_iron":354,"minecraft:torch":15,"minecraft:raw_iron_block":2,"minecraft:spruce_fence":2,"minecraft:spruce_sapling":74,"minecraft:carrot":1,"minecraft:white_bed":2,"minecraft:spruce_log":148,"minecraft:redstone":409,"minecraft:spider_eye":2,"minecraft:arrow":10,"minecraft:rotten_flesh":19,"minecraft:diamond":21,"minecraft:stone_axe":1,"minecraft:iron_helmet":1,"knightquest:small_essence":2,"minecraft:gray_wool":2,"minecraft:bread":8,"minecraft:mutton":2,"minecraft:cobblestone":14},"minecraft:killed":{"minecraft:witch":1,"minecraft:spider":2,"minecraft:creeper":2,"minecraft:skeleton":3,"minecraft:sheep":1,"minecraft:zombie":17,"minecraft:cow":2},"minecraft:custom":{"minecraft:interact_with_furnace":35,"minecraft:mob_kills":28,"minecraft:interact_with_crafting_table":20,"minecraft:bell_ring":22,"minecraft:time_since_death":27312,"minecraft:time_since_rest":27336,"minecraft:sprint_one_cm":60197,"minecraft:damage_taken":1989,"minecraft:walk_one_cm":106543,"minecraft:drop":10,"minecraft:damage_dealt":5779,"minecraft:talked_to_villager":3,"minecraft:fly_one_cm":156595,"minecraft:open_chest":1,"minecraft:crouch_one_cm":1793,"minecraft:play_time":46798,"minecraft:deaths":3,"minecraft:sneak_time":1385,"minecraft:walk_under_water_one_cm":498,"minecraft:jump":1028,"minecraft:walk_on_water_one_cm":6622,"minecraft:total_world_time":46798,"minecraft:fall_one_cm":36133}},"DataVersion":3953}