{"stats":{"minecraft:broken":{"minecraft:wooden_axe":1},"minecraft:mined":{"minecraft:deepslate_redstone_ore":49,"minecraft:tuff":13,"minecraft:white_bed":1,"minecraft:deepslate_diamond_ore":5,"minecraft:crafting_table":4,"minecraft:torch":2,"minecraft:grass_block":1,"minecraft:spruce_fence":1,"minecraft:spruce_leaves":4,"minecraft:deepslate_gold_ore":14,"minecraft:furnace":1,"minecraft:iron_ore":3,"minecraft:spruce_log":82,"minecraft:andesite":1,"minecraft:deepslate_iron_ore":26,"minecraft:cracked_stone_bricks":1,"minecraft:stone":14,"minecraft:deepslate":8},"minecraft:dropped":{"minecraft:wooden_pickaxe":1},"minecraft:crafted":{"minecraft:crafting_table":1,"minecraft:spruce_planks":24,"minecraft:wooden_pickaxe":1,"minecraft:furnace":2,"minecraft:bucket":1,"minecraft:stone_axe":1,"minecraft:cooked_mutton":2,"minecraft:air":0,"minecraft:iron_chestplate":1,"minecraft:iron_boots":1,"minecraft:diamond_pickaxe":1,"minecraft:charcoal":3,"minecraft:iron_axe":1,"minecraft:stick":12,"minecraft:iron_ingot":29,"minecraft:iron_pickaxe":1,"minecraft:stone_pickaxe":1,"minecraft:wooden_axe":2,"minecraft:gold_ingot":14,"minecraft:iron_leggings":1,"minecraft:torch":12},"minecraft:used":{"minecraft:cooked_mutton":2,"minecraft:stone_pickaxe":37,"minecraft:wooden_pickaxe":12,"minecraft:iron_chestplate":1,"minecraft:torch":5,"minecraft:dirt":1,"minecraft:crafting_table":5,"minecraft:wooden_axe":101,"minecraft:bread":11,"minecraft:iron_pickaxe":87,"minecraft:iron_helmet":1,"minecraft:iron_boots":1,"minecraft:stone_axe":31,"minecraft:furnace":3,"minecraft:bucket":2,"minecraft:iron_leggings":1},"minecraft:killed_by":{"minecraft:skeleton":1,"minecraft:zombie":2},"minecraft:picked_up":{"minecraft:crafting_table":5,"minecraft:glow_ink_sac":1,"minecraft:andesite":1,"minecraft:leather":2,"minecraft:wooden_pickaxe":1,"minecraft:tuff":15,"minecraft:gunpowder":2,"minecraft:dirt":1,"minecraft:cracked_stone_bricks":2,"minecraft:wheat_seeds":1,"minecraft:cobbled_deepslate":10,"minecraft:raw_gold":14,"minecraft:spruce_planks":1,"minecraft:beef":6,"minecraft:stone_pickaxe":1,"minecraft:iron_pickaxe":1,"minecraft:furnace":1,"minecraft:stick":17,"minecraft:raw_iron":37,"minecraft:torch":14,"minecraft:spruce_fence":2,"minecraft:spruce_sapling":74,"minecraft:white_bed":2,"minecraft:spruce_log":148,"minecraft:redstone":294,"minecraft:spider_eye":1,"minecraft:rotten_flesh":9,"minecraft:diamond":9,"minecraft:stone_axe":1,"minecraft:iron_helmet":1,"knightquest:small_essence":1,"minecraft:gray_wool":2,"minecraft:bread":8,"minecraft:mutton":2,"minecraft:cobblestone":14},"minecraft:killed":{"minecraft:witch":1,"minecraft:creeper":2,"minecraft:sheep":1,"minecraft:zombie":7,"minecraft:cow":2},"minecraft:custom":{"minecraft:interact_with_furnace":33,"minecraft:mob_kills":13,"minecraft:interact_with_crafting_table":19,"minecraft:bell_ring":22,"minecraft:time_since_death":15312,"minecraft:time_since_rest":15336,"minecraft:sprint_one_cm":50890,"minecraft:damage_taken":1558,"minecraft:walk_one_cm":71782,"minecraft:drop":1,"minecraft:damage_dealt":2538,"minecraft:talked_to_villager":3,"minecraft:fly_one_cm":132837,"minecraft:open_chest":1,"minecraft:crouch_one_cm":596,"minecraft:play_time":34798,"minecraft:deaths":3,"minecraft:sneak_time":297,"minecraft:jump":756,"minecraft:walk_on_water_one_cm":3052,"minecraft:total_world_time":34798,"minecraft:fall_one_cm":28296}},"DataVersion":3953}