{"stats":{"minecraft:crafted":{"miniutilities:unstable_ingot":1},"minecraft:used":{"mysticalagriculture:imperium_furnace":1,"farmersdelight:bacon_sandwich":1,"minecraft:torch":1,"mekanismtools:diamond_paxel":5},"minecraft:killed_by":{"minecraft:drowned":2},"minecraft:dropped":{"rid:3x_compressed_sand":1,"miniutilities:unstable_ingot":1},"minecraft:picked_up":{"minecraft:stick":3,"rid:3x_compressed_sand":2,"mekanismtools:lapis_lazuli_pickaxe":1,"industrialforegoing:range_addon2":1,"thermal:machine_output_augment":1,"minecraft:torch":1,"mysticalagriculture:iron_seeds":1,"mysticalagriculture:imperium_furnace":1,"fluxnetworks:flux_block":4,"powah:energy_hopper_spirited":1,"mob_grinding_utils:tank":2,"minecraft:oak_log":5,"notenoughwands:building_wand":1,"tconstruct:pickaxe_head":1,"powah:battery_hardened":1,"obsidianboat:obsidianboat":3,"botania:mana_ring":1,"enderstorage:ender_pouch":2,"mob_grinding_utils:fan":1,"fluxnetworks:flux_core":8,"bloodmagic:etherealslate":1,"mysticalagriculture:stone_seeds":1,"fluxnetworks:flux_plug":4,"powah:energizing_rod_basic":2,"industrialforegoing:mycelial_slimey":2,"rftoolsstorage:storage_module2":1,"botania:super_travel_belt":1,"fluxnetworks:flux_point":8,"immersiveengineering:shader_bag_rare":1,"mysticalagriculture:certus_quartz_seeds":1,"industrialforegoing:machine_frame_simple":3,"refinedstorageaddons:creative_wireless_crafting_grid":1,"betterendforge:aeternium_helmet":1,"miniutilities:blessed_earth":16,"tconstruct:cleaver":2,"immersiveengineering:cloche":4,"bloodmagic:bloodlightsigil":1,"rid:3x_compressed_cobblestone":1,"minecraft:wheat_seeds":4,"powah:battery_basic":1,"rid:redstone_cluster":128,"botania:aura_ring":2,"mysticalagriculture:prudentium_furnace":1,"industrialforegoing:laser_lens4":1,"mysticalagradditions:inferium_apple":64,"farmersdelight:bacon_sandwich":6,"industrialforegoing:sewage_composter":1,"miniutilities:cursed_earth":16,"botania:magenta_petal":64,"minecraft:oak_sapling":1,"refinedstorage:1k_storage_part":3,"rftoolsstorage:storage_module0":1,"storagedrawers:gold_storage_upgrade":3},"minecraft:mined":{"minecraft:oak_log":5,"minecraft:torch":1},"minecraft:custom":{"minecraft:time_since_rest":2239,"minecraft:interact_with_furnace":1,"minecraft:sprint_one_cm":21084,"minecraft:damage_taken":847,"minecraft:walk_one_cm":23357,"minecraft:drop":2,"minecraft:swim_one_cm":16603,"minecraft:open_chest":13,"minecraft:fly_one_cm":34890,"minecraft:crouch_one_cm":1504,"minecraft:play_one_minute":23045,"minecraft:deaths":3,"minecraft:sneak_time":589,"minecraft:walk_under_water_one_cm":4928,"minecraft:jump":153,"minecraft:leave_game":2,"minecraft:walk_on_water_one_cm":7253,"minecraft:time_since_death":2200,"minecraft:fall_one_cm":2581}},"DataVersion":2586}