{"stats":{"minecraft:broken":{"minecraft:stone_pickaxe":1,"minecraft:stone_axe":1,"minecraft:iron_pickaxe":1,"minecraft:wooden_axe":1},"minecraft:mined":{"minecraft:deepslate_redstone_ore":67,"minecraft:tuff":18,"minecraft:white_bed":1,"minecraft:deepslate_diamond_ore":5,"minecraft:crafting_table":6,"minecraft:torch":5,"minecraft:grass_block":1,"minecraft:spruce_fence":1,"minecraft:cobblestone":2,"minecraft:spruce_leaves":4,"minecraft:deepslate_gold_ore":17,"minecraft:sculk":2,"minecraft:diorite":2,"minecraft:wall_torch":4,"minecraft:raw_iron_block":2,"minecraft:cobbled_deepslate":5,"minecraft:furnace":10,"minecraft:iron_ore":3,"minecraft:spruce_log":90,"minecraft:andesite":1,"minecraft:deepslate_iron_ore":49,"minecraft:cracked_stone_bricks":1,"minecraft:stone":63,"minecraft:tripwire":1,"minecraft:deepslate":48},"minecraft:dropped":{"minecraft:glow_ink_sac":1,"minecraft:cobbled_deepslate":3,"minecraft:diamond":8,"minecraft:raw_iron":336,"minecraft:rotten_flesh":9,"minecraft:leather":1,"minecraft:cracked_stone_bricks":1,"minecraft:spruce_fence":1,"minecraft:stick":2,"minecraft:gray_wool":1,"minecraft:torch":1,"knightquest:small_essence":6,"minecraft:arrow":4,"minecraft:wooden_pickaxe":1,"minecraft:string":7,"minecraft:bone":2},"minecraft:used":{"minecraft:cooked_mutton":2,"minecraft:stone_pickaxe":76,"minecraft:wooden_pickaxe":12,"minecraft:rotten_flesh":9,"minecraft:cracked_stone_bricks":1,"minecraft:iron_chestplate":1,"minecraft:torch":13,"minecraft:dirt":1,"minecraft:crafting_table":6,"minecraft:carrot":1,"minecraft:spider_eye":2,"minecraft:tuff":18,"minecraft:wooden_axe":101,"minecraft:diamond_pickaxe":144,"minecraft:string":1,"minecraft:iron_axe":47,"minecraft:bread":12,"minecraft:iron_pickaxe":116,"minecraft:iron_helmet":2,"minecraft:iron_boots":1,"minecraft:stone_axe":67,"minecraft:cobblestone":14,"minecraft:furnace":11,"minecraft:bucket":2,"minecraft:cooked_beef":3,"minecraft:cobbled_deepslate":36,"minecraft:iron_leggings":1},"minecraft:crafted":{"minecraft:cooked_beef":3,"minecraft:raw_iron":18,"minecraft:crafting_table":1,"minecraft:spruce_planks":72,"minecraft:wooden_pickaxe":1,"minecraft:furnace":7,"minecraft:bone_meal":3,"minecraft:bucket":1,"minecraft:stone_axe":1,"minecraft:cooked_mutton":2,"minecraft:air":0,"minecraft:iron_chestplate":1,"minecraft:iron_boots":1,"minecraft:diamond_pickaxe":1,"minecraft:charcoal":16,"minecraft:iron_axe":1,"minecraft:stick":12,"minecraft:iron_ingot":221,"minecraft:iron_pickaxe":1,"minecraft:stone_pickaxe":1,"minecraft:wooden_axe":2,"minecraft:gold_ingot":14,"minecraft:iron_leggings":1,"minecraft:torch":12},"minecraft:killed_by":{"minecraft:warden":7,"minecraft:skeleton":1,"minecraft:creeper":1,"minecraft:zombie":2},"minecraft:picked_up":{"minecraft:iron_chestplate":6,"minecraft:crafting_table":15,"minecraft:glow_ink_sac":2,"minecraft:andesite":1,"minecraft:leather":2,"minecraft:wooden_pickaxe":1,"minecraft:tuff":20,"minecraft:gunpowder":8,"minecraft:lapis_lazuli":313,"minecraft:string":26,"minecraft:dirt":1,"minecraft:raw_copper":312,"minecraft:iron_axe":7,"minecraft:iron_leggings":5,"minecraft:bone":5,"minecraft:cracked_stone_bricks":4,"minecraft:wheat_seeds":1,"minecraft:cobbled_deepslate":81,"minecraft:raw_gold":100,"minecraft:spruce_planks":187,"minecraft:iron_ingot":1160,"minecraft:beef":6,"minecraft:stone_pickaxe":1,"minecraft:iron_pickaxe":1,"minecraft:iron_boots":8,"minecraft:furnace":54,"minecraft:stick":23,"minecraft:raw_iron":1286,"minecraft:lava_bucket":5,"minecraft:torch":75,"minecraft:raw_iron_block":2,"minecraft:spruce_fence":2,"minecraft:spruce_sapling":114,"minecraft:carrot":2,"minecraft:white_bed":9,"minecraft:spruce_log":266,"minecraft:redstone":4161,"minecraft:spider_eye":6,"minecraft:arrow":74,"minecraft:rotten_flesh":56,"minecraft:diamond":110,"minecraft:stone_axe":1,"minecraft:iron_helmet":8,"knightquest:small_essence":32,"minecraft:bone_meal":12,"minecraft:gray_wool":2,"minecraft:gold_ingot":126,"minecraft:bread":8,"minecraft:coal":38,"minecraft:mutton":2,"minecraft:cobblestone":62,"minecraft:diamond_pickaxe":8},"minecraft:killed":{"minecraft:witch":1,"knightquest:eldbomb":1,"minecraft:spider":4,"minecraft:creeper":2,"minecraft:skeleton":3,"minecraft:sheep":1,"minecraft:zombie":18,"minecraft:cow":2},"minecraft:custom":{"minecraft:interact_with_furnace":155,"minecraft:mob_kills":32,"minecraft:interact_with_crafting_table":26,"minecraft:bell_ring":22,"minecraft:time_since_death":332,"minecraft:time_since_rest":359,"minecraft:sprint_one_cm":102029,"minecraft:damage_taken":4586,"minecraft:walk_one_cm":209395,"minecraft:drop":44,"minecraft:damage_dealt":6999,"minecraft:talked_to_villager":7,"minecraft:fly_one_cm":262917,"minecraft:open_chest":1,"minecraft:crouch_one_cm":7431,"minecraft:play_time":88798,"minecraft:deaths":12,"minecraft:sneak_time":3725,"minecraft:walk_under_water_one_cm":5654,"minecraft:jump":1723,"minecraft:walk_on_water_one_cm":11666,"minecraft:total_world_time":88798,"minecraft:fall_one_cm":57311}},"DataVersion":3953}