{"stats":{"minecraft:broken":{"minecraft:stone_pickaxe":1,"minecraft:stone_axe":1,"minecraft:iron_pickaxe":1,"minecraft:wooden_axe":1},"minecraft:mined":{"minecraft:tuff":18,"minecraft:white_bed":1,"minecraft:deepslate_diamond_ore":5,"minecraft:spruce_fence":1,"minecraft:grass_block":1,"minecraft:spruce_leaves":4,"minecraft:raw_iron_block":2,"minecraft:furnace":10,"minecraft:iron_ore":3,"minecraft:cobbled_deepslate":5,"minecraft:andesite":1,"minecraft:deepslate_iron_ore":49,"minecraft:stone":63,"minecraft:tripwire":1,"minecraft:deepslate_redstone_ore":67,"minecraft:crafting_table":6,"minecraft:torch":5,"minecraft:short_grass":5,"minecraft:cobblestone":2,"minecraft:deepslate_gold_ore":17,"minecraft:oak_planks":1,"minecraft:sculk":2,"minecraft:diorite":2,"minecraft:wall_torch":4,"minecraft:blue_bed":1,"minecraft:purple_bed":1,"minecraft:spruce_log":90,"minecraft:oak_log":39,"minecraft:cracked_stone_bricks":1,"minecraft:deepslate":48},"minecraft:dropped":{"minecraft:glow_ink_sac":1,"minecraft:diamond":8,"minecraft:leather":1,"minecraft:cracked_stone_bricks":1,"minecraft:stick":2,"minecraft:gray_wool":1,"minecraft:torch":1,"minecraft:string":7,"minecraft:bone":2,"minecraft:cobbled_deepslate":3,"minecraft:raw_iron":336,"minecraft:rotten_flesh":9,"minecraft:spruce_fence":1,"knightquest:small_essence":6,"minecraft:arrow":4,"minecraft:wooden_pickaxe":1},"minecraft:used":{"minecraft:chest":3,"minecraft:rotten_flesh":10,"minecraft:iron_chestplate":2,"minecraft:torch":13,"minecraft:dirt":1,"minecraft:carrot":1,"minecraft:tuff":18,"minecraft:wooden_axe":101,"minecraft:iron_axe":96,"minecraft:iron_helmet":2,"minecraft:iron_boots":2,"minecraft:furnace":17,"minecraft:cooked_beef":3,"minecraft:cobbled_deepslate":36,"minecraft:iron_leggings":1,"minecraft:cooked_mutton":2,"minecraft:stone_pickaxe":76,"minecraft:oak_planks":100,"minecraft:wooden_pickaxe":12,"minecraft:blue_bed":1,"minecraft:cracked_stone_bricks":1,"minecraft:crafting_table":7,"minecraft:spider_eye":2,"minecraft:diamond_pickaxe":145,"minecraft:apple":1,"minecraft:bread":12,"minecraft:string":1,"minecraft:iron_pickaxe":116,"minecraft:stone_axe":67,"minecraft:cobblestone":14,"minecraft:bucket":2},"minecraft:crafted":{"minecraft:oak_planks":100,"minecraft:raw_iron":18,"minecraft:furnace":7,"minecraft:bone_meal":3,"minecraft:cooked_mutton":2,"minecraft:iron_boots":1,"minecraft:iron_axe":1,"minecraft:stone_pickaxe":1,"minecraft:chest":3,"minecraft:cooked_beef":3,"minecraft:cooked_porkchop":1,"minecraft:crafting_table":1,"minecraft:spruce_planks":72,"minecraft:wooden_pickaxe":1,"minecraft:bucket":1,"minecraft:stone_axe":1,"minecraft:air":0,"minecraft:iron_chestplate":1,"minecraft:charcoal":16,"minecraft:diamond_pickaxe":1,"minecraft:stick":12,"minecraft:iron_ingot":221,"minecraft:iron_pickaxe":1,"minecraft:wooden_axe":2,"minecraft:iron_leggings":1,"minecraft:gold_ingot":14,"minecraft:torch":12},"minecraft:killed_by":{"minecraft:creeper":1,"minecraft:warden":11,"minecraft:skeleton":1,"minecraft:zombie":2},"minecraft:picked_up":{"minecraft:crafting_table":19,"minecraft:iron_chestplate":10,"minecraft:wooden_pickaxe":1,"minecraft:string":26,"minecraft:raw_copper":468,"minecraft:iron_axe":12,"minecraft:iron_leggings":9,"minecraft:cracked_stone_bricks":4,"minecraft:cobbled_deepslate":85,"minecraft:spruce_planks":311,"minecraft:beef":8,"minecraft:iron_pickaxe":1,"minecraft:egg":1,"minecraft:iron_boots":12,"minecraft:furnace":78,"minecraft:raw_iron":1286,"minecraft:stick":38,"minecraft:torch":111,"minecraft:spruce_fence":2,"minecraft:porkchop":4,"minecraft:carrot":2,"minecraft:redstone":5581,"minecraft:arrow":106,"minecraft:rotten_flesh":59,"minecraft:gold_ingot":182,"minecraft:mutton":2,"minecraft:cobblestone":62,"minecraft:glow_ink_sac":2,"minecraft:andesite":1,"minecraft:leather":3,"minecraft:tuff":20,"minecraft:oak_log":39,"minecraft:gunpowder":22,"minecraft:dirt":1,"minecraft:lapis_lazuli":489,"minecraft:blue_bed":1,"minecraft:bone":5,"minecraft:apple":1,"minecraft:wheat_seeds":1,"minecraft:raw_gold":140,"minecraft:iron_ingot":1288,"minecraft:stone_pickaxe":1,"minecraft:oak_planks":1,"minecraft:raw_iron_block":2,"minecraft:lava_bucket":5,"minecraft:spruce_sapling":114,"minecraft:white_bed":9,"minecraft:spruce_log":266,"minecraft:spider_eye":6,"minecraft:purple_bed":1,"minecraft:diamond":162,"minecraft:stone_axe":1,"minecraft:iron_helmet":12,"knightquest:small_essence":41,"minecraft:bone_meal":24,"minecraft:gray_wool":2,"minecraft:bread":8,"minecraft:oak_sapling":19,"minecraft:coal":58,"minecraft:diamond_pickaxe":12},"minecraft:killed":{"minecraft:witch":1,"minecraft:spider":4,"minecraft:skeleton":3,"minecraft:pig":2,"knightquest:eldbomb":1,"minecraft:creeper":2,"minecraft:sheep":1,"minecraft:zombie":18,"minecraft:cow":3},"minecraft:custom":{"minecraft:mob_kills":35,"minecraft:interact_with_crafting_table":27,"minecraft:bell_ring":22,"minecraft:time_since_death":7308,"minecraft:sprint_one_cm":130753,"minecraft:walk_one_cm":248276,"minecraft:drop":44,"minecraft:talked_to_villager":7,"minecraft:play_time":100798,"minecraft:deaths":16,"minecraft:sneak_time":4440,"minecraft:walk_under_water_one_cm":5654,"minecraft:jump":1994,"minecraft:walk_on_water_one_cm":11666,"minecraft:total_world_time":100798,"minecraft:interact_with_furnace":161,"minecraft:time_since_rest":7330,"minecraft:damage_taken":5853,"minecraft:damage_dealt":7299,"minecraft:fly_one_cm":345027,"minecraft:open_chest":3,"minecraft:crouch_one_cm":11225,"minecraft:fall_one_cm":64530}},"DataVersion":3953}