{"stats":{"minecraft:broken":{"minecraft:stone_pickaxe":1,"minecraft:stone_axe":1,"minecraft:iron_pickaxe":1,"minecraft:wooden_axe":1},"minecraft:mined":{"minecraft:deepslate_redstone_ore":67,"minecraft:tuff":18,"minecraft:white_bed":1,"minecraft:deepslate_diamond_ore":5,"minecraft:crafting_table":6,"minecraft:torch":2,"minecraft:grass_block":1,"minecraft:spruce_fence":1,"minecraft:cobblestone":1,"minecraft:spruce_leaves":4,"minecraft:deepslate_gold_ore":17,"minecraft:diorite":2,"minecraft:wall_torch":4,"minecraft:raw_iron_block":2,"minecraft:furnace":8,"minecraft:iron_ore":3,"minecraft:spruce_log":90,"minecraft:andesite":1,"minecraft:deepslate_iron_ore":49,"minecraft:cracked_stone_bricks":1,"minecraft:stone":63,"minecraft:tripwire":1,"minecraft:deepslate":34},"minecraft:dropped":{"minecraft:glow_ink_sac":1,"minecraft:cobbled_deepslate":3,"minecraft:diamond":8,"minecraft:raw_iron":336,"minecraft:rotten_flesh":9,"minecraft:leather":1,"minecraft:cracked_stone_bricks":1,"minecraft:spruce_fence":1,"minecraft:stick":2,"minecraft:gray_wool":1,"minecraft:torch":1,"knightquest:small_essence":6,"minecraft:arrow":4,"minecraft:wooden_pickaxe":1,"minecraft:string":7,"minecraft:bone":2},"minecraft:used":{"minecraft:cooked_mutton":2,"minecraft:stone_pickaxe":76,"minecraft:wooden_pickaxe":12,"minecraft:rotten_flesh":9,"minecraft:cracked_stone_bricks":1,"minecraft:iron_chestplate":1,"minecraft:torch":9,"minecraft:dirt":1,"minecraft:crafting_table":6,"minecraft:carrot":1,"minecraft:spider_eye":2,"minecraft:tuff":18,"minecraft:wooden_axe":101,"minecraft:diamond_pickaxe":114,"minecraft:string":1,"minecraft:iron_axe":35,"minecraft:bread":12,"minecraft:iron_pickaxe":116,"minecraft:iron_helmet":2,"minecraft:iron_boots":1,"minecraft:stone_axe":67,"minecraft:cobblestone":12,"minecraft:furnace":9,"minecraft:bucket":2,"minecraft:cooked_beef":3,"minecraft:cobbled_deepslate":19,"minecraft:iron_leggings":1},"minecraft:crafted":{"minecraft:cooked_beef":3,"minecraft:raw_iron":18,"minecraft:crafting_table":1,"minecraft:spruce_planks":72,"minecraft:wooden_pickaxe":1,"minecraft:furnace":7,"minecraft:bone_meal":3,"minecraft:bucket":1,"minecraft:stone_axe":1,"minecraft:cooked_mutton":2,"minecraft:air":0,"minecraft:iron_chestplate":1,"minecraft:iron_boots":1,"minecraft:diamond_pickaxe":1,"minecraft:charcoal":16,"minecraft:iron_axe":1,"minecraft:stick":12,"minecraft:iron_ingot":221,"minecraft:iron_pickaxe":1,"minecraft:stone_pickaxe":1,"minecraft:wooden_axe":2,"minecraft:gold_ingot":14,"minecraft:iron_leggings":1,"minecraft:torch":12},"minecraft:killed_by":{"minecraft:skeleton":1,"minecraft:creeper":1,"minecraft:zombie":2},"minecraft:picked_up":{"minecraft:iron_chestplate":2,"minecraft:crafting_table":9,"minecraft:glow_ink_sac":2,"minecraft:andesite":1,"minecraft:leather":2,"minecraft:wooden_pickaxe":1,"minecraft:tuff":20,"minecraft:gunpowder":6,"minecraft:lapis_lazuli":15,"minecraft:string":12,"minecraft:dirt":1,"minecraft:raw_copper":78,"minecraft:iron_axe":2,"minecraft:iron_leggings":2,"minecraft:bone":5,"minecraft:cracked_stone_bricks":4,"minecraft:wheat_seeds":1,"minecraft:cobbled_deepslate":44,"minecraft:raw_gold":30,"minecraft:spruce_planks":1,"minecraft:iron_ingot":2,"minecraft:beef":6,"minecraft:stone_pickaxe":1,"minecraft:iron_pickaxe":1,"minecraft:iron_boots":2,"minecraft:furnace":10,"minecraft:stick":23,"minecraft:raw_iron":1286,"minecraft:lava_bucket":2,"minecraft:torch":46,"minecraft:raw_iron_block":2,"minecraft:spruce_fence":2,"minecraft:spruce_sapling":114,"minecraft:carrot":2,"minecraft:white_bed":4,"minecraft:spruce_log":266,"minecraft:redstone":1350,"minecraft:spider_eye":6,"minecraft:arrow":26,"minecraft:rotten_flesh":46,"minecraft:diamond":47,"minecraft:stone_axe":1,"minecraft:iron_helmet":3,"knightquest:small_essence":14,"minecraft:gray_wool":2,"minecraft:gold_ingot":28,"minecraft:bread":8,"minecraft:coal":3,"minecraft:mutton":2,"minecraft:cobblestone":61,"minecraft:diamond_pickaxe":2},"minecraft:killed":{"minecraft:witch":1,"minecraft:spider":4,"minecraft:creeper":2,"minecraft:skeleton":3,"minecraft:sheep":1,"minecraft:zombie":18,"minecraft:cow":2},"minecraft:custom":{"minecraft:interact_with_furnace":155,"minecraft:mob_kills":31,"minecraft:interact_with_crafting_table":26,"minecraft:bell_ring":22,"minecraft:time_since_death":22603,"minecraft:time_since_rest":22640,"minecraft:sprint_one_cm":89103,"minecraft:damage_taken":2638,"minecraft:walk_one_cm":166734,"minecraft:drop":44,"minecraft:damage_dealt":6209,"minecraft:talked_to_villager":7,"minecraft:fly_one_cm":224595,"minecraft:open_chest":1,"minecraft:crouch_one_cm":4397,"minecraft:play_time":76798,"minecraft:deaths":5,"minecraft:sneak_time":2841,"minecraft:walk_under_water_one_cm":2593,"minecraft:jump":1520,"minecraft:walk_on_water_one_cm":9124,"minecraft:total_world_time":76798,"minecraft:fall_one_cm":47994}},"DataVersion":3953}