{"stats":{"minecraft:crafted":{"pipez:wrench":1,"immersiveengineering:hammer":5,"minecraft:oak_planks":20,"mekanism:ingot_osmium":43,"minecraft:cooked_chicken":29,"ftbsluice:oak_sluice":1,"better_diving:wetsuit_leggings":1,"patchouli:guide_book":1,"thermal:lead_nugget":10,"pipez:fluid_pipe":16,"minecraft:glass":56,"minecraft:hopper":5,"thermal:iron_dust":2,"rid:lapis_cluster":13,"ftbsluice:gold_mesh":2,"ftbsluice:stone_hammer":1,"thermal:silver_dust":1,"krate:krate_large":1,"better_diving:high_capacity_o2_tank":2,"minecraft:chest":9,"ftbsluice:iron_mesh":1,"thermal:gold_dust":4,"recycler:recycler":1,"better_diving:diving_mask":2,"rid:1x_compressed_gravel":81,"minecraft:cooked_rabbit":44,"immersiveengineering:ingot_aluminum":51,"minecraft:crafting_table":1,"constructionwand:iron_wand":4,"thermal:nickel_nugget":2,"bloodmagic:sacrificialdagger":1,"thermal:silver_nugget":8,"bloodmagic:altar":1,"rid:diamond_cluster":10,"ftbsluice:wooden_hammer":1,"thermal:nickel_ingot":21,"minecraft:string":4,"minecraft:book":1,"better_diving:fiber_mesh":15,"rid:osmium_cluster":1,"minecraft:stick":108,"minecraft:iron_ingot":280,"minecraft:iron_block":3,"minecraft:gold_ingot":44,"ftbsluice:iron_sluice":2,"thermal:tin_ingot":114,"thermal:strawberry_block":1,"mysticalagriculture:inferium_furnace":2,"better_diving:fins":2,"minecraft:iron_nugget":50,"thermal:copper_ingot":297,"mysticalagriculture:infusion_pedestal":8,"mekanism:nugget_osmium":3,"minecraft:furnace":2,"mysticalagriculture:prosperity_ingot":7,"ftbsluice:diamond_sluice":4,"mekanism:ingot_uranium":8,"miniutilities:unstable_ingot":1,"minecraft:white_carpet":66,"mysticalagriculture:inferium_ingot":7,"mysticalagriculture:inferium_block":2,"mekanism:ingot_refined_obsidian":6,"thermal:silver_ingot":28,"better_diving:rebreather":2,"better_diving:improved_wetsuit_leggings":2,"rid:iron_cluster":331,"mysticalagriculture:prudentium_essence":8,"miniutilities:blursed_earth":8,"minecraft:bowl":4,"minecraft:bucket":1,"thermal:tin_nugget":9,"minecraft:red_carpet":48,"thermal:copper_nugget":60,"minecraft:air":2257,"minecraft:gold_nugget":9,"storagedrawers:void_upgrade":1,"thermal:lead_ingot":21,"ftbsluice:diamond_mesh":1,"minecraft:flint":2,"thermal:strawberry":9,"minecraft:wooden_axe":2,"mysticalagriculture:infusion_altar":1,"better_diving:ultra_glide_fins":2,"minecraft:stonecutter":1,"minecraft:torch":8,"rid:2x_compressed_gravel":9},"minecraft:used":{"immersiveengineering:fluid_pump":1,"ftbsluice:diamond_sluice":5,"refinedstorage:exporter":3,"minecraft:chest":6,"mysticalagriculture:infusion_altar":1,"chisel:andesite/soft_bricks":2,"constructionwand:iron_wand":55,"ftbsluice:wooden_hammer":159,"minecraft:bowl":64,"mekanismtools:diamond_paxel":360,"minecraft:milk_bucket":1,"ftbsluice:stone_hammer":249,"farmersdelight:bacon_sandwich":1,"rid:1x_compressed_cobblestone":26,"chisel:factory/rust2":2,"minecraft:bow":3,"minecraft:furnace":2,"minecraft:oak_sapling":15,"recycler:recycler":1,"minecraft:sand":44,"mob_grinding_utils:tank":10,"enderstorage:ender_tank":3,"mob_grinding_utils:saw":1,"minecraft:lever":6,"immersiveengineering:hammer":12,"minecraft:bread":29,"minecraft:gravel":88,"industrialforegoing:wither_builder":1,"ftbsluice:iron_sluice":4,"ftbdripper:dripper":1,"bloodmagic:altar":1,"obsidianboat:obsidianboat":5,"minecraft:bone_meal":4,"cfm:post_box":1,"ftbsluice:dust":5,"tconstruct:drowned_head":1,"minecraft:cooked_chicken":9,"minecraft:torch":8,"minecraft:dirt":92,"minecraft:hopper":10,"glassential:glass_ethereal_reverse":4,"thermal:strawberry_block":2,"mysticalagriculture:infusion_pedestal":8,"minecraft:wooden_axe":2,"minecraft:iron_block":1,"minecraft:golden_carrot":3,"ftbsluice:pump":12,"pipez:fluid_pipe":28,"minecraft:water_bucket":17,"mysticalagriculture:inferium_furnace":2,"simplylight:edge_light":5,"minecraft:crafting_table":1,"botanypots:hopper_botany_pot":1,"mekanism:creative_fluid_tank":3,"constructionwand:stone_wand":19,"tconstruct:seared_basin":6,"minecraft:oak_log":1,"thermal:copper_block":1,"refinedstorage:cable":2,"minecraft:apple":5,"cfm:stripped_warped_table":1,"tconstruct:seared_table":1,"cfm:fridge_dark":1,"industrialforegoing:mycelial_slimey":1,"cottonly:cotton_seeds":2,"minecraft:cobblestone":663,"ftbsluice:oak_sluice":1,"minecraft:bucket":130,"chisel:factory/dots":1,"minecraft:sea_pickle":2},"minecraft:killed_by":{"minecraft:player":3},"minecraft:killed":{"tconstruct:earth_slime":31,"minecraft:spider":1,"minecraft:skeleton":21,"minecraft:chicken":1,"minecraft:sheep":3,"minecraft:trader_llama":2,"minecraft:zombie":8,"minecraft:stray":3,"minecraft:phantom":3,"minecraft:drowned":7,"minecraft:wandering_trader":1,"minecraft:squid":1},"minecraft:dropped":{"simplylight:edge_light":1,"thermal:spice_cake":2,"akashictome:tome":2,"rid:gold_chunk":3,"minecraft:oak_log":24,"rid:iron_cluster":4,"mekanism:creative_fluid_tank":1,"minecraft:lantern":1,"miniutilities:blessed_earth":32,"mob_grinding_utils:tank":1,"chisel:andesite/soft_bricks":1,"notenoughwands:acceleration_wand":2,"thermal:flax_seeds":1,"rid:nickel_chunk":2,"minecraft:dirt":46,"rid:aluminum_cluster":36,"mysticalagriculture:prudentium_furnace":1,"minecraft:mutton":6,"better_diving:rebreather":2,"tconstruct:small_axe_head":1,"betterendforge:guidebook":1,"minecraft:gold_nugget":24,"better_diving:ultra_glide_fins":2,"minecraft:sand":794,"chisel:cobblestone/weaver":1,"minecraft:gold_ingot":1,"losttrinkets:broken_heart_1":2,"minecraft:bone":54,"rid:silver_cluster":20,"rid:emerald_cluster":5,"tconstruct:pattern":16,"minecraft:gravel":16,"tconstruct:pickaxe":1,"mysticalagriculture:inferium_farmland":1,"minecraft:wheat":1,"cfm:post_box":3,"minecraft:rotten_flesh":12,"extrastorage:netherite_crafter":1,"losttrinkets:sticky_mind":1,"minecraft:white_bed":1,"rid:copper_chunk":4,"better_diving:standard_o2_tank":1,"mysticalagriculture:pig_seeds":1,"industrialforegoing:material_stonework_factory":1,"chisel:iron_chisel":2,"minecraft:tipped_arrow":1,"minecraft:mossy_stone_brick_wall":1,"minecraft:gunpowder":4,"rid:titanium_cluster":13,"minecraft:skeleton_skull":3,"minecraft:jungle_stairs":1,"minecraft:charcoal":52,"mysticalagriculture:inferium_essence":17,"immersiveengineering:ingot_aluminum":1,"minecraft:chest":1,"rid:uranium_cluster":13,"tconstruct:small_blade":1,"minecraft:arrow":26,"obsidianboat:obsidianboat":3,"better_diving:improved_wetsuit_leggings":2,"tconstruct:pickaxe_head":1,"rid:osmium_chunk":1,"rid:mob_soul":20,"minecraft:iron_ingot":22,"botania:terraform_rod":1,"industrialforegoing:mycelial_slimey":1,"minecraft:golden_helmet":2,"fluxnetworks:flux_core":1,"storagedrawers:shroud_key":1,"minecraft:cobblestone":1,"minecraft:prismarine_crystals":8,"minecraft:apple":3,"rid:osmium_cluster":33,"minecraft:coal":2,"mysticalagriculture:blitz_seeds":1,"powah:energizing_rod_basic":1,"rid:lead_cluster":17,"tconstruct:broad_axe_head":1,"rid:1x_compressed_cobblestone":2,"mysticalagriculture:dye_seeds":1,"ftbjarmod:cast_iron_nugget":3,"botania:skydirt_rod":1,"rid:copper_cluster":4,"minecraft:music_disc_ward":2,"minecraft:music_disc_wait":3,"minecraft:string":20,"minecraft:lily_pad":5,"minecraft:bucket":2,"powah:uraninite_raw":1,"mysticalagradditions:inferium_paxel":1,"rid:tin_cluster":19,"ftbsluice:iron_sluice":1,"miniutilities:experience_pearl_1x":1,"mekanismtools:diamond_paxel":1,"minecraft:kelp":2,"better_diving:high_capacity_o2_tank":2,"minecraft:netherite_ingot":1,"extrastorage:block_1024k":1,"minecraft:blaze_rod":16,"minecraft:chiseled_quartz_block":13,"minecraft:jukebox":1,"thermal:strawberry_block":1,"minecraft:dark_oak_sign":1,"rftoolsstorage:storage_module0":2,"rid:diamond_cluster":2,"ftbsluice:pump":1,"thermal:eggplant_block":2,"minecraft:clay_ball":76,"chisel:factory/rust2":3,"immersiveengineering:hammer":1,"ftbsluice:stone_hammer":2,"minecraft:potato":2,"pipez:fluid_pipe":2,"rid:nickel_cluster":17,"minecraft:stone":58,"minecraft:sea_pickle":9,"minecraft:mossy_stone_bricks":3,"mysticalagriculture:refined_obsidian_seeds":1,"minecraft:stone_bricks":2,"minecraft:slime_ball":4,"cottonly:ball":1,"rid:iron_chunk":10},"minecraft:picked_up":{"minecraft:wheat":122,"rid:osmium_chunk":2,"cb_microblock:microblock":2,"minecraft:chainmail_boots":1,"tconstruct:broad_axe_head":1,"minecraft:lead":4,"mysticalagriculture:iron_seeds":1,"chisel:iron_chisel":2,"mysticalagriculture:prosperity_seed_base":4,"rid:diamond_chunk":1,"immersiveengineering:dust_aluminum":29,"tconstruct:hand_axe":1,"rid:iron_chunk":71,"thermal:sulfur":6,"minecraft:sea_pickle":18,"mysticalagriculture:inferium_essence":24,"minecraft:bucket":4,"losttrinkets:broken_heart_1":4,"minecraft:furnace":2,"minecraft:tipped_arrow":1,"minecraft:golden_helmet":2,"minecraft:stick":20,"ftbsluice:stone_hammer":2,"minecraft:jukebox":1,"losttrinkets:miners_pick":1,"mysticalagriculture:prosperity_shard":36,"rid:tin_chunk":9,"mysticalagriculture:infusion_crystal":1,"mob_grinding_utils:saw":1,"minecraft:vine":6,"rid:gold_cluster":34,"chiselsandbits:chisel_iron":1,"thermal:flax_seeds":2,"rid:1x_compressed_cobblestone":2,"tconstruct:small_blade":1,"losttrinkets:fire_mind":1,"miniutilities:experience_pearl_1x":1,"storagedrawers:emerald_storage_upgrade":2,"botania:manasteel_ingot":2,"enderstorage:ender_tank":3,"minecraft:rotten_flesh":19,"minecraft:tropical_fish":1,"ftbsluice:dust":44,"minecraft:music_disc_ward":2,"tconstruct:drowned_head":1,"minecraft:iron_block":1,"rid:lead_cluster":2,"tconstruct:small_axe_head":1,"minecraft:blaze_rod":16,"minecraft:leather_horse_armor":1,"minecraft:music_disc_wait":3,"chisel:andesite/soft_bricks":4,"minecraft:obsidian":10,"minecraft:iron_bars":6,"minecraft:cobblestone":80,"rid:nickel_cluster":2,"minecraft:sponge":8,"thermal:strawberry_block":3,"minecraft:feather":2,"tconstruct:greenheart_log":6,"minecraft:jungle_log":90,"chisel:carpet/gray/llama":16,"minecraft:chiseled_quartz_block":62,"minecraft:potato":3,"losttrinkets:sticky_mind":3,"trashcans:item_trash_can":1,"better_diving:diving_mask":1,"notenoughwands:acceleration_wand":2,"mysticalagriculture:dirt_seeds":1,"minecraft:lapis_lazuli":73,"minecraft:dirt":206,"minecraft:lantern":1,"thermal:rf_coil":4,"industrialforegoing:mycelial_slimey":1,"botania:mana_diamond":2,"minecraft:glass":4,"minecraft:bone":66,"cfm:stripped_warped_table":1,"ftbdripper:dripper":1,"pipez:fluid_pipe":25,"minecraft:bow":2,"minecraft:wheat_seeds":244,"rid:aluminum_chunk":9,"trashcans:ultimate_trash_can":1,"minecraft:dark_oak_sign":1,"tconstruct:seared_table":1,"cfm:post_box":4,"minecraft:mossy_stone_bricks":3,"tconstruct:sky_slime_sapling":7,"ftbsluice:iron_mesh":1,"ftbsluice:pump":14,"patchouli:guide_book":3,"draconicevolution:draconium_ingot":3,"cottonly:ball":9,"minecraft:sand":155,"rid:fluorite_chunk":1,"minecraft:melon":2,"minecraft:ink_sac":2,"losttrinkets:warm_void":1,"minecraft:diamond":2,"tconstruct:seared_basin":1,"minecraft:lever":4,"better_diving:ultra_glide_fins":1,"thermal:eggplant_seeds":2,"minecraft:bone_meal":7,"mekanism:advanced_control_circuit":4,"minecraft:bread":22,"minecraft:oak_sapling":33,"betterendforge:guidebook":2,"rid:titanium_chunk":2,"minecraft:charcoal":105,"glassential:glass_ethereal_reverse":12,"botania:life_essence":2,"minecraft:chicken":1,"minecraft:clay_ball":152,"thermal:cinnabar":3,"cottonly:cotton_seeds":18,"tconstruct:skyroot_log":6,"rid:nickel_chunk":4,"minecraft:diamond_horse_armor":2,"rid:mob_soul":30,"rid:iron_cluster":9,"minecraft:chain":2,"rid:lead_chunk":9,"immersiveengineering:ingot_aluminum":6,"enderstorage:ender_pouch":1,"losttrinkets:serpent_tooth":1,"better_diving:high_capacity_o2_tank":1,"minecraft:mycelium":3,"rid:aluminum_cluster":2,"immersiveengineering:fluid_pump":1,"losttrinkets:tha_cloud":1,"minecraft:poppy":6,"tconstruct:earth_slime_sling":2,"thermal:niter":1,"rid:1x_compressed_sand":2,"minecraft:chest":6,"minecraft:phantom_membrane":2,"minecraft:sandstone":32,"rid:copper_chunk":56,"better_diving:rebreather":1,"minecraft:stone":58,"losttrinkets:turtle_shell":1,"mysticalagriculture:refined_obsidian_seeds":1,"ftbsluice:gold_mesh":2,"minecraft:music_disc_mellohi":1,"akashictome:tome":2,"tconstruct:pickaxe":1,"better_diving:wetsuit_leggings":2,"farmersdelight:tomato_seeds":1,"tconstruct:sky_slime_dirt":3,"botania:hourglass":1,"ftbsluice:iron_sluice":7,"rid:silver_chunk":10,"minecraft:carrot":4,"minecraft:prismarine_crystals":13,"mysticalagriculture:inferium_farmland":1,"minecraft:iron_horse_armor":2,"rid:osmium_cluster":1,"tconstruct:sky_slime_ball":3,"minecraft:arrow":42,"immersiveengineering:cloche":1,"minecraft:jungle_stairs":1,"industrialforegoing:straw":1,"minecraft:hay_block":6,"glassential:glass_light":4,"rid:gold_chunk":13,"minecraft:saddle":1,"minecraft:gold_ingot":2,"tconstruct:earth_slime_sapling":3,"minecraft:mutton":6,"minecraft:skeleton_skull":3,"minecraft:white_wool":79,"simplylight:edge_light":6,"losttrinkets:treasure_bag":3,"minecraft:golden_carrot":64,"rid:lapis_chunk":1,"better_diving:standard_o2_tank":6,"minecraft:leather":3,"storagedrawers:upgrade_template":4,"minecraft:red_mushroom":2,"ftbsluice:oak_sluice":1,"mob_grinding_utils:tank":11,"minecraft:oak_log":57,"minecraft:chainmail_chestplate":1,"minecraft:lily_pad":7,"chisel:cobblestone/weaver":1,"minecraft:gunpowder":7,"rid:redstone_chunk":1,"botanypots:hopper_botany_pot":1,"trashcans:energy_trash_can":2,"ftbsluice:cloth_mesh":4,"minecraft:apple":9,"minecraft:stone_bricks":2,"minecraft:kelp":9,"rid:copper_cluster":12,"farmersdelight:fruit_salad":3,"minecraft:iron_ingot":7,"refinedstorage:cable":1,"mysticalagriculture:inferium_watering_can":1,"minecraft:mossy_stone_brick_wall":1,"chisel:factory/rust2":6,"mekanism:creative_fluid_tank":2,"thermal:copper_block":1,"industrialforegoing:material_stonework_factory":1,"mysticalagradditions:inferium_paxel":1,"glassential:glass_dark":4,"minecraft:dandelion":2,"minecraft:gravel":370,"powah:uraninite_raw":1,"mekanismtools:diamond_paxel":2,"rid:tin_cluster":1,"thermal:eggplant_block":2,"minecraft:white_bed":1,"rid:silver_cluster":1,"obsidianboat:obsidianboat":7,"thermal:spice_cake":3,"minecraft:spider_eye":1,"thermal:rice_seeds":1,"chisel:factory/dots":1,"minecraft:slime_ball":31,"bloodmagic:reinforcedslate":1,"minecraft:campfire":2,"losttrinkets:book_o_enchanting":1,"ftbjarmod:cast_iron_nugget":3,"cfm:fridge_dark":1,"losttrinkets:broken_heart_4":1,"better_diving:improved_wetsuit_leggings":1,"minecraft:lodestone":1,"minecraft:crimson_nylium":4,"immersiveengineering:hammer":1,"minecraft:hopper":3},"minecraft:custom":{"minecraft:interact_with_crafting_table":36,"minecraft:open_barrel":95,"minecraft:leave_game":3,"minecraft:time_since_death":99524,"minecraft:sprint_one_cm":400136,"minecraft:drop":204,"minecraft:talked_to_villager":2,"minecraft:deaths":3,"minecraft:jump":1548,"minecraft:walk_on_water_one_cm":165375,"minecraft:enchant_item":7,"minecraft:interact_with_furnace":511,"minecraft:play_one_minute":570588,"minecraft:sleep_in_bed":5,"minecraft:damage_dealt":8255,"minecraft:player_kills":1,"minecraft:crouch_one_cm":21369,"minecraft:interact_with_anvil":4,"minecraft:mob_kills":86,"minecraft:inspect_hopper":12,"minecraft:climb_one_cm":1215,"minecraft:walk_one_cm":1534175,"minecraft:sneak_time":11374,"minecraft:walk_under_water_one_cm":146928,"minecraft:boat_one_cm":8143,"minecraft:time_since_rest":99550,"minecraft:damage_taken":2755,"minecraft:use_wand":707,"minecraft:swim_one_cm":256562,"minecraft:fly_one_cm":83639,"minecraft:open_chest":664,"minecraft:fall_one_cm":15427},"minecraft:mined":{"ftbstructures:small_crate":1,"minecraft:oak_sapling":2,"thermal:strawberry_block":1,"ftbsluice:iron_sluice":6,"ftbstructures:red_barrel":2,"chisel:factory/dots":2,"minecraft:jungle_leaves":3,"ftbsluice:dust":5,"tconstruct:earth_slime_tall_grass":1,"minecraft:grass_block":54,"minecraft:jungle_log":46,"ftbsluice:pump":14,"thermal:copper_block":1,"ftbstructures:green_barrel":22,"minecraft:hopper":4,"minecraft:spawner":15,"tconstruct:seared_table":1,"chisel:andesite/soft_bricks":4,"pipez:fluid_pipe":24,"ftbdripper:dripper":1,"ftbstructures:golden_barrel":3,"minecraft:iron_block":1,"tconstruct:sky_slime_dirt":1,"ftbstructures:purple_barrel":20,"cfm:stripped_warped_table":1,"minecraft:kelp_plant":2,"minecraft:soul_fire":1,"minecraft:blue_stained_glass":3,"cfm:dark_oak_hedge":1,"minecraft:clay":19,"ftbstructures:pulsating_crate":1,"minecraft:poppy":6,"chisel:factory/metalbox":1,"tconstruct:greenheart_log":6,"minecraft:chest":7,"mob_grinding_utils:tank":10,"ftbstructures:black_barrel":8,"minecraft:cobblestone":77,"ftbstructures:blue_barrel":9,"minecraft:mossy_stone_brick_wall":1,"minecraft:wheat":3,"minecraft:grass":17,"tconstruct:earth_sky_slime_grass":2,"cfm:post_box":1,"minecraft:oak_log":51,"immersiveengineering:fluid_pump":1,"minecraft:sand":45,"minecraft:dirt":82,"mekanism:creative_fluid_tank":1,"minecraft:oak_leaves":22,"minecraft:sea_lantern":1,"minecraft:lever":4,"refinedstorage:cable":2,"industrialforegoing:mycelial_slimey":1,"ftbsluice:diamond_sluice":1,"ftbstructures:white_barrel":8,"minecraft:furnace":2,"minecraft:lantern":1,"simplylight:edge_light":5,"tconstruct:earth_congealed_slime":1,"minecraft:stone":12,"mob_grinding_utils:saw":1,"ftbstructures:crate":14,"minecraft:dandelion":2,"tconstruct:seared_basin":6,"minecraft:campfire":30,"enderstorage:ender_tank":2,"chisel:factory/rust2":6,"chisel:cobblestone/weaver":1,"tconstruct:skyroot_log":6,"minecraft:gravel":190,"minecraft:lodestone":2,"minecraft:stone_bricks":1,"minecraft:mossy_stone_bricks":2},"minecraft:broken":{"constructionwand:iron_wand":2,"minecraft:wooden_axe":2,"ftbsluice:stone_hammer":1,"constructionwand:stone_wand":1,"ftbsluice:wooden_hammer":1}},"DataVersion":2586}