{"stats":{"minecraft:dropped":{"tconstruct:pattern":16,"tconstruct:pickaxe":1,"akashictome:tome":2,"minecraft:golden_helmet":2,"minecraft:oak_log":18,"minecraft:dark_oak_sign":1,"rftoolsstorage:storage_module0":1,"storagedrawers:shroud_key":1,"ftbsluice:pump":1,"cfm:post_box":1,"minecraft:clay_ball":76,"chisel:iron_chisel":1,"tconstruct:small_axe_head":1,"rid:iron_chunk":6,"obsidianboat:obsidianboat":1,"ftbsluice:iron_sluice":1},"minecraft:used":{"cfm:post_box":1,"ftbsluice:dust":2,"minecraft:dirt":26,"minecraft:sand":14,"minecraft:crafting_table":1,"ftbsluice:wooden_hammer":102,"thermal:strawberry_block":2,"minecraft:bowl":64,"minecraft:oak_log":1,"minecraft:wooden_axe":2,"minecraft:apple":5,"cfm:stripped_warped_table":1,"minecraft:bread":2,"minecraft:gravel":34,"cottonly:cotton_seeds":1,"ftbsluice:iron_sluice":2,"minecraft:cobblestone":18,"minecraft:furnace":1,"minecraft:oak_sapling":13,"ftbsluice:pump":3,"minecraft:sea_pickle":2,"obsidianboat:obsidianboat":1},"minecraft:custom":{"minecraft:interact_with_furnace":4,"minecraft:interact_with_crafting_table":6,"minecraft:open_barrel":38,"minecraft:play_one_minute":66581,"minecraft:time_since_death":66581,"minecraft:time_since_rest":66581,"minecraft:sprint_one_cm":47823,"minecraft:damage_taken":126,"minecraft:walk_one_cm":209428,"minecraft:drop":20,"minecraft:damage_dealt":28,"minecraft:swim_one_cm":20772,"minecraft:fly_one_cm":12721,"minecraft:open_chest":9,"minecraft:crouch_one_cm":1788,"minecraft:sneak_time":1736,"minecraft:walk_under_water_one_cm":9261,"minecraft:jump":270,"minecraft:walk_on_water_one_cm":22128,"minecraft:fall_one_cm":3367},"minecraft:mined":{"cfm:stripped_warped_table":1,"minecraft:oak_sapling":2,"thermal:strawberry_block":1,"ftbsluice:iron_sluice":2,"ftbstructures:crate":6,"minecraft:clay":19,"cfm:dark_oak_hedge":1,"ftbsluice:dust":2,"minecraft:grass_block":39,"minecraft:chest":4,"minecraft:campfire":30,"ftbstructures:black_barrel":1,"minecraft:cobblestone":18,"ftbsluice:pump":3,"ftbstructures:green_barrel":4,"minecraft:hopper":1,"ftbstructures:blue_barrel":2,"ftbstructures:white_barrel":4,"minecraft:wheat":1,"cfm:post_box":1,"minecraft:oak_log":51,"minecraft:gravel":50,"minecraft:sand":14,"minecraft:dirt":26,"ftbstructures:golden_barrel":1,"minecraft:stone":8,"minecraft:oak_leaves":22},"minecraft:picked_up":{"minecraft:sponge":8,"thermal:strawberry_block":2,"losttrinkets:treasure_bag":1,"minecraft:charcoal":60,"minecraft:chainmail_boots":1,"minecraft:clay_ball":152,"better_diving:standard_o2_tank":2,"storagedrawers:upgrade_template":4,"minecraft:lead":2,"cottonly:cotton_seeds":1,"minecraft:chiseled_quartz_block":8,"chisel:iron_chisel":1,"minecraft:chainmail_chestplate":1,"minecraft:lily_pad":3,"minecraft:oak_log":51,"rid:lead_chunk":1,"minecraft:dirt":88,"thermal:rf_coil":2,"botania:mana_diamond":2,"ftbsluice:cloth_mesh":2,"minecraft:glass":4,"rid:iron_chunk":6,"cfm:stripped_warped_table":1,"minecraft:apple":5,"minecraft:sea_pickle":2,"minecraft:wheat_seeds":1,"rid:aluminum_chunk":1,"minecraft:dark_oak_sign":1,"cfm:post_box":2,"minecraft:chest":4,"minecraft:golden_helmet":2,"rid:copper_chunk":9,"minecraft:stick":20,"ftbsluice:pump":3,"akashictome:tome":2,"tconstruct:pickaxe":1,"better_diving:wetsuit_leggings":1,"minecraft:gravel":18,"minecraft:sand":32,"rid:tin_chunk":2,"ftbsluice:iron_sluice":3,"rid:silver_chunk":2,"minecraft:carrot":4,"obsidianboat:obsidianboat":2,"minecraft:iron_horse_armor":1,"botania:manasteel_ingot":2,"bloodmagic:reinforcedslate":1,"ftbsluice:dust":11,"industrialforegoing:straw":1,"minecraft:hay_block":4,"thermal:eggplant_seeds":1,"minecraft:saddle":1,"minecraft:bone_meal":1,"tconstruct:small_axe_head":1,"rid:gold_chunk":2,"minecraft:bread":13,"minecraft:leather_horse_armor":1,"minecraft:oak_sapling":31,"minecraft:iron_bars":3,"minecraft:white_wool":12,"minecraft:hopper":1,"minecraft:cobblestone":72},"minecraft:broken":{"minecraft:wooden_axe":2},"minecraft:crafted":{"minecraft:oak_planks":20,"minecraft:iron_nugget":1,"minecraft:crafting_table":1,"minecraft:bowl":4,"minecraft:furnace":1,"ftbsluice:wooden_hammer":1,"minecraft:air":36,"minecraft:stick":20,"minecraft:wooden_axe":2}},"DataVersion":2586}