{"stats":{"minecraft:killed_by":{"minecraft:player":3},"minecraft:custom":{"minecraft:interact_with_crafting_table":36,"minecraft:open_barrel":95,"minecraft:leave_game":5,"minecraft:time_since_death":136610,"minecraft:sprint_one_cm":576281,"minecraft:drop":208,"minecraft:talked_to_villager":6,"minecraft:deaths":4,"minecraft:jump":2100,"minecraft:enchant_item":7,"minecraft:walk_on_water_one_cm":167025,"minecraft:interact_with_furnace":517,"minecraft:play_one_minute":762672,"minecraft:sleep_in_bed":6,"minecraft:damage_dealt":8945,"minecraft:player_kills":1,"minecraft:crouch_one_cm":27380,"minecraft:interact_with_smithing_table":1,"minecraft:interact_with_anvil":4,"minecraft:mob_kills":90,"minecraft:inspect_hopper":26,"minecraft:climb_one_cm":1215,"minecraft:walk_one_cm":1872692,"minecraft:sneak_time":14138,"minecraft:walk_under_water_one_cm":148775,"minecraft:boat_one_cm":8143,"minecraft:time_since_rest":33775,"minecraft:damage_taken":3451,"minecraft:use_wand":1143,"minecraft:swim_one_cm":256562,"minecraft:fly_one_cm":128377,"minecraft:open_chest":735,"minecraft:fall_one_cm":19332},"minecraft:crafted":{"pipez:wrench":1,"minecraft:oak_planks":84,"immersiveengineering:hammer":5,"mekanism:ingot_osmium":43,"minecraft:cooked_chicken":29,"minecraft:sand":6444,"thermal:blizz_powder":28,"ftbsluice:oak_sluice":1,"better_diving:wetsuit_leggings":1,"minecraft:stone":64,"thermal:lead_nugget":10,"patchouli:guide_book":1,"pipez:fluid_pipe":16,"ftbsluice:diamond_hammer":1,"ftbsluice:iron_hammer":1,"minecraft:glass":56,"minecraft:hopper":13,"thermal:iron_dust":2,"rid:2x_compressed_cobblestone":27,"minecraft:repeater":1,"rid:lapis_cluster":13,"thermal:ice_charge":15,"ftbsluice:gold_mesh":2,"ftbsluice:stone_hammer":1,"minecraft:comparator":2,"thermal:silver_dust":1,"krate:krate_large":1,"better_diving:high_capacity_o2_tank":2,"minecraft:chest":9,"ftbsluice:iron_mesh":1,"thermal:gold_dust":4,"minecraft:flower_pot":1,"recycler:recycler":1,"better_diving:diving_mask":2,"rid:1x_compressed_gravel":387,"minecraft:cooked_rabbit":44,"immersiveengineering:ingot_aluminum":51,"rftoolspower:coalgenerator":1,"storagedrawers:obsidian_storage_upgrade":1,"minecraft:crafting_table":1,"rid:2x_compressed_sand":54,"minecraft:gravel":2889,"constructionwand:iron_wand":4,"thermal:nickel_nugget":2,"minecraft:smithing_table":1,"bloodmagic:sacrificialdagger":1,"thermal:silver_nugget":8,"bloodmagic:altar":1,"rid:diamond_cluster":29,"ftbsluice:wooden_hammer":1,"thermal:nickel_ingot":21,"minecraft:string":4,"minecraft:book":1,"rid:osmium_cluster":1,"better_diving:fiber_mesh":15,"minecraft:stone_slab":6,"minecraft:stick":108,"rid:1x_compressed_sand":702,"minecraft:iron_ingot":280,"minecraft:iron_block":3,"minecraft:gold_ingot":44,"bloodmagic:blankrune":8,"minecraft:redstone_torch":96,"ftbsluice:iron_sluice":2,"thermal:tin_ingot":114,"minecraft:shears":1,"thermal:strawberry_block":1,"mysticalagriculture:inferium_furnace":2,"recycler:advanced_recycler":1,"better_diving:fins":2,"rftoolsbase:machine_frame":1,"minecraft:iron_nugget":50,"thermal:copper_ingot":297,"mysticalagriculture:water_agglomeratio":4,"mysticalagriculture:infusion_pedestal":8,"mekanism:nugget_osmium":3,"minecraft:furnace":2,"mysticalagriculture:prosperity_ingot":7,"minecraft:piston":2,"ftbsluice:diamond_sluice":4,"mekanism:ingot_uranium":8,"miniutilities:unstable_ingot":1,"minecraft:white_carpet":66,"mysticalagriculture:inferium_ingot":7,"minecraft:flint_and_steel":1,"minecraft:basalt":220,"minecraft:netherrack":96,"mysticalagriculture:inferium_block":2,"storagedrawers:controller":1,"botanypots:botany_pot":1,"mekanism:ingot_refined_obsidian":14,"thermal:silver_ingot":28,"better_diving:rebreather":2,"better_diving:improved_wetsuit_leggings":2,"minecraft:redstone_block":3,"rid:iron_cluster":331,"storagedrawers:diamond_storage_upgrade":1,"mysticalagriculture:prudentium_essence":370,"thermal:blitz_rod":6,"miniutilities:blursed_earth":8,"pipez:energy_pipe":16,"minecraft:iron_sword":1,"minecraft:bowl":4,"minecraft:ice":4,"minecraft:bucket":2,"storagedrawers:illumination_upgrade":8,"mysticalagriculture:earth_agglomeratio":19,"thermal:tin_nugget":9,"minecraft:red_carpet":48,"ftbsluice:iron_auto_hammer":1,"thermal:copper_nugget":60,"minecraft:air":2257,"storagedrawers:compacting_drawers_3":1,"botanypots:hopper_botany_pot":1,"minecraft:gold_nugget":9,"thermal:lead_ingot":21,"storagedrawers:void_upgrade":1,"minecraft:flint":2,"ftbsluice:diamond_mesh":3,"thermal:strawberry":9,"minecraft:wooden_axe":2,"mysticalagriculture:infusion_altar":1,"better_diving:ultra_glide_fins":2,"minecraft:stonecutter":1,"mysticalagriculture:fire_agglomeratio":4,"minecraft:torch":8,"rid:2x_compressed_gravel":27},"minecraft:dropped":{"thermal:spice_cake":2,"akashictome:tome":2,"simplylight:edge_light":1,"rid:gold_chunk":3,"minecraft:oak_log":24,"mekanism:creative_fluid_tank":1,"rid:iron_cluster":4,"minecraft:lantern":1,"miniutilities:blessed_earth":32,"mob_grinding_utils:tank":1,"chisel:andesite/soft_bricks":1,"notenoughwands:acceleration_wand":2,"thermal:flax_seeds":1,"rid:nickel_chunk":2,"mob_grinding_utils:saw":1,"minecraft:dirt":46,"ftblibrary:fluid_container":1,"rid:aluminum_cluster":36,"better_diving:rebreather":2,"minecraft:mutton":6,"mysticalagriculture:prudentium_furnace":1,"tconstruct:small_axe_head":1,"betterendforge:guidebook":1,"minecraft:gold_nugget":24,"minecraft:sand":794,"better_diving:ultra_glide_fins":2,"chisel:cobblestone/weaver":1,"losttrinkets:broken_heart_1":2,"minecraft:gold_ingot":1,"minecraft:bone":54,"rid:emerald_cluster":5,"tconstruct:pattern":16,"rid:silver_cluster":20,"minecraft:gravel":16,"tconstruct:pickaxe":1,"mysticalagriculture:inferium_farmland":1,"minecraft:wheat":1,"cfm:post_box":3,"minecraft:rotten_flesh":12,"extrastorage:netherite_crafter":1,"losttrinkets:sticky_mind":1,"minecraft:white_bed":1,"rid:copper_chunk":4,"better_diving:standard_o2_tank":1,"mysticalagriculture:pig_seeds":1,"refinedstorage:silicon":32,"industrialforegoing:material_stonework_factory":1,"chisel:iron_chisel":2,"minecraft:tipped_arrow":1,"minecraft:mossy_stone_brick_wall":1,"minecraft:gunpowder":4,"rid:titanium_cluster":13,"minecraft:skeleton_skull":3,"minecraft:jungle_stairs":1,"minecraft:charcoal":52,"mysticalagriculture:inferium_essence":17,"immersiveengineering:ingot_aluminum":1,"minecraft:chest":1,"rid:uranium_cluster":13,"tconstruct:small_blade":1,"minecraft:arrow":26,"obsidianboat:obsidianboat":3,"better_diving:improved_wetsuit_leggings":2,"tconstruct:pickaxe_head":1,"rid:osmium_chunk":1,"rid:mob_soul":20,"minecraft:iron_ingot":22,"botania:terraform_rod":1,"industrialforegoing:mycelial_slimey":1,"simplyjetpacks:jetpack_vanilla3":1,"minecraft:golden_helmet":2,"fluxnetworks:flux_core":1,"storagedrawers:shroud_key":1,"minecraft:cobblestone":1,"minecraft:prismarine_crystals":8,"minecraft:apple":3,"rid:osmium_cluster":33,"minecraft:coal":2,"mysticalagriculture:blitz_seeds":1,"powah:energizing_rod_basic":1,"rid:lead_cluster":17,"tconstruct:broad_axe_head":1,"rid:1x_compressed_cobblestone":2,"mysticalagriculture:dye_seeds":1,"botania:skydirt_rod":1,"ftbjarmod:cast_iron_nugget":3,"rid:copper_cluster":4,"minecraft:music_disc_ward":2,"minecraft:music_disc_wait":3,"minecraft:string":20,"minecraft:lily_pad":5,"minecraft:bucket":2,"mysticalagradditions:inferium_paxel":1,"powah:uraninite_raw":1,"rid:tin_cluster":19,"ftbsluice:iron_sluice":1,"mekanismtools:diamond_paxel":1,"miniutilities:experience_pearl_1x":1,"minecraft:kelp":2,"better_diving:high_capacity_o2_tank":2,"minecraft:netherite_ingot":1,"extrastorage:block_1024k":1,"minecraft:chiseled_quartz_block":13,"minecraft:blaze_rod":16,"minecraft:dark_oak_sign":1,"minecraft:jukebox":1,"rftoolsstorage:storage_module0":2,"thermal:strawberry_block":1,"rid:diamond_cluster":2,"ftbsluice:pump":1,"thermal:eggplant_block":2,"minecraft:clay_ball":76,"chisel:factory/rust2":3,"immersiveengineering:hammer":1,"ftbsluice:stone_hammer":2,"pipez:fluid_pipe":2,"minecraft:potato":2,"rid:nickel_cluster":17,"minecraft:stone":58,"minecraft:sea_pickle":9,"minecraft:mossy_stone_bricks":3,"mysticalagriculture:refined_obsidian_seeds":1,"minecraft:stone_bricks":2,"minecraft:slime_ball":4,"cottonly:ball":1,"rid:iron_chunk":10},"minecraft:broken":{"constructionwand:iron_wand":3,"minecraft:wooden_axe":2,"ftbsluice:stone_hammer":1,"constructionwand:stone_wand":1,"ftbsluice:wooden_hammer":1,"ftbsluice:iron_hammer":1},"minecraft:used":{"immersiveengineering:fluid_pump":1,"ftbsluice:diamond_sluice":7,"refinedstorage:exporter":7,"bloodmagic:blankrune":8,"rftoolspower:coalgenerator":2,"minecraft:chest":6,"mysticalagriculture:infusion_altar":1,"chisel:andesite/soft_bricks":2,"constructionwand:iron_wand":93,"ftbsluice:wooden_hammer":159,"minecraft:bowl":64,"mekanismtools:diamond_paxel":409,"minecraft:milk_bucket":1,"minecraft:lava_bucket":7,"ftbsluice:stone_hammer":249,"refinedstorage:importer":3,"farmersdelight:bacon_sandwich":1,"rid:1x_compressed_cobblestone":26,"chisel:factory/rust2":2,"minecraft:bow":3,"minecraft:oak_sapling":15,"minecraft:furnace":2,"ftbsluice:netherite_sluice":2,"recycler:recycler":1,"minecraft:sand":44,"minecraft:shears":15,"mob_grinding_utils:tank":10,"enderstorage:ender_tank":3,"mob_grinding_utils:saw":1,"industrialforegoing:material_stonework_factory":1,"minecraft:lever":6,"immersiveengineering:hammer":12,"ftbsluice:iron_auto_hammer":1,"minecraft:bread":29,"minecraft:gravel":88,"industrialforegoing:wither_builder":1,"ftbsluice:iron_sluice":4,"ftbjarmod:jar":1,"minecraft:smithing_table":1,"bloodmagic:altar":1,"ftbdripper:dripper":1,"obsidianboat:obsidianboat":5,"minecraft:bone_meal":5,"cfm:post_box":1,"minecraft:flint_and_steel":2,"ftbsluice:dust":5,"tconstruct:drowned_head":1,"minecraft:cooked_chicken":14,"minecraft:torch":10,"minecraft:dirt":92,"minecraft:hopper":14,"ftbjarmod:tempered_jar":2,"glassential:glass_ethereal_reverse":4,"thermal:strawberry_block":2,"mysticalagriculture:infusion_pedestal":8,"minecraft:wooden_axe":2,"minecraft:iron_block":1,"ftbsluice:iron_hammer":294,"minecraft:basalt":592,"minecraft:glowstone":1,"minecraft:golden_carrot":25,"ftbsluice:pump":12,"recycler:advanced_recycler":1,"pipez:fluid_pipe":36,"minecraft:water_bucket":17,"mysticalagriculture:inferium_furnace":2,"simplylight:edge_light":5,"mekanism:creative_fluid_tank":7,"minecraft:crafting_table":1,"botanypots:hopper_botany_pot":4,"constructionwand:stone_wand":19,"tconstruct:seared_basin":6,"minecraft:oak_log":1,"ftbjarmod:tube":1,"refinedstorage:cable":5,"thermal:copper_block":1,"minecraft:apple":5,"cfm:stripped_warped_table":1,"tconstruct:seared_table":1,"minecraft:stone_slab":4,"cfm:fridge_dark":1,"industrialforegoing:mycelial_slimey":1,"cottonly:cotton_seeds":2,"minecraft:cobblestone":663,"ftbsluice:oak_sluice":1,"powah:energy_cell_creative":2,"minecraft:bucket":146,"ftbsluice:diamond_hammer":298,"pipez:energy_pipe":5,"minecraft:sea_pickle":2,"chisel:factory/dots":1},"minecraft:killed":{"tconstruct:earth_slime":31,"minecraft:spider":1,"minecraft:skeleton":22,"minecraft:chicken":1,"minecraft:sheep":3,"minecraft:trader_llama":2,"minecraft:zombie":9,"minecraft:stray":3,"minecraft:phantom":3,"minecraft:drowned":7,"minecraft:wandering_trader":3,"minecraft:squid":1},"minecraft:mined":{"thermal:strawberry_block":1,"ftbstructures:small_crate":1,"minecraft:oak_sapling":2,"ftbsluice:iron_sluice":6,"ftbstructures:red_barrel":2,"chisel:factory/dots":2,"minecraft:jungle_leaves":3,"ftbsluice:dust":5,"tconstruct:earth_slime_tall_grass":1,"minecraft:grass_block":61,"minecraft:jungle_log":46,"thermal:copper_block":1,"ftbsluice:pump":14,"ftbstructures:green_barrel":22,"minecraft:hopper":4,"minecraft:spawner":15,"tconstruct:seared_table":1,"minecraft:glowstone":1,"chisel:andesite/soft_bricks":4,"pipez:fluid_pipe":27,"powah:energy_cell_creative":1,"ftbdripper:dripper":1,"ftbstructures:golden_barrel":3,"minecraft:iron_block":1,"tconstruct:sky_slime_dirt":1,"ftbstructures:purple_barrel":20,"cfm:stripped_warped_table":1,"minecraft:kelp_plant":2,"minecraft:soul_fire":3,"minecraft:torch":2,"minecraft:blue_stained_glass":3,"minecraft:clay":19,"cfm:dark_oak_hedge":1,"ftbstructures:pulsating_crate":1,"tconstruct:greenheart_log":6,"chisel:factory/metalbox":1,"minecraft:poppy":6,"minecraft:chest":7,"refinedstorage:importer":2,"mob_grinding_utils:tank":10,"ftbstructures:black_barrel":8,"minecraft:cobblestone":85,"ftbstructures:blue_barrel":9,"minecraft:mossy_stone_brick_wall":1,"minecraft:wheat":3,"minecraft:grass":32,"tconstruct:earth_sky_slime_grass":2,"cfm:post_box":1,"minecraft:oak_log":51,"immersiveengineering:fluid_pump":1,"minecraft:sand":45,"minecraft:dirt":82,"mekanism:creative_fluid_tank":4,"minecraft:oak_leaves":22,"minecraft:sea_lantern":1,"refinedstorage:exporter":3,"minecraft:lever":4,"ftbjarmod:tempered_jar":2,"refinedstorage:cable":2,"ftbsluice:diamond_sluice":4,"industrialforegoing:mycelial_slimey":1,"ftbstructures:white_barrel":8,"minecraft:furnace":2,"botanypots:hopper_botany_pot":1,"rftoolspower:coalgenerator":2,"industrialforegoing:material_stonework_factory":1,"minecraft:lantern":1,"simplylight:edge_light":5,"recycler:recycler":1,"tconstruct:earth_congealed_slime":1,"minecraft:stone":18,"mob_grinding_utils:saw":1,"minecraft:basalt":592,"ftbstructures:crate":14,"minecraft:dandelion":2,"tconstruct:seared_basin":6,"minecraft:campfire":30,"enderstorage:ender_tank":2,"minecraft:tall_grass":2,"chisel:factory/rust2":6,"chisel:cobblestone/weaver":1,"tconstruct:skyroot_log":6,"ftbsluice:netherite_sluice":1,"minecraft:gravel":190,"minecraft:lodestone":2,"minecraft:stone_bricks":1,"minecraft:mossy_stone_bricks":2},"minecraft:picked_up":{"powah:uraninite_raw_dense":1,"minecraft:wheat":122,"rid:osmium_chunk":2,"minecraft:chainmail_boots":1,"cb_microblock:microblock":2,"tconstruct:broad_axe_head":1,"minecraft:lead":7,"mysticalagriculture:water_seeds":1,"mysticalagriculture:iron_seeds":1,"mysticalagriculture:coal_seeds":1,"ftbsluice:netherite_sluice":1,"chisel:iron_chisel":2,"mysticalagriculture:prosperity_seed_base":4,"rid:diamond_chunk":1,"immersiveengineering:dust_aluminum":29,"tconstruct:hand_axe":1,"rid:iron_chunk":78,"thermal:sulfur":10,"minecraft:sea_pickle":18,"mysticalagriculture:inferium_essence":26,"minecraft:bucket":4,"integrateddynamics:menril_sapling":1,"losttrinkets:broken_heart_1":4,"mysticalagriculture:ice_seeds":1,"minecraft:furnace":2,"minecraft:golden_helmet":2,"minecraft:tipped_arrow":1,"minecraft:stick":20,"ftbsluice:stone_hammer":2,"minecraft:jukebox":1,"minecraft:torch":1,"losttrinkets:miners_pick":1,"mysticalagriculture:prosperity_shard":36,"rid:tin_chunk":9,"mysticalagriculture:infusion_crystal":1,"mob_grinding_utils:saw":1,"minecraft:vine":6,"rid:gold_cluster":34,"chiselsandbits:chisel_iron":1,"thermal:flax_seeds":2,"rid:1x_compressed_cobblestone":2,"tconstruct:small_blade":1,"losttrinkets:fire_mind":1,"thermal:apatite":7,"miniutilities:experience_pearl_1x":1,"botania:manasteel_ingot":2,"storagedrawers:emerald_storage_upgrade":2,"enderstorage:ender_tank":3,"minecraft:rotten_flesh":21,"minecraft:tropical_fish":1,"ftbsluice:dust":44,"mysticalagriculture:apatite_seeds":1,"ftbsluice:crushed_basalt":603,"farmersdelight:tree_bark":4,"minecraft:music_disc_ward":2,"tconstruct:drowned_head":1,"rid:lead_cluster":2,"minecraft:iron_block":1,"tconstruct:small_axe_head":1,"minecraft:end_rod":4,"minecraft:obsidian":10,"minecraft:blaze_rod":16,"minecraft:leather_horse_armor":1,"minecraft:music_disc_wait":3,"chisel:andesite/soft_bricks":4,"thermal:strawberry_block":3,"minecraft:iron_bars":6,"minecraft:sponge":8,"minecraft:cobblestone":88,"rid:nickel_cluster":2,"minecraft:feather":2,"tconstruct:greenheart_log":6,"minecraft:jungle_log":90,"chisel:carpet/gray/llama":16,"minecraft:chiseled_quartz_block":62,"minecraft:potato":3,"losttrinkets:sticky_mind":3,"better_diving:diving_mask":1,"trashcans:item_trash_can":1,"notenoughwands:acceleration_wand":2,"minecraft:lapis_lazuli":73,"mysticalagriculture:dirt_seeds":1,"minecraft:dirt":213,"minecraft:lantern":1,"thermal:rf_coil":4,"industrialforegoing:mycelial_slimey":1,"botania:mana_diamond":2,"minecraft:glass":4,"minecraft:bone":66,"cfm:stripped_warped_table":1,"ftbdripper:dripper":1,"pipez:fluid_pipe":27,"minecraft:bow":2,"minecraft:wheat_seeds":244,"rid:aluminum_chunk":12,"minecraft:dark_oak_sign":1,"trashcans:ultimate_trash_can":1,"tconstruct:seared_table":1,"cfm:post_box":4,"minecraft:mossy_stone_bricks":3,"minecraft:glowstone_dust":2,"tconstruct:sky_slime_sapling":7,"ftbsluice:iron_mesh":1,"ftbsluice:pump":14,"patchouli:guide_book":3,"cottonly:ball":9,"draconicevolution:draconium_ingot":3,"minecraft:sand":155,"rid:fluorite_chunk":1,"minecraft:melon":2,"minecraft:ink_sac":2,"losttrinkets:warm_void":1,"projectred-core:sapphire":2,"recycler:recycler":1,"minecraft:diamond":2,"tconstruct:seared_basin":1,"minecraft:lever":4,"better_diving:ultra_glide_fins":1,"thermal:eggplant_seeds":2,"minecraft:grass":19,"minecraft:bone_meal":8,"minecraft:bread":22,"mekanism:advanced_control_circuit":4,"minecraft:oak_sapling":33,"minecraft:netherrack":3,"betterendforge:guidebook":2,"rid:titanium_chunk":3,"minecraft:charcoal":105,"glassential:glass_ethereal_reverse":12,"botania:life_essence":2,"minecraft:chicken":1,"minecraft:clay_ball":152,"cottonly:cotton_seeds":18,"thermal:cinnabar":7,"tconstruct:skyroot_log":6,"rid:nickel_chunk":4,"rid:mob_soul":32,"minecraft:diamond_horse_armor":2,"rid:iron_cluster":9,"minecraft:chain":2,"rid:lead_chunk":10,"immersiveengineering:ingot_aluminum":6,"enderstorage:ender_pouch":1,"losttrinkets:serpent_tooth":1,"minecraft:mycelium":3,"better_diving:high_capacity_o2_tank":1,"refinedstorage:exporter":3,"rid:aluminum_cluster":2,"immersiveengineering:fluid_pump":1,"losttrinkets:tha_cloud":2,"simplyjetpacks:jetpack_mek2":1,"tconstruct:earth_slime_sling":2,"thermal:niter":6,"minecraft:poppy":6,"ftbsluice:diamond_mesh":3,"rid:1x_compressed_sand":2,"minecraft:chest":6,"minecraft:phantom_membrane":2,"refinedstorage:silicon":32,"minecraft:sandstone":32,"rid:copper_chunk":59,"better_diving:rebreather":1,"minecraft:stone":58,"losttrinkets:turtle_shell":1,"mysticalagriculture:refined_obsidian_seeds":1,"ftbsluice:gold_mesh":3,"minecraft:music_disc_mellohi":1,"tconstruct:pickaxe":1,"akashictome:tome":2,"better_diving:wetsuit_leggings":2,"farmersdelight:tomato_seeds":1,"tconstruct:sky_slime_dirt":3,"rid:silver_chunk":10,"ftbsluice:iron_sluice":7,"botania:hourglass":1,"minecraft:carrot":4,"mysticalagriculture:inferium_farmland":1,"minecraft:prismarine_crystals":13,"minecraft:iron_horse_armor":2,"rid:osmium_cluster":1,"mysticalagriculture:supremium_farmland":49,"projectred-core:ruby":1,"tconstruct:sky_slime_ball":3,"minecraft:arrow":43,"immersiveengineering:cloche":1,"minecraft:jungle_stairs":1,"mysticalagriculture:copper_seeds":1,"industrialforegoing:straw":1,"minecraft:hay_block":6,"minecraft:gold_ingot":2,"rid:gold_chunk":14,"minecraft:saddle":1,"glassential:glass_light":4,"tconstruct:earth_slime_sapling":3,"minecraft:mutton":6,"minecraft:skeleton_skull":3,"minecraft:white_wool":79,"simplylight:edge_light":6,"minecraft:stripped_oak_log":4,"losttrinkets:treasure_bag":3,"minecraft:golden_carrot":64,"rid:lapis_chunk":1,"rftoolspower:coalgenerator":2,"better_diving:standard_o2_tank":6,"minecraft:leather":7,"storagedrawers:upgrade_template":4,"minecraft:red_mushroom":2,"mob_grinding_utils:tank":11,"ftbsluice:oak_sluice":1,"minecraft:oak_log":57,"minecraft:chainmail_chestplate":1,"minecraft:lily_pad":7,"chisel:cobblestone/weaver":1,"minecraft:gunpowder":8,"rid:redstone_chunk":1,"ftbsluice:diamond_sluice":3,"botanypots:hopper_botany_pot":2,"trashcans:energy_trash_can":2,"ftbsluice:cloth_mesh":4,"minecraft:apple":9,"minecraft:stone_bricks":2,"minecraft:kelp":9,"rid:copper_cluster":12,"farmersdelight:fruit_salad":3,"minecraft:iron_ingot":7,"refinedstorage:cable":1,"mysticalagriculture:inferium_watering_can":1,"powah:energy_cell_creative":2,"minecraft:mossy_stone_brick_wall":1,"chisel:factory/rust2":6,"mekanism:creative_fluid_tank":5,"thermal:copper_block":1,"industrialforegoing:material_stonework_factory":2,"mysticalagradditions:inferium_paxel":1,"mysticalagriculture:fire_seeds":1,"mysticalagriculture:silicon_seeds":1,"glassential:glass_dark":4,"ftbjarmod:tempered_jar":2,"mysticalagriculture:aluminum_seeds":1,"minecraft:dandelion":2,"mysticalagriculture:earth_seeds":1,"minecraft:gravel":372,"powah:uraninite_raw":3,"mekanismtools:diamond_paxel":2,"rid:tin_cluster":1,"obsidianboat:obsidianboat":7,"thermal:eggplant_block":2,"minecraft:white_bed":1,"rid:silver_cluster":1,"thermal:spice_cake":3,"mysticalagriculture:wood_seeds":1,"minecraft:spider_eye":1,"refinedstorage:importer":2,"chisel:factory/dots":1,"thermal:rice_seeds":1,"ftblibrary:fluid_container":2,"minecraft:slime_ball":31,"bloodmagic:reinforcedslate":1,"minecraft:campfire":2,"losttrinkets:book_o_enchanting":1,"ftbjarmod:cast_iron_nugget":3,"losttrinkets:broken_heart_4":1,"cfm:fridge_dark":1,"better_diving:improved_wetsuit_leggings":1,"minecraft:lodestone":1,"minecraft:crimson_nylium":4,"immersiveengineering:hammer":1,"minecraft:hopper":3}},"DataVersion":2586}