{"stats":{"minecraft:dropped":{"chisel:iron_chisel":1,"akashictome:tome":2,"minecraft:golden_helmet":2,"minecraft:oak_log":18,"rftoolsstorage:storage_module0":1,"tconstruct:small_axe_head":1,"obsidianboat:obsidianboat":1,"tconstruct:pattern":16},"minecraft:used":{"minecraft:oak_log":1,"minecraft:wooden_axe":2,"minecraft:apple":3,"cfm:stripped_warped_table":1,"minecraft:gravel":16,"cottonly:cotton_seeds":1,"minecraft:sand":8,"minecraft:dirt":8,"minecraft:crafting_table":1,"minecraft:oak_sapling":12,"ftbsluice:wooden_hammer":48,"obsidianboat:obsidianboat":1},"minecraft:custom":{"minecraft:time_since_rest":30581,"minecraft:sprint_one_cm":26150,"minecraft:damage_taken":80,"minecraft:walk_one_cm":96415,"minecraft:drop":10,"minecraft:damage_dealt":10,"minecraft:swim_one_cm":5428,"minecraft:interact_with_crafting_table":5,"minecraft:fly_one_cm":9703,"minecraft:open_barrel":21,"minecraft:open_chest":4,"minecraft:play_one_minute":30581,"minecraft:crouch_one_cm":1402,"minecraft:sneak_time":1385,"minecraft:walk_under_water_one_cm":1465,"minecraft:jump":123,"minecraft:walk_on_water_one_cm":3703,"minecraft:time_since_death":30581,"minecraft:fall_one_cm":2949},"minecraft:mined":{"ftbstructures:blue_barrel":1,"cfm:stripped_warped_table":1,"ftbstructures:white_barrel":2,"minecraft:oak_sapling":2,"minecraft:wheat":1,"cfm:dark_oak_hedge":1,"minecraft:oak_log":45,"minecraft:sand":8,"minecraft:dirt":8,"minecraft:gravel":32,"minecraft:campfire":9,"minecraft:stone":8,"ftbstructures:green_barrel":2,"minecraft:oak_leaves":22},"minecraft:picked_up":{"minecraft:sponge":8,"minecraft:charcoal":18,"losttrinkets:treasure_bag":1,"minecraft:stick":15,"minecraft:chainmail_boots":1,"cottonly:cotton_seeds":1,"akashictome:tome":2,"minecraft:sand":8,"chisel:iron_chisel":1,"minecraft:oak_log":45,"obsidianboat:obsidianboat":2,"minecraft:dirt":33,"cfm:stripped_warped_table":1,"minecraft:apple":3,"ftbsluice:dust":8,"bloodmagic:reinforcedslate":1,"minecraft:wheat_seeds":1,"thermal:eggplant_seeds":1,"tconstruct:small_axe_head":1,"minecraft:bread":13,"minecraft:oak_sapling":24,"minecraft:iron_bars":3,"minecraft:golden_helmet":2,"minecraft:white_wool":12,"minecraft:cobblestone":8},"minecraft:broken":{"minecraft:wooden_axe":2},"minecraft:crafted":{"minecraft:oak_planks":20,"minecraft:crafting_table":1,"minecraft:stick":20,"minecraft:wooden_axe":2,"ftbsluice:wooden_hammer":1}},"DataVersion":2586}