{"stats":{"minecraft:custom":{"minecraft:mob_kills":4,"minecraft:inspect_hopper":1,"minecraft:interact_with_crafting_table":6,"minecraft:open_barrel":54,"minecraft:leave_game":2,"minecraft:time_since_death":120421,"minecraft:climb_one_cm":222,"minecraft:sprint_one_cm":71336,"minecraft:walk_one_cm":346555,"minecraft:drop":31,"minecraft:sneak_time":2035,"minecraft:walk_under_water_one_cm":23951,"minecraft:boat_one_cm":1536,"minecraft:jump":392,"minecraft:walk_on_water_one_cm":43465,"minecraft:interact_with_furnace":24,"minecraft:play_one_minute":120421,"minecraft:time_since_rest":120421,"minecraft:damage_taken":165,"minecraft:damage_dealt":630,"minecraft:swim_one_cm":29330,"minecraft:fly_one_cm":18197,"minecraft:open_chest":56,"minecraft:crouch_one_cm":2397,"minecraft:fall_one_cm":4838},"minecraft:crafted":{"minecraft:oak_planks":20,"minecraft:iron_nugget":31,"minecraft:furnace":1,"minecraft:crafting_table":1,"minecraft:bowl":4,"minecraft:bucket":1,"ftbsluice:wooden_hammer":1,"minecraft:air":36,"minecraft:string":4,"minecraft:stick":20,"minecraft:iron_ingot":1,"minecraft:wooden_axe":2},"minecraft:dropped":{"akashictome:tome":2,"minecraft:golden_helmet":2,"fluxnetworks:flux_core":1,"minecraft:oak_log":24,"storagedrawers:shroud_key":1,"minecraft:coal":2,"tconstruct:broad_axe_head":1,"tconstruct:small_axe_head":1,"minecraft:string":20,"minecraft:lily_pad":3,"minecraft:bucket":1,"ftbsluice:iron_sluice":1,"tconstruct:pattern":16,"tconstruct:pickaxe":1,"minecraft:dark_oak_sign":1,"rftoolsstorage:storage_module0":2,"ftbsluice:pump":1,"cfm:post_box":1,"minecraft:clay_ball":76,"better_diving:standard_o2_tank":1,"chisel:iron_chisel":1,"minecraft:charcoal":42,"tconstruct:small_blade":1,"obsidianboat:obsidianboat":1,"rid:iron_chunk":6},"minecraft:broken":{"minecraft:wooden_axe":2},"minecraft:used":{"cfm:post_box":1,"ftbsluice:dust":2,"minecraft:dirt":29,"ftbsluice:wooden_hammer":103,"thermal:strawberry_block":2,"minecraft:bowl":64,"minecraft:wooden_axe":2,"minecraft:furnace":1,"minecraft:oak_sapling":13,"ftbsluice:pump":8,"minecraft:water_bucket":4,"minecraft:sand":14,"minecraft:crafting_table":1,"minecraft:oak_log":1,"mob_grinding_utils:saw":1,"minecraft:apple":5,"cfm:stripped_warped_table":1,"minecraft:bread":2,"minecraft:gravel":34,"cottonly:cotton_seeds":2,"ftbsluice:iron_sluice":4,"minecraft:cobblestone":18,"ftbsluice:oak_sluice":1,"minecraft:bucket":4,"obsidianboat:obsidianboat":2,"minecraft:sea_pickle":2,"minecraft:bone_meal":1},"minecraft:killed":{"minecraft:drowned":4},"minecraft:mined":{"thermal:strawberry_block":1,"minecraft:oak_sapling":2,"ftbsluice:iron_sluice":4,"ftbsluice:dust":2,"minecraft:grass_block":44,"ftbsluice:pump":8,"minecraft:hopper":1,"ftbstructures:green_barrel":5,"ftbstructures:white_barrel":7,"ftbstructures:golden_barrel":1,"minecraft:stone":8,"ftbstructures:purple_barrel":1,"cfm:stripped_warped_table":1,"mob_grinding_utils:saw":1,"ftbstructures:crate":7,"cfm:dark_oak_hedge":1,"minecraft:clay":19,"minecraft:chest":4,"minecraft:campfire":30,"ftbstructures:black_barrel":1,"minecraft:cobblestone":18,"ftbstructures:blue_barrel":2,"minecraft:wheat":2,"cfm:post_box":1,"minecraft:oak_log":51,"minecraft:gravel":50,"minecraft:sand":14,"minecraft:dirt":26,"minecraft:oak_leaves":22},"minecraft:picked_up":{"minecraft:charcoal":64,"minecraft:chainmail_boots":1,"cb_microblock:microblock":2,"minecraft:clay_ball":152,"tconstruct:broad_axe_head":1,"cottonly:cotton_seeds":4,"minecraft:lead":2,"rid:nickel_chunk":2,"chisel:iron_chisel":1,"rid:mob_soul":3,"minecraft:chain":2,"rid:lead_chunk":4,"minecraft:mycelium":3,"rid:iron_chunk":21,"thermal:sulfur":1,"minecraft:sea_pickle":2,"mysticalagriculture:inferium_essence":2,"minecraft:bucket":1,"tconstruct:earth_slime_sling":1,"minecraft:chest":4,"minecraft:golden_helmet":2,"minecraft:stick":20,"rid:copper_chunk":33,"akashictome:tome":2,"tconstruct:pickaxe":1,"better_diving:wetsuit_leggings":1,"rid:tin_chunk":7,"ftbsluice:iron_sluice":5,"mob_grinding_utils:saw":1,"rid:silver_chunk":6,"minecraft:carrot":4,"minecraft:iron_horse_armor":2,"tconstruct:small_blade":1,"botania:manasteel_ingot":2,"minecraft:rotten_flesh":4,"minecraft:tropical_fish":1,"ftbsluice:dust":11,"industrialforegoing:straw":1,"minecraft:hay_block":6,"tconstruct:small_axe_head":1,"rid:gold_chunk":7,"minecraft:saddle":1,"minecraft:gold_ingot":1,"minecraft:leather_horse_armor":1,"minecraft:music_disc_wait":1,"minecraft:iron_bars":6,"minecraft:white_wool":12,"minecraft:cobblestone":72,"thermal:strawberry_block":2,"minecraft:sponge":8,"losttrinkets:treasure_bag":1,"better_diving:standard_o2_tank":2,"storagedrawers:upgrade_template":4,"minecraft:chiseled_quartz_block":8,"ftbsluice:oak_sluice":1,"minecraft:lily_pad":3,"minecraft:oak_log":57,"minecraft:chainmail_chestplate":1,"minecraft:dirt":94,"thermal:rf_coil":2,"trashcans:energy_trash_can":1,"botania:mana_diamond":2,"ftbsluice:cloth_mesh":4,"minecraft:glass":4,"cfm:stripped_warped_table":1,"minecraft:apple":6,"minecraft:wheat_seeds":2,"rid:aluminum_chunk":7,"minecraft:dark_oak_sign":1,"cfm:post_box":2,"ftbsluice:pump":8,"cottonly:ball":2,"minecraft:gravel":18,"minecraft:sand":32,"rid:fluorite_chunk":1,"minecraft:melon":2,"mekanismtools:diamond_paxel":1,"obsidianboat:obsidianboat":3,"bloodmagic:reinforcedslate":1,"thermal:eggplant_seeds":1,"minecraft:bone_meal":2,"minecraft:bread":22,"minecraft:oak_sapling":33,"minecraft:hopper":1}},"DataVersion":2586}