{"stats":{"minecraft:dropped":{"tconstruct:pattern":16,"tconstruct:pickaxe":1,"akashictome:tome":2,"minecraft:golden_helmet":2,"minecraft:oak_log":18,"rftoolsstorage:storage_module0":1,"storagedrawers:shroud_key":1,"ftbsluice:pump":1,"cfm:post_box":1,"minecraft:clay_ball":76,"chisel:iron_chisel":1,"tconstruct:small_axe_head":1,"obsidianboat:obsidianboat":1,"ftbsluice:iron_sluice":1},"minecraft:used":{"cfm:post_box":1,"ftbsluice:dust":2,"minecraft:dirt":8,"minecraft:sand":8,"minecraft:crafting_table":1,"ftbsluice:wooden_hammer":66,"thermal:strawberry_block":2,"minecraft:bowl":24,"minecraft:oak_log":1,"minecraft:wooden_axe":2,"minecraft:apple":5,"cfm:stripped_warped_table":1,"minecraft:gravel":34,"cottonly:cotton_seeds":1,"ftbsluice:iron_sluice":2,"minecraft:cobblestone":18,"minecraft:furnace":1,"minecraft:oak_sapling":13,"ftbsluice:pump":3,"minecraft:sea_pickle":2,"obsidianboat:obsidianboat":1},"minecraft:custom":{"minecraft:interact_with_furnace":4,"minecraft:interact_with_crafting_table":6,"minecraft:open_barrel":37,"minecraft:play_one_minute":54581,"minecraft:time_since_death":54581,"minecraft:time_since_rest":54581,"minecraft:sprint_one_cm":45722,"minecraft:damage_taken":126,"minecraft:walk_one_cm":174734,"minecraft:drop":17,"minecraft:damage_dealt":28,"minecraft:swim_one_cm":10308,"minecraft:fly_one_cm":11296,"minecraft:open_chest":9,"minecraft:crouch_one_cm":1788,"minecraft:sneak_time":1735,"minecraft:walk_under_water_one_cm":4605,"minecraft:jump":224,"minecraft:walk_on_water_one_cm":6927,"minecraft:fall_one_cm":3367},"minecraft:mined":{"cfm:stripped_warped_table":1,"minecraft:oak_sapling":2,"thermal:strawberry_block":1,"ftbsluice:iron_sluice":2,"minecraft:clay":19,"cfm:dark_oak_hedge":1,"ftbsluice:dust":2,"minecraft:grass_block":39,"minecraft:chest":4,"minecraft:campfire":11,"ftbstructures:black_barrel":1,"minecraft:cobblestone":18,"ftbsluice:pump":3,"ftbstructures:green_barrel":3,"minecraft:hopper":1,"ftbstructures:blue_barrel":1,"ftbstructures:white_barrel":2,"minecraft:wheat":1,"cfm:post_box":1,"minecraft:oak_log":51,"minecraft:gravel":32,"minecraft:sand":8,"minecraft:dirt":8,"minecraft:stone":8,"minecraft:oak_leaves":22},"minecraft:picked_up":{"minecraft:sponge":8,"thermal:strawberry_block":2,"losttrinkets:treasure_bag":1,"minecraft:charcoal":22,"minecraft:chainmail_boots":1,"minecraft:clay_ball":152,"cottonly:cotton_seeds":1,"chisel:iron_chisel":1,"minecraft:oak_log":51,"minecraft:dirt":70,"ftbsluice:cloth_mesh":2,"cfm:stripped_warped_table":1,"minecraft:apple":5,"minecraft:sea_pickle":2,"minecraft:wheat_seeds":1,"cfm:post_box":2,"minecraft:chest":4,"minecraft:golden_helmet":2,"minecraft:stick":20,"ftbsluice:pump":3,"akashictome:tome":2,"tconstruct:pickaxe":1,"minecraft:gravel":18,"minecraft:sand":8,"ftbsluice:iron_sluice":3,"rid:silver_chunk":2,"obsidianboat:obsidianboat":2,"botania:manasteel_ingot":2,"bloodmagic:reinforcedslate":1,"ftbsluice:dust":11,"thermal:eggplant_seeds":1,"minecraft:bone_meal":1,"tconstruct:small_axe_head":1,"rid:gold_chunk":1,"minecraft:bread":13,"minecraft:oak_sapling":31,"minecraft:iron_bars":3,"minecraft:white_wool":12,"minecraft:hopper":1,"minecraft:cobblestone":8},"minecraft:broken":{"minecraft:wooden_axe":2},"minecraft:crafted":{"minecraft:oak_planks":20,"minecraft:iron_nugget":1,"minecraft:crafting_table":1,"minecraft:bowl":4,"minecraft:furnace":1,"ftbsluice:wooden_hammer":1,"minecraft:air":36,"minecraft:stick":20,"minecraft:wooden_axe":2}},"DataVersion":2586}