{"stats":{"minecraft:crafted":{"pipez:wrench":1,"immersiveengineering:hammer":5,"minecraft:oak_planks":20,"mekanism:ingot_osmium":43,"minecraft:cooked_chicken":29,"ftbsluice:oak_sluice":1,"better_diving:wetsuit_leggings":1,"thermal:lead_nugget":10,"pipez:fluid_pipe":16,"minecraft:glass":56,"minecraft:hopper":3,"thermal:iron_dust":2,"rid:lapis_cluster":13,"ftbsluice:gold_mesh":2,"ftbsluice:stone_hammer":1,"thermal:silver_dust":1,"better_diving:high_capacity_o2_tank":2,"minecraft:chest":9,"ftbsluice:iron_mesh":1,"thermal:gold_dust":4,"recycler:recycler":1,"better_diving:diving_mask":2,"rid:1x_compressed_gravel":81,"minecraft:cooked_rabbit":44,"immersiveengineering:ingot_aluminum":51,"minecraft:crafting_table":1,"constructionwand:iron_wand":4,"thermal:nickel_nugget":2,"bloodmagic:sacrificialdagger":1,"thermal:silver_nugget":8,"bloodmagic:altar":1,"rid:diamond_cluster":6,"ftbsluice:wooden_hammer":1,"thermal:nickel_ingot":21,"minecraft:string":4,"better_diving:fiber_mesh":15,"rid:osmium_cluster":1,"minecraft:stick":108,"minecraft:iron_ingot":280,"minecraft:iron_block":1,"minecraft:gold_ingot":44,"ftbsluice:iron_sluice":1,"thermal:tin_ingot":114,"mysticalagriculture:inferium_furnace":2,"better_diving:fins":2,"minecraft:iron_nugget":50,"thermal:copper_ingot":297,"mekanism:nugget_osmium":3,"minecraft:furnace":2,"mysticalagriculture:prosperity_ingot":7,"ftbsluice:diamond_sluice":3,"mekanism:ingot_uranium":8,"mysticalagriculture:inferium_ingot":7,"mysticalagriculture:inferium_block":2,"mekanism:ingot_refined_obsidian":2,"thermal:silver_ingot":28,"better_diving:rebreather":2,"better_diving:improved_wetsuit_leggings":2,"rid:iron_cluster":331,"minecraft:bowl":4,"minecraft:bucket":1,"thermal:tin_nugget":9,"thermal:copper_nugget":60,"minecraft:air":2107,"minecraft:gold_nugget":9,"thermal:lead_ingot":21,"minecraft:flint":2,"minecraft:wooden_axe":2,"better_diving:ultra_glide_fins":2,"minecraft:stonecutter":1,"minecraft:torch":8,"rid:2x_compressed_gravel":9},"minecraft:used":{"immersiveengineering:fluid_pump":1,"ftbsluice:diamond_sluice":3,"refinedstorage:exporter":1,"minecraft:chest":6,"constructionwand:iron_wand":55,"ftbsluice:wooden_hammer":159,"minecraft:bowl":64,"mekanismtools:diamond_paxel":242,"minecraft:milk_bucket":1,"ftbsluice:stone_hammer":249,"farmersdelight:bacon_sandwich":1,"rid:1x_compressed_cobblestone":26,"minecraft:bow":3,"minecraft:furnace":2,"minecraft:oak_sapling":15,"recycler:recycler":1,"minecraft:sand":44,"mob_grinding_utils:tank":10,"enderstorage:ender_tank":3,"mob_grinding_utils:saw":1,"minecraft:lever":5,"immersiveengineering:hammer":12,"minecraft:bread":29,"minecraft:gravel":88,"industrialforegoing:wither_builder":1,"ftbsluice:iron_sluice":4,"ftbdripper:dripper":1,"bloodmagic:altar":1,"obsidianboat:obsidianboat":4,"minecraft:bone_meal":1,"cfm:post_box":1,"ftbsluice:dust":5,"tconstruct:drowned_head":1,"minecraft:torch":8,"minecraft:dirt":91,"minecraft:hopper":8,"thermal:strawberry_block":2,"minecraft:wooden_axe":2,"ftbsluice:pump":12,"pipez:fluid_pipe":26,"minecraft:water_bucket":17,"mysticalagriculture:inferium_furnace":2,"minecraft:crafting_table":1,"botanypots:hopper_botany_pot":1,"mekanism:creative_fluid_tank":3,"constructionwand:stone_wand":19,"tconstruct:seared_basin":6,"minecraft:oak_log":1,"thermal:copper_block":1,"refinedstorage:cable":2,"minecraft:apple":5,"cfm:stripped_warped_table":1,"tconstruct:seared_table":1,"cottonly:cotton_seeds":2,"minecraft:cobblestone":663,"ftbsluice:oak_sluice":1,"minecraft:bucket":130,"minecraft:sea_pickle":2},"minecraft:killed_by":{"minecraft:player":3},"minecraft:killed":{"tconstruct:earth_slime":31,"minecraft:spider":1,"minecraft:skeleton":5,"minecraft:sheep":3,"minecraft:zombie":2,"minecraft:stray":2,"minecraft:phantom":3,"minecraft:drowned":7},"minecraft:dropped":{"akashictome:tome":2,"rid:gold_chunk":3,"minecraft:oak_log":24,"rid:iron_cluster":4,"mekanism:creative_fluid_tank":1,"miniutilities:blessed_earth":32,"mob_grinding_utils:tank":1,"notenoughwands:acceleration_wand":2,"rid:nickel_chunk":2,"minecraft:dirt":46,"rid:aluminum_cluster":36,"mysticalagriculture:prudentium_furnace":1,"minecraft:mutton":6,"better_diving:rebreather":2,"tconstruct:small_axe_head":1,"betterendforge:guidebook":1,"better_diving:ultra_glide_fins":2,"minecraft:sand":794,"losttrinkets:broken_heart_1":1,"rid:silver_cluster":20,"rid:emerald_cluster":5,"tconstruct:pattern":16,"minecraft:gravel":16,"tconstruct:pickaxe":1,"mysticalagriculture:inferium_farmland":1,"minecraft:wheat":1,"cfm:post_box":1,"minecraft:rotten_flesh":5,"extrastorage:netherite_crafter":1,"minecraft:white_bed":1,"rid:copper_chunk":4,"better_diving:standard_o2_tank":1,"mysticalagriculture:pig_seeds":1,"industrialforegoing:material_stonework_factory":1,"chisel:iron_chisel":1,"rid:titanium_cluster":13,"minecraft:jungle_stairs":1,"minecraft:charcoal":52,"immersiveengineering:ingot_aluminum":1,"minecraft:chest":1,"rid:uranium_cluster":13,"tconstruct:small_blade":1,"obsidianboat:obsidianboat":1,"better_diving:improved_wetsuit_leggings":2,"tconstruct:pickaxe_head":1,"rid:osmium_chunk":1,"rid:mob_soul":10,"minecraft:iron_ingot":22,"industrialforegoing:mycelial_slimey":1,"minecraft:golden_helmet":2,"fluxnetworks:flux_core":1,"storagedrawers:shroud_key":1,"minecraft:apple":3,"rid:osmium_cluster":33,"minecraft:coal":2,"mysticalagriculture:blitz_seeds":1,"powah:energizing_rod_basic":1,"rid:lead_cluster":17,"tconstruct:broad_axe_head":1,"mysticalagriculture:dye_seeds":1,"ftbjarmod:cast_iron_nugget":3,"botania:skydirt_rod":1,"rid:copper_cluster":4,"minecraft:music_disc_ward":1,"minecraft:music_disc_wait":3,"minecraft:string":20,"minecraft:lily_pad":5,"minecraft:bucket":2,"mysticalagradditions:inferium_paxel":1,"rid:tin_cluster":19,"ftbsluice:iron_sluice":1,"mekanismtools:diamond_paxel":1,"minecraft:kelp":2,"better_diving:high_capacity_o2_tank":2,"extrastorage:block_1024k":1,"minecraft:jukebox":1,"thermal:strawberry_block":1,"minecraft:dark_oak_sign":1,"rftoolsstorage:storage_module0":2,"rid:diamond_cluster":2,"ftbsluice:pump":1,"minecraft:clay_ball":76,"immersiveengineering:hammer":1,"ftbsluice:stone_hammer":2,"pipez:fluid_pipe":2,"rid:nickel_cluster":17,"minecraft:stone":16,"mysticalagriculture:refined_obsidian_seeds":1,"cottonly:ball":1,"rid:iron_chunk":10},"minecraft:picked_up":{"minecraft:wheat":122,"rid:osmium_chunk":2,"cb_microblock:microblock":2,"minecraft:chainmail_boots":1,"tconstruct:broad_axe_head":1,"minecraft:lead":2,"mysticalagriculture:iron_seeds":1,"chisel:iron_chisel":1,"rid:diamond_chunk":1,"immersiveengineering:dust_aluminum":29,"tconstruct:hand_axe":1,"rid:iron_chunk":69,"thermal:sulfur":5,"minecraft:sea_pickle":9,"mysticalagriculture:inferium_essence":6,"minecraft:bucket":4,"losttrinkets:broken_heart_1":1,"minecraft:furnace":2,"minecraft:golden_helmet":2,"minecraft:stick":20,"ftbsluice:stone_hammer":2,"minecraft:jukebox":1,"losttrinkets:miners_pick":1,"mysticalagriculture:prosperity_shard":36,"rid:tin_chunk":9,"mob_grinding_utils:saw":1,"minecraft:vine":6,"rid:gold_cluster":34,"tconstruct:small_blade":1,"losttrinkets:fire_mind":1,"storagedrawers:emerald_storage_upgrade":1,"botania:manasteel_ingot":2,"enderstorage:ender_tank":3,"minecraft:rotten_flesh":12,"minecraft:tropical_fish":1,"ftbsluice:dust":44,"minecraft:music_disc_ward":1,"tconstruct:drowned_head":1,"rid:lead_cluster":2,"tconstruct:small_axe_head":1,"minecraft:leather_horse_armor":1,"minecraft:music_disc_wait":3,"minecraft:iron_bars":6,"minecraft:cobblestone":79,"rid:nickel_cluster":2,"minecraft:sponge":8,"thermal:strawberry_block":3,"tconstruct:greenheart_log":6,"minecraft:jungle_log":90,"minecraft:chiseled_quartz_block":49,"trashcans:item_trash_can":1,"better_diving:diving_mask":1,"notenoughwands:acceleration_wand":2,"minecraft:lapis_lazuli":73,"minecraft:dirt":205,"thermal:rf_coil":4,"botania:mana_diamond":2,"minecraft:glass":4,"minecraft:bone":10,"cfm:stripped_warped_table":1,"ftbdripper:dripper":1,"pipez:fluid_pipe":25,"minecraft:bow":1,"minecraft:wheat_seeds":244,"rid:aluminum_chunk":9,"trashcans:ultimate_trash_can":1,"minecraft:dark_oak_sign":1,"tconstruct:seared_table":1,"cfm:post_box":2,"tconstruct:sky_slime_sapling":7,"ftbsluice:iron_mesh":1,"ftbsluice:pump":14,"draconicevolution:draconium_ingot":3,"cottonly:ball":9,"minecraft:sand":155,"rid:fluorite_chunk":1,"minecraft:melon":2,"losttrinkets:warm_void":1,"minecraft:diamond":2,"tconstruct:seared_basin":1,"minecraft:lever":4,"better_diving:ultra_glide_fins":1,"thermal:eggplant_seeds":1,"minecraft:bone_meal":7,"mekanism:advanced_control_circuit":4,"minecraft:bread":22,"minecraft:oak_sapling":33,"betterendforge:guidebook":1,"rid:titanium_chunk":2,"minecraft:charcoal":105,"glassential:glass_ethereal_reverse":8,"botania:life_essence":2,"minecraft:clay_ball":152,"thermal:cinnabar":2,"cottonly:cotton_seeds":16,"tconstruct:skyroot_log":6,"rid:nickel_chunk":4,"minecraft:diamond_horse_armor":2,"rid:mob_soul":19,"rid:iron_cluster":9,"minecraft:chain":2,"rid:lead_chunk":8,"immersiveengineering:ingot_aluminum":6,"enderstorage:ender_pouch":1,"losttrinkets:serpent_tooth":1,"better_diving:high_capacity_o2_tank":1,"minecraft:mycelium":3,"rid:aluminum_cluster":2,"immersiveengineering:fluid_pump":1,"tconstruct:earth_slime_sling":2,"thermal:niter":1,"rid:1x_compressed_sand":2,"minecraft:chest":6,"minecraft:phantom_membrane":2,"minecraft:sandstone":32,"rid:copper_chunk":52,"better_diving:rebreather":1,"minecraft:stone":16,"losttrinkets:turtle_shell":1,"mysticalagriculture:refined_obsidian_seeds":1,"ftbsluice:gold_mesh":2,"minecraft:music_disc_mellohi":1,"akashictome:tome":2,"tconstruct:pickaxe":1,"better_diving:wetsuit_leggings":2,"tconstruct:sky_slime_dirt":3,"ftbsluice:iron_sluice":7,"rid:silver_chunk":9,"minecraft:carrot":4,"mysticalagriculture:inferium_farmland":1,"minecraft:iron_horse_armor":2,"rid:osmium_cluster":1,"tconstruct:sky_slime_ball":3,"minecraft:arrow":13,"immersiveengineering:cloche":1,"minecraft:jungle_stairs":1,"industrialforegoing:straw":1,"minecraft:hay_block":6,"glassential:glass_light":4,"rid:gold_chunk":13,"minecraft:saddle":1,"minecraft:gold_ingot":1,"tconstruct:earth_slime_sapling":2,"minecraft:mutton":6,"minecraft:white_wool":79,"losttrinkets:treasure_bag":2,"rid:lapis_chunk":1,"better_diving:standard_o2_tank":6,"storagedrawers:upgrade_template":4,"ftbsluice:oak_sluice":1,"mob_grinding_utils:tank":11,"minecraft:oak_log":57,"minecraft:chainmail_chestplate":1,"minecraft:lily_pad":7,"minecraft:gunpowder":2,"botanypots:hopper_botany_pot":1,"trashcans:energy_trash_can":2,"ftbsluice:cloth_mesh":4,"minecraft:apple":9,"minecraft:kelp":4,"rid:copper_cluster":12,"minecraft:iron_ingot":5,"refinedstorage:cable":1,"mekanism:creative_fluid_tank":2,"thermal:copper_block":1,"industrialforegoing:material_stonework_factory":1,"mysticalagradditions:inferium_paxel":1,"glassential:glass_dark":4,"minecraft:gravel":370,"mekanismtools:diamond_paxel":2,"rid:tin_cluster":1,"minecraft:white_bed":1,"rid:silver_cluster":1,"obsidianboat:obsidianboat":4,"thermal:spice_cake":1,"minecraft:spider_eye":1,"minecraft:slime_ball":27,"bloodmagic:reinforcedslate":1,"losttrinkets:book_o_enchanting":1,"ftbjarmod:cast_iron_nugget":3,"losttrinkets:broken_heart_4":1,"better_diving:improved_wetsuit_leggings":1,"minecraft:lodestone":1,"minecraft:crimson_nylium":4,"immersiveengineering:hammer":1,"minecraft:hopper":3},"minecraft:custom":{"minecraft:interact_with_crafting_table":36,"minecraft:open_barrel":93,"minecraft:leave_game":3,"minecraft:time_since_death":15524,"minecraft:sprint_one_cm":339150,"minecraft:drop":148,"minecraft:deaths":3,"minecraft:jump":1369,"minecraft:walk_on_water_one_cm":85423,"minecraft:enchant_item":7,"minecraft:interact_with_furnace":505,"minecraft:play_one_minute":486588,"minecraft:sleep_in_bed":5,"minecraft:damage_dealt":4764,"minecraft:player_kills":1,"minecraft:crouch_one_cm":20670,"minecraft:interact_with_anvil":3,"minecraft:mob_kills":53,"minecraft:inspect_hopper":11,"minecraft:climb_one_cm":853,"minecraft:walk_one_cm":1376304,"minecraft:sneak_time":10533,"minecraft:walk_under_water_one_cm":89445,"minecraft:boat_one_cm":4375,"minecraft:time_since_rest":15550,"minecraft:damage_taken":2217,"minecraft:use_wand":707,"minecraft:swim_one_cm":156648,"minecraft:fly_one_cm":69094,"minecraft:open_chest":641,"minecraft:fall_one_cm":14185},"minecraft:mined":{"ftbstructures:small_crate":1,"minecraft:oak_sapling":2,"thermal:strawberry_block":1,"ftbsluice:iron_sluice":6,"ftbstructures:red_barrel":2,"minecraft:jungle_leaves":3,"ftbsluice:dust":5,"tconstruct:earth_slime_tall_grass":1,"minecraft:grass_block":53,"minecraft:jungle_log":46,"ftbsluice:pump":14,"thermal:copper_block":1,"ftbstructures:green_barrel":13,"minecraft:hopper":4,"minecraft:spawner":6,"tconstruct:seared_table":1,"pipez:fluid_pipe":24,"ftbdripper:dripper":1,"ftbstructures:golden_barrel":3,"tconstruct:sky_slime_dirt":1,"ftbstructures:purple_barrel":13,"cfm:stripped_warped_table":1,"minecraft:kelp_plant":2,"minecraft:blue_stained_glass":1,"cfm:dark_oak_hedge":1,"minecraft:clay":19,"ftbstructures:pulsating_crate":1,"tconstruct:greenheart_log":6,"minecraft:chest":7,"mob_grinding_utils:tank":10,"ftbstructures:black_barrel":4,"minecraft:cobblestone":77,"ftbstructures:blue_barrel":3,"minecraft:wheat":3,"tconstruct:earth_sky_slime_grass":2,"cfm:post_box":1,"minecraft:oak_log":51,"immersiveengineering:fluid_pump":1,"minecraft:sand":45,"minecraft:dirt":82,"mekanism:creative_fluid_tank":1,"minecraft:oak_leaves":22,"minecraft:lever":4,"refinedstorage:cable":2,"ftbsluice:diamond_sluice":1,"ftbstructures:white_barrel":8,"minecraft:furnace":2,"tconstruct:earth_congealed_slime":1,"minecraft:stone":10,"mob_grinding_utils:saw":1,"ftbstructures:crate":14,"tconstruct:seared_basin":6,"minecraft:campfire":30,"enderstorage:ender_tank":2,"tconstruct:skyroot_log":6,"minecraft:gravel":190,"minecraft:lodestone":2},"minecraft:broken":{"constructionwand:iron_wand":2,"minecraft:wooden_axe":2,"ftbsluice:stone_hammer":1,"constructionwand:stone_wand":1,"ftbsluice:wooden_hammer":1}},"DataVersion":2586}