{"stats":{"minecraft:broken":{"ftbsluice:stone_hammer":1,"constructionwand:stone_wand":1,"ftbsluice:wooden_hammer":1,"ftbsluice:iron_hammer":1,"constructionwand:iron_wand":3,"minecraft:wooden_axe":2},"minecraft:used":{"immersiveengineering:fluid_pump":1,"bloodmagic:blankrune":8,"refinedstorage:exporter":7,"rftoolspower:coalgenerator":2,"minecraft:chest":6,"chisel:andesite/soft_bricks":2,"constructionwand:iron_wand":93,"minecraft:bowl":64,"betterendforge:flavolite":64,"minecraft:lava_bucket":7,"farmersdelight:bacon_sandwich":1,"chisel:factory/rust2":2,"minecraft:bow":3,"minecraft:furnace":2,"minecraft:oak_sapling":15,"ftbsluice:netherite_sluice":5,"recycler:recycler":1,"minecraft:sand":44,"mob_grinding_utils:tank":10,"enderstorage:ender_tank":3,"immersiveengineering:hammer":12,"ftbsluice:iron_auto_hammer":1,"ftbsluice:iron_sluice":4,"minecraft:smithing_table":1,"obsidianboat:obsidianboat":5,"cfm:post_box":1,"powah:energizing_orb":1,"ftbsluice:dust":5,"minecraft:torch":10,"glassential:glass_ethereal_reverse":4,"ftbjarmod:tempered_jar":2,"mysticalagriculture:infusion_pedestal":8,"minecraft:iron_block":1,"ftbsluice:iron_hammer":294,"minecraft:basalt":592,"minecraft:glowstone":1,"minecraft:water_bucket":17,"mysticalagriculture:inferium_furnace":2,"simplylight:edge_light":5,"minecraft:crafting_table":1,"mekanism:creative_fluid_tank":7,"botanypots:hopper_botany_pot":4,"minecraft:oak_log":1,"thermal:copper_block":1,"cfm:stripped_warped_table":1,"tconstruct:seared_table":1,"minecraft:cobblestone":665,"ftbsluice:diamond_hammer":298,"ftbsluice:diamond_sluice":7,"mysticalagriculture:infusion_altar":1,"ftbsluice:wooden_hammer":159,"mekanismtools:diamond_paxel":865,"minecraft:milk_bucket":1,"minecraft:obsidian":45,"ftbsluice:stone_hammer":249,"refinedstorage:importer":3,"rid:1x_compressed_cobblestone":26,"minecraft:oak_planks":1,"minecraft:ender_pearl":11,"minecraft:shears":15,"mob_grinding_utils:saw":1,"minecraft:lever":6,"industrialforegoing:material_stonework_factory":1,"minecraft:bread":29,"industrialforegoing:wither_builder":1,"minecraft:gravel":88,"ftbjarmod:jar":1,"ftbdripper:dripper":1,"bloodmagic:altar":1,"minecraft:bone_meal":5,"minecraft:flint_and_steel":2,"tconstruct:drowned_head":1,"minecraft:cooked_chicken":14,"minecraft:dirt":92,"minecraft:hopper":14,"thermal:strawberry_block":2,"minecraft:wooden_axe":2,"minecraft:golden_carrot":37,"ftbsluice:pump":12,"recycler:advanced_recycler":1,"pipez:fluid_pipe":36,"constructionwand:stone_wand":19,"tconstruct:seared_basin":6,"ftbjarmod:tube":1,"refinedstorage:cable":5,"minecraft:apple":5,"cfm:fridge_dark":1,"minecraft:stone_slab":4,"industrialforegoing:mycelial_slimey":1,"ftbsluice:diamond_auto_hammer":1,"cottonly:cotton_seeds":2,"minecraft:bucket":146,"powah:energy_cell_creative":2,"ftbsluice:oak_sluice":1,"chisel:factory/dots":1,"minecraft:sea_pickle":2,"pipez:energy_pipe":40},"minecraft:mined":{"betterendforge:ender_ore":2,"thermal:strawberry_block":1,"ftbstructures:red_barrel":2,"mysticalagradditions:end_prosperity_ore":2,"chisel:factory/dots":2,"minecraft:jungle_leaves":3,"minecraft:obsidian":128,"ftbsluice:dust":5,"minecraft:jungle_log":46,"thermal:copper_block":1,"minecraft:hopper":4,"minecraft:spawner":16,"minecraft:polished_blackstone_bricks":4,"chisel:andesite/soft_bricks":4,"pipez:fluid_pipe":27,"ftbdripper:dripper":1,"ftbstructures:golden_barrel":4,"minecraft:iron_block":1,"ftbstructures:purple_barrel":20,"minecraft:tripwire":1,"cfm:stripped_warped_table":1,"minecraft:kelp_plant":2,"pipez:energy_pipe":1,"minecraft:soul_fire":3,"minecraft:blue_stained_glass":3,"cfm:dark_oak_hedge":1,"ftbstructures:pulsating_crate":1,"minecraft:torch":2,"mysticalagradditions:end_inferium_ore":10,"refinedstorage:importer":2,"ftbstructures:black_barrel":8,"betterendforge:flavolite":64,"minecraft:wheat":3,"minecraft:grass":32,"cfm:post_box":1,"mekanism:creative_fluid_tank":4,"minecraft:sea_lantern":1,"minecraft:end_stone":136,"refinedstorage:exporter":3,"ftbstructures:white_barrel":9,"industrialforegoing:material_stonework_factory":1,"recycler:recycler":1,"tconstruct:earth_congealed_slime":1,"mob_grinding_utils:saw":1,"minecraft:dandelion":2,"minecraft:campfire":30,"enderstorage:ender_tank":2,"minecraft:tall_grass":2,"chisel:factory/rust2":6,"ftbsluice:netherite_sluice":1,"minecraft:gravel":190,"minecraft:stone_bricks":1,"betterendforge:thallasium_ore":32,"minecraft:oak_sapling":2,"ftbsluice:iron_sluice":6,"ftbstructures:small_crate":1,"minecraft:grass_block":62,"tconstruct:earth_slime_tall_grass":1,"ftbsluice:pump":14,"ftbstructures:green_barrel":22,"tconstruct:seared_table":1,"minecraft:glowstone":1,"powah:energy_cell_creative":1,"rftoolsbase:dimensionalshard_end":26,"tconstruct:sky_slime_dirt":1,"minecraft:soul_lantern":1,"miniutilities:ender_lily_block":2,"minecraft:clay":19,"minecraft:poppy":6,"chisel:factory/metalbox":1,"tconstruct:greenheart_log":6,"minecraft:chest":7,"mob_grinding_utils:tank":10,"minecraft:cobblestone":87,"minecraft:oak_planks":1,"ftbstructures:blue_barrel":9,"minecraft:mossy_stone_brick_wall":1,"tconstruct:earth_sky_slime_grass":2,"minecraft:oak_log":51,"immersiveengineering:fluid_pump":1,"minecraft:dirt":82,"minecraft:sand":45,"minecraft:oak_leaves":22,"minecraft:lever":4,"ftbjarmod:tempered_jar":2,"refinedstorage:cable":2,"industrialforegoing:mycelial_slimey":1,"ftbsluice:diamond_sluice":5,"minecraft:furnace":2,"botanypots:hopper_botany_pot":1,"rftoolspower:coalgenerator":2,"minecraft:lantern":1,"simplylight:edge_light":5,"minecraft:stone":18,"minecraft:basalt":592,"ftbstructures:crate":14,"tconstruct:seared_basin":6,"chisel:cobblestone/weaver":1,"tconstruct:skyroot_log":6,"minecraft:lodestone":2,"minecraft:mossy_stone_bricks":2},"minecraft:killed_by":{"minecraft:player":3},"minecraft:killed":{"tconstruct:earth_slime":31,"minecraft:skeleton":27,"minecraft:chicken":1,"minecraft:zombie":9,"minecraft:wandering_trader":3,"minecraft:enderman":2,"minecraft:spider":1,"minecraft:piglin":1,"minecraft:strider":1,"minecraft:sheep":3,"minecraft:trader_llama":2,"minecraft:stray":3,"minecraft:phantom":3,"minecraft:drowned":7,"minecraft:squid":1},"minecraft:picked_up":{"minecraft:chainmail_boots":1,"minecraft:lead":7,"mysticalagriculture:water_seeds":1,"mysticalagriculture:prosperity_seed_base":4,"minecraft:string":1,"pipez:energy_pipe":1,"tconstruct:hand_axe":1,"mysticalagriculture:inferium_essence":68,"integrateddynamics:menril_sapling":1,"losttrinkets:broken_heart_1":4,"minecraft:golden_helmet":2,"ftbsluice:stone_hammer":2,"minecraft:jukebox":1,"mysticalagriculture:prosperity_shard":43,"rid:tin_chunk":10,"mysticalagriculture:infusion_crystal":1,"mob_grinding_utils:saw":1,"rid:gold_cluster":34,"tconstruct:small_blade":1,"thermal:apatite":9,"miniutilities:experience_pearl_1x":1,"storagedrawers:emerald_storage_upgrade":2,"botania:manasteel_ingot":2,"minecraft:tropical_fish":1,"ftbsluice:dust":44,"ftbsluice:crushed_basalt":603,"tconstruct:drowned_head":1,"minecraft:iron_block":1,"betterendforge:flavolite":64,"tconstruct:small_axe_head":1,"minecraft:end_rod":4,"minecraft:blaze_rod":16,"chisel:andesite/soft_bricks":4,"minecraft:iron_bars":6,"minecraft:sponge":8,"thermal:strawberry_block":3,"minecraft:feather":2,"tconstruct:greenheart_log":6,"minecraft:jungle_log":90,"losttrinkets:sticky_mind":3,"trashcans:item_trash_can":1,"minecraft:lantern":1,"industrialforegoing:mycelial_slimey":1,"cfm:stripped_warped_table":1,"pipez:fluid_pipe":27,"minecraft:dark_oak_sign":1,"tconstruct:seared_table":1,"minecraft:glowstone_dust":2,"tconstruct:sky_slime_sapling":7,"ftbsluice:iron_mesh":1,"patchouli:guide_book":3,"rid:fluorite_chunk":1,"minecraft:ink_sac":2,"losttrinkets:warm_void":1,"minecraft:lever":4,"better_diving:ultra_glide_fins":1,"thermal:eggplant_seeds":2,"minecraft:bread":22,"botania:life_essence":2,"minecraft:clay_ball":152,"minecraft:red_bed":1,"better_diving:fins":1,"refinedstorage:exporter":3,"immersiveengineering:fluid_pump":1,"simplyjetpacks:jetpack_mek2":1,"thermal:niter":8,"minecraft:poppy":6,"ftbsluice:diamond_mesh":6,"rid:1x_compressed_sand":2,"minecraft:chest":6,"refinedstorage:silicon":32,"better_diving:rebreather":1,"rid:copper_chunk":61,"minecraft:sandstone":32,"minecraft:stone":58,"losttrinkets:turtle_shell":1,"minecraft:music_disc_mellohi":1,"tconstruct:pickaxe":1,"better_diving:wetsuit_leggings":2,"appliedenergistics2:sky_dust":1,"farmersdelight:tomato_seeds":1,"tconstruct:sky_slime_dirt":3,"rid:silver_chunk":11,"minecraft:carrot":4,"minecraft:prismarine_crystals":13,"mysticalagriculture:inferium_farmland":1,"rid:osmium_cluster":1,"projectred-core:ruby":1,"tconstruct:sky_slime_ball":3,"immersiveengineering:cloche":1,"minecraft:hay_block":6,"betterendforge:thallasium_ore":32,"rid:gold_chunk":14,"minecraft:gold_ingot":2,"tconstruct:earth_slime_sapling":3,"minecraft:mutton":6,"minecraft:white_wool":79,"minecraft:stripped_oak_log":4,"rftoolspower:coalgenerator":2,"minecraft:red_mushroom":2,"mob_grinding_utils:tank":11,"minecraft:oak_log":57,"minecraft:lily_pad":7,"chisel:cobblestone/weaver":1,"rid:redstone_chunk":2,"ftbsluice:diamond_sluice":5,"botanypots:hopper_botany_pot":2,"minecraft:apple":9,"minecraft:stone_bricks":2,"minecraft:kelp":9,"mysticalagriculture:inferium_watering_can":1,"mekanism:creative_fluid_tank":5,"chisel:factory/rust2":6,"thermal:copper_block":1,"industrialforegoing:material_stonework_factory":2,"mysticalagradditions:inferium_paxel":1,"losttrinkets:golden_tooth":1,"mysticalagriculture:earth_seeds":1,"minecraft:gravel":372,"powah:uraninite_raw":3,"obsidianboat:obsidianboat":7,"minecraft:crying_obsidian":8,"chisel:factory/dots":1,"minecraft:slime_ball":31,"bloodmagic:reinforcedslate":1,"better_diving:improved_wetsuit_leggings":1,"cfm:fridge_dark":1,"losttrinkets:broken_heart_4":1,"minecraft:lodestone":1,"minecraft:crimson_nylium":4,"immersiveengineering:hammer":1,"minecraft:hopper":3,"minecraft:ender_pearl":6,"powah:uraninite_raw_dense":1,"minecraft:wheat":122,"cb_microblock:microblock":2,"rid:osmium_chunk":2,"tconstruct:broad_axe_head":1,"mysticalagriculture:iron_seeds":1,"mysticalagriculture:coal_seeds":1,"ftbsluice:netherite_sluice":1,"chisel:iron_chisel":2,"rid:diamond_chunk":1,"immersiveengineering:dust_aluminum":29,"rid:iron_chunk":79,"minecraft:sea_pickle":18,"thermal:sulfur":12,"minecraft:bucket":4,"draconicevolution:draconium_dust":16,"mysticalagriculture:ice_seeds":1,"minecraft:furnace":2,"minecraft:tipped_arrow":1,"minecraft:stick":20,"minecraft:torch":1,"losttrinkets:miners_pick":1,"minecraft:vine":6,"chiselsandbits:chisel_iron":1,"thermal:flax_seeds":2,"losttrinkets:fire_mind":1,"rid:1x_compressed_cobblestone":2,"enderstorage:ender_tank":3,"minecraft:rotten_flesh":21,"mysticalagriculture:apatite_seeds":1,"minecraft:music_disc_ward":2,"farmersdelight:tree_bark":4,"rid:lead_cluster":2,"minecraft:leather_horse_armor":1,"minecraft:music_disc_wait":3,"minecraft:obsidian":138,"minecraft:cobblestone":90,"rid:nickel_cluster":2,"minecraft:chiseled_quartz_block":62,"chisel:carpet/gray/llama":16,"minecraft:potato":3,"better_diving:diving_mask":1,"notenoughwands:acceleration_wand":2,"minecraft:lapis_lazuli":73,"mysticalagriculture:dirt_seeds":1,"minecraft:dirt":214,"thermal:rf_coil":4,"botania:mana_diamond":2,"minecraft:bone":74,"minecraft:glass":4,"ftbdripper:dripper":1,"minecraft:bow":2,"minecraft:wheat_seeds":244,"rid:aluminum_chunk":13,"trashcans:ultimate_trash_can":1,"cfm:post_box":4,"minecraft:mossy_stone_bricks":3,"losttrinkets:drop_spindle":1,"minecraft:oak_planks":1,"ftbsluice:pump":14,"draconicevolution:draconium_ingot":3,"cottonly:ball":9,"minecraft:sand":156,"minecraft:melon":2,"projectred-core:sapphire":2,"miniutilities:ender_lily_seeds":2,"tconstruct:seared_basin":1,"minecraft:diamond":2,"recycler:recycler":1,"minecraft:soul_lantern":1,"tconstruct:netherite_nugget":3,"minecraft:grass":19,"minecraft:bone_meal":8,"mekanism:advanced_control_circuit":4,"minecraft:oak_sapling":33,"minecraft:netherrack":4,"betterendforge:guidebook":2,"rid:titanium_chunk":4,"minecraft:charcoal":105,"glassential:glass_ethereal_reverse":12,"minecraft:chicken":1,"thermal:cinnabar":9,"cottonly:cotton_seeds":18,"tconstruct:skyroot_log":6,"rid:nickel_chunk":4,"minecraft:diamond_horse_armor":2,"rid:mob_soul":34,"rid:iron_cluster":9,"minecraft:chain":2,"rid:lead_chunk":10,"immersiveengineering:ingot_aluminum":6,"enderstorage:ender_pouch":1,"losttrinkets:serpent_tooth":1,"better_diving:high_capacity_o2_tank":1,"minecraft:mycelium":3,"rid:aluminum_cluster":2,"losttrinkets:tha_cloud":2,"tconstruct:earth_slime_sling":2,"minecraft:phantom_membrane":2,"minecraft:end_stone":6,"mysticalagriculture:refined_obsidian_seeds":1,"ftbsluice:gold_mesh":3,"akashictome:tome":2,"minecraft:polished_blackstone_bricks":1,"ftbsluice:iron_sluice":7,"botania:hourglass":1,"minecraft:iron_horse_armor":3,"mysticalagriculture:supremium_farmland":49,"minecraft:arrow":49,"mysticalagriculture:copper_seeds":1,"minecraft:jungle_stairs":1,"industrialforegoing:straw":1,"betterendforge:ender_shard":2,"minecraft:saddle":1,"glassential:glass_light":4,"minecraft:skeleton_skull":3,"simplylight:edge_light":6,"losttrinkets:treasure_bag":3,"minecraft:golden_carrot":64,"rid:lapis_chunk":1,"better_diving:standard_o2_tank":6,"storagedrawers:upgrade_template":4,"minecraft:leather":7,"ftbsluice:oak_sluice":1,"minecraft:chainmail_chestplate":1,"minecraft:gunpowder":8,"trashcans:energy_trash_can":2,"ftbsluice:cloth_mesh":4,"rftoolsbase:dimensionalshard":120,"rid:copper_cluster":12,"farmersdelight:fruit_salad":3,"minecraft:iron_ingot":7,"refinedstorage:cable":1,"powah:energy_cell_creative":2,"minecraft:mossy_stone_brick_wall":1,"mysticalagriculture:silicon_seeds":1,"mysticalagriculture:fire_seeds":1,"glassential:glass_dark":4,"ftbjarmod:tempered_jar":2,"mysticalagriculture:aluminum_seeds":1,"minecraft:dandelion":2,"mekanismtools:diamond_paxel":2,"rid:tin_cluster":1,"rid:silver_cluster":1,"minecraft:white_bed":1,"thermal:eggplant_block":2,"thermal:spice_cake":3,"mysticalagriculture:wood_seeds":1,"minecraft:spider_eye":1,"refinedstorage:importer":2,"thermal:rice_seeds":1,"powah:energizing_rod_basic":1,"ftblibrary:fluid_container":2,"minecraft:campfire":2,"losttrinkets:book_o_enchanting":1,"ftbjarmod:cast_iron_nugget":3,"mysticalagradditions:supremium_paxel":1,"minecraft:coal":1},"minecraft:crafted":{"pipez:wrench":1,"ftbsluice:gold_auto_hammer":1,"immersiveengineering:hammer":5,"mekanism:ingot_osmium":43,"ftbsluice:oak_sluice":1,"better_diving:wetsuit_leggings":1,"patchouli:guide_book":1,"minecraft:iron_bars":64,"minecraft:glass":56,"rid:2x_compressed_cobblestone":27,"minecraft:repeater":1,"rid:lapis_cluster":13,"thermal:ice_charge":15,"krate:krate_large":1,"ftbsluice:iron_mesh":1,"thermal:gold_dust":4,"recycler:recycler":1,"better_diving:diving_mask":2,"minecraft:cooked_rabbit":44,"rid:1x_compressed_gravel":387,"minecraft:flower_pot":1,"powah:capacitor_basic_large":1,"storagedrawers:obsidian_storage_upgrade":1,"rid:2x_compressed_sand":54,"minecraft:gravel":2889,"minecraft:smithing_table":1,"bloodmagic:sacrificialdagger":1,"bloodmagic:altar":1,"ftbsluice:diamond_auto_hammer":1,"ftbsluice:wooden_hammer":1,"rid:osmium_cluster":1,"better_diving:fiber_mesh":15,"minecraft:stone_slab":6,"rid:1x_compressed_sand":702,"minecraft:iron_block":3,"minecraft:gold_ingot":44,"bloodmagic:blankrune":8,"ftbsluice:iron_sluice":2,"thermal:tin_ingot":114,"thermal:strawberry_block":1,"mysticalagriculture:inferium_furnace":2,"powah:dielectric_casing":1,"minecraft:iron_nugget":50,"thermal:copper_ingot":429,"mysticalagriculture:water_agglomeratio":4,"mekanism:nugget_osmium":3,"ftbsluice:diamond_sluice":4,"mekanism:ingot_uranium":8,"minecraft:white_carpet":66,"miniutilities:unstable_ingot":1,"mysticalagriculture:inferium_ingot":7,"minecraft:basalt":300,"minecraft:netherrack":96,"botanypots:botany_pot":1,"thermal:silver_ingot":28,"better_diving:rebreather":2,"better_diving:improved_wetsuit_leggings":2,"ftbsluice:gold_hammer":1,"minecraft:redstone_block":67,"mekanismtools:refined_obsidian_chestplate":1,"rid:iron_cluster":331,"powah:dielectric_paste":24,"constructionwand:diamond_wand":1,"thermal:blitz_rod":6,"thermal:tin_nugget":9,"minecraft:red_carpet":48,"ftbsluice:iron_auto_hammer":2,"thermal:copper_nugget":60,"thermal:lead_ingot":21,"ftbsluice:diamond_mesh":3,"minecraft:flint":2,"thermal:strawberry":9,"minecraft:wooden_axe":2,"better_diving:ultra_glide_fins":2,"powah:capacitor_basic":20,"mysticalagriculture:fire_agglomeratio":4,"rid:2x_compressed_gravel":27,"minecraft:oak_planks":84,"ftbsluice:netherite_sluice":1,"minecraft:cooked_chicken":29,"minecraft:sand":6444,"thermal:blizz_powder":28,"minecraft:stone":64,"thermal:lead_nugget":10,"pipez:fluid_pipe":16,"ftbsluice:diamond_hammer":2,"ftbsluice:iron_hammer":2,"minecraft:hopper":13,"thermal:iron_dust":2,"ftbsluice:gold_mesh":2,"ftbsluice:stone_hammer":1,"thermal:silver_dust":1,"minecraft:comparator":2,"better_diving:high_capacity_o2_tank":2,"minecraft:chest":9,"mekanismtools:refined_obsidian_helmet":1,"minecraft:golden_sword":3,"immersiveengineering:ingot_aluminum":51,"rftoolspower:coalgenerator":1,"minecraft:crafting_table":1,"constructionwand:iron_wand":4,"thermal:nickel_nugget":2,"minecraft:gold_block":1,"thermal:silver_nugget":8,"rid:diamond_cluster":29,"thermal:nickel_ingot":21,"minecraft:string":4,"minecraft:book":1,"minecraft:stick":108,"minecraft:iron_ingot":1231,"mekanismtools:refined_obsidian_leggings":1,"mekanismtools:refined_obsidian_boots":1,"minecraft:redstone_torch":96,"minecraft:shears":1,"miniutilities:gold_spikes":1,"recycler:advanced_recycler":1,"better_diving:fins":2,"rftoolsbase:machine_frame":1,"mysticalagriculture:infusion_pedestal":8,"minecraft:furnace":2,"mysticalagriculture:prosperity_ingot":7,"minecraft:piston":2,"minecraft:flint_and_steel":1,"mysticalagriculture:inferium_block":2,"storagedrawers:controller":1,"mekanism:ingot_refined_obsidian":68,"refinedstorage:silicon":464,"draconicevolution:module_core":1,"powah:dielectric_rod_horizontal":8,"storagedrawers:diamond_storage_upgrade":1,"mysticalagriculture:prudentium_essence":370,"miniutilities:blursed_earth":8,"powah:energizing_orb":1,"pipez:energy_pipe":16,"minecraft:iron_sword":1,"minecraft:bowl":4,"storagedrawers:illumination_upgrade":8,"minecraft:bucket":2,"minecraft:ice":4,"mysticalagriculture:earth_agglomeratio":19,"minecraft:air":2257,"powah:dielectric_rod":8,"storagedrawers:compacting_drawers_3":1,"botanypots:hopper_botany_pot":1,"minecraft:gold_nugget":9,"storagedrawers:void_upgrade":1,"mysticalagriculture:infusion_altar":1,"minecraft:stonecutter":1,"minecraft:torch":8,"draconicevolution:draconium_core":1},"minecraft:custom":{"minecraft:interact_with_crafting_table":36,"minecraft:open_barrel":95,"minecraft:leave_game":6,"minecraft:time_since_death":208038,"minecraft:deaths":4,"minecraft:jump":2446,"minecraft:enchant_item":11,"minecraft:interact_with_furnace":517,"minecraft:sleep_in_bed":6,"minecraft:damage_dealt":11222,"minecraft:inspect_dispenser":1,"minecraft:interact_with_smithing_table":3,"minecraft:interact_with_anvil":4,"minecraft:inspect_hopper":30,"minecraft:sneak_time":15689,"minecraft:time_since_rest":105268,"minecraft:use_wand":1143,"minecraft:swim_one_cm":256562,"minecraft:fly_one_cm":231529,"minecraft:open_chest":745,"minecraft:fall_one_cm":23388,"minecraft:sprint_one_cm":686814,"minecraft:drop":212,"minecraft:talked_to_villager":6,"minecraft:walk_on_water_one_cm":172813,"minecraft:play_one_minute":834165,"minecraft:player_kills":1,"minecraft:crouch_one_cm":33414,"minecraft:mob_kills":106,"minecraft:climb_one_cm":2707,"minecraft:walk_one_cm":2087758,"minecraft:walk_under_water_one_cm":150822,"minecraft:boat_one_cm":50301,"minecraft:damage_taken":4684},"minecraft:dropped":{"akashictome:tome":2,"rid:iron_cluster":4,"mekanism:creative_fluid_tank":1,"miniutilities:blessed_earth":32,"mob_grinding_utils:tank":1,"chisel:andesite/soft_bricks":1,"thermal:flax_seeds":1,"rid:nickel_chunk":2,"minecraft:dirt":46,"minecraft:gold_nugget":24,"minecraft:sand":794,"losttrinkets:broken_heart_1":2,"minecraft:bone":54,"tconstruct:pickaxe":1,"mysticalagriculture:inferium_farmland":1,"minecraft:wheat":1,"cfm:post_box":3,"minecraft:rotten_flesh":12,"losttrinkets:sticky_mind":1,"minecraft:white_bed":1,"mysticalagriculture:pig_seeds":1,"refinedstorage:silicon":32,"chisel:iron_chisel":2,"minecraft:tipped_arrow":1,"minecraft:charcoal":52,"minecraft:jungle_stairs":1,"mysticalagriculture:inferium_essence":17,"immersiveengineering:ingot_aluminum":1,"minecraft:iron_ingot":22,"botania:terraform_rod":1,"industrialforegoing:mycelial_slimey":1,"fluxnetworks:flux_core":1,"storagedrawers:shroud_key":1,"minecraft:cobblestone":1,"minecraft:prismarine_crystals":8,"minecraft:apple":3,"minecraft:coal":2,"powah:energizing_rod_basic":2,"mysticalagriculture:dye_seeds":1,"ftbjarmod:cast_iron_nugget":3,"minecraft:string":20,"minecraft:lily_pad":5,"powah:uraninite_raw":1,"mysticalagradditions:inferium_paxel":1,"ftbsluice:iron_sluice":1,"extrastorage:block_1024k":1,"minecraft:netherite_ingot":1,"minecraft:dark_oak_sign":1,"rid:diamond_cluster":2,"ftbsluice:pump":1,"minecraft:clay_ball":76,"immersiveengineering:hammer":1,"ftbsluice:stone_hammer":2,"minecraft:potato":2,"rid:nickel_cluster":17,"minecraft:stone":58,"minecraft:sea_pickle":9,"minecraft:stone_bricks":2,"cottonly:ball":1,"rid:iron_chunk":10,"thermal:spice_cake":2,"simplylight:edge_light":1,"rid:gold_chunk":3,"minecraft:oak_log":24,"minecraft:ender_pearl":32,"minecraft:lantern":1,"notenoughwands:acceleration_wand":2,"mob_grinding_utils:saw":1,"ftblibrary:fluid_container":1,"rid:aluminum_cluster":36,"mysticalagriculture:prudentium_furnace":1,"minecraft:mutton":6,"better_diving:rebreather":2,"tconstruct:small_axe_head":1,"betterendforge:guidebook":1,"better_diving:ultra_glide_fins":2,"chisel:cobblestone/weaver":1,"minecraft:gold_ingot":1,"rid:silver_cluster":20,"tconstruct:pattern":16,"rid:emerald_cluster":5,"minecraft:gravel":16,"extrastorage:netherite_crafter":1,"rid:copper_chunk":4,"better_diving:standard_o2_tank":1,"industrialforegoing:material_stonework_factory":1,"rid:titanium_cluster":13,"minecraft:mossy_stone_brick_wall":1,"minecraft:gunpowder":4,"minecraft:skeleton_skull":3,"minecraft:chest":1,"rid:uranium_cluster":13,"tconstruct:small_blade":1,"minecraft:arrow":26,"obsidianboat:obsidianboat":3,"better_diving:improved_wetsuit_leggings":2,"tconstruct:pickaxe_head":1,"rid:osmium_chunk":1,"rid:mob_soul":21,"simplyjetpacks:jetpack_vanilla3":1,"minecraft:golden_helmet":2,"rid:osmium_cluster":33,"mysticalagriculture:blitz_seeds":1,"rid:lead_cluster":17,"tconstruct:broad_axe_head":1,"rid:1x_compressed_cobblestone":2,"botania:skydirt_rod":1,"rid:copper_cluster":4,"minecraft:music_disc_ward":2,"minecraft:music_disc_wait":3,"minecraft:bucket":2,"rid:tin_cluster":19,"miniutilities:experience_pearl_1x":1,"mekanismtools:diamond_paxel":1,"minecraft:kelp":2,"better_diving:high_capacity_o2_tank":2,"minecraft:blaze_rod":16,"minecraft:chiseled_quartz_block":13,"rftoolsstorage:storage_module0":2,"thermal:strawberry_block":1,"minecraft:jukebox":1,"thermal:eggplant_block":2,"chisel:factory/rust2":3,"pipez:fluid_pipe":2,"minecraft:mossy_stone_bricks":3,"mysticalagriculture:refined_obsidian_seeds":1,"minecraft:slime_ball":4}},"DataVersion":2586}