{"stats":{"minecraft:dropped":{"akashictome:tome":2,"rftoolsstorage:storage_module0":1},"minecraft:used":{"minecraft:oak_log":1,"minecraft:wooden_axe":2,"cfm:stripped_warped_table":1,"minecraft:crafting_table":1,"minecraft:oak_sapling":5},"minecraft:custom":{"minecraft:time_since_rest":18581,"minecraft:sprint_one_cm":15173,"minecraft:damage_taken":80,"minecraft:walk_one_cm":53313,"minecraft:drop":3,"minecraft:damage_dealt":10,"minecraft:swim_one_cm":1430,"minecraft:interact_with_crafting_table":3,"minecraft:fly_one_cm":8002,"minecraft:open_barrel":6,"minecraft:open_chest":1,"minecraft:play_one_minute":18581,"minecraft:crouch_one_cm":632,"minecraft:sneak_time":752,"minecraft:walk_under_water_one_cm":807,"minecraft:jump":82,"minecraft:walk_on_water_one_cm":1395,"minecraft:time_since_death":18581,"minecraft:fall_one_cm":2471},"minecraft:mined":{"ftbstructures:blue_barrel":1,"cfm:stripped_warped_table":1,"minecraft:oak_sapling":1,"cfm:dark_oak_hedge":1,"minecraft:oak_log":31,"minecraft:campfire":4,"minecraft:oak_leaves":14},"minecraft:picked_up":{"minecraft:charcoal":8,"losttrinkets:treasure_bag":1,"minecraft:stick":13,"cottonly:cotton_seeds":1,"akashictome:tome":2,"minecraft:oak_log":31,"cfm:stripped_warped_table":1,"minecraft:apple":2,"bloodmagic:reinforcedslate":1,"thermal:eggplant_seeds":1,"minecraft:bread":13,"minecraft:oak_sapling":15},"minecraft:broken":{"minecraft:wooden_axe":2},"minecraft:crafted":{"minecraft:oak_planks":12,"minecraft:crafting_table":1,"minecraft:stick":20,"minecraft:wooden_axe":2}},"DataVersion":2586}