{"stats":{"minecraft:dropped":{"akashictome:tome":2,"minecraft:golden_helmet":2,"fluxnetworks:flux_core":1,"minecraft:oak_log":24,"storagedrawers:shroud_key":1,"minecraft:coal":2,"tconstruct:broad_axe_head":1,"tconstruct:small_axe_head":1,"minecraft:string":20,"minecraft:lily_pad":3,"minecraft:bucket":1,"ftbsluice:iron_sluice":1,"tconstruct:pattern":16,"tconstruct:pickaxe":1,"minecraft:dark_oak_sign":1,"rftoolsstorage:storage_module0":2,"ftbsluice:pump":1,"cfm:post_box":1,"minecraft:clay_ball":76,"better_diving:standard_o2_tank":1,"chisel:iron_chisel":1,"minecraft:charcoal":42,"tconstruct:small_blade":1,"obsidianboat:obsidianboat":1,"rid:iron_chunk":6},"minecraft:killed":{"minecraft:drowned":1},"minecraft:used":{"cfm:post_box":1,"ftbsluice:dust":2,"minecraft:dirt":29,"ftbsluice:wooden_hammer":103,"thermal:strawberry_block":2,"minecraft:bowl":64,"minecraft:wooden_axe":2,"minecraft:oak_sapling":13,"minecraft:furnace":1,"ftbsluice:pump":8,"minecraft:water_bucket":4,"minecraft:sand":14,"minecraft:crafting_table":1,"minecraft:oak_log":1,"mob_grinding_utils:saw":1,"minecraft:apple":5,"cfm:stripped_warped_table":1,"minecraft:bread":2,"minecraft:gravel":34,"cottonly:cotton_seeds":2,"ftbsluice:iron_sluice":4,"minecraft:cobblestone":18,"minecraft:bucket":4,"ftbsluice:oak_sluice":1,"obsidianboat:obsidianboat":1,"minecraft:sea_pickle":2,"minecraft:bone_meal":1},"minecraft:custom":{"minecraft:mob_kills":1,"minecraft:inspect_hopper":1,"minecraft:interact_with_crafting_table":6,"minecraft:open_barrel":52,"minecraft:time_since_death":102581,"minecraft:climb_one_cm":66,"minecraft:sprint_one_cm":64802,"minecraft:walk_one_cm":328659,"minecraft:drop":31,"minecraft:sneak_time":2018,"minecraft:walk_under_water_one_cm":20026,"minecraft:jump":353,"minecraft:walk_on_water_one_cm":40813,"minecraft:interact_with_furnace":22,"minecraft:play_one_minute":102581,"minecraft:time_since_rest":102581,"minecraft:damage_taken":155,"minecraft:damage_dealt":228,"minecraft:swim_one_cm":29330,"minecraft:fly_one_cm":15757,"minecraft:open_chest":51,"minecraft:crouch_one_cm":2379,"minecraft:fall_one_cm":3969},"minecraft:mined":{"minecraft:oak_sapling":2,"thermal:strawberry_block":1,"ftbsluice:iron_sluice":4,"ftbsluice:dust":2,"minecraft:grass_block":44,"minecraft:hopper":1,"ftbsluice:pump":8,"ftbstructures:green_barrel":4,"ftbstructures:white_barrel":6,"ftbstructures:golden_barrel":1,"minecraft:stone":8,"cfm:stripped_warped_table":1,"mob_grinding_utils:saw":1,"ftbstructures:crate":7,"cfm:dark_oak_hedge":1,"minecraft:clay":19,"minecraft:chest":4,"minecraft:campfire":30,"ftbstructures:black_barrel":1,"minecraft:cobblestone":18,"ftbstructures:blue_barrel":2,"minecraft:wheat":2,"cfm:post_box":1,"minecraft:oak_log":51,"minecraft:gravel":50,"minecraft:sand":14,"minecraft:dirt":26,"minecraft:oak_leaves":22},"minecraft:picked_up":{"minecraft:charcoal":60,"minecraft:chainmail_boots":1,"cb_microblock:microblock":2,"minecraft:clay_ball":152,"tconstruct:broad_axe_head":1,"cottonly:cotton_seeds":4,"minecraft:lead":2,"rid:nickel_chunk":2,"chisel:iron_chisel":1,"rid:mob_soul":1,"minecraft:chain":2,"rid:lead_chunk":4,"minecraft:mycelium":3,"rid:iron_chunk":21,"thermal:sulfur":1,"minecraft:sea_pickle":2,"minecraft:bucket":1,"minecraft:chest":4,"minecraft:golden_helmet":2,"minecraft:stick":20,"rid:copper_chunk":33,"akashictome:tome":2,"tconstruct:pickaxe":1,"better_diving:wetsuit_leggings":1,"rid:tin_chunk":7,"ftbsluice:iron_sluice":5,"mob_grinding_utils:saw":1,"rid:silver_chunk":6,"minecraft:carrot":4,"minecraft:iron_horse_armor":2,"tconstruct:small_blade":1,"botania:manasteel_ingot":2,"minecraft:rotten_flesh":2,"ftbsluice:dust":11,"industrialforegoing:straw":1,"minecraft:hay_block":4,"tconstruct:small_axe_head":1,"rid:gold_chunk":7,"minecraft:saddle":1,"minecraft:leather_horse_armor":1,"minecraft:iron_bars":6,"minecraft:white_wool":12,"minecraft:cobblestone":72,"thermal:strawberry_block":2,"minecraft:sponge":8,"losttrinkets:treasure_bag":1,"better_diving:standard_o2_tank":2,"storagedrawers:upgrade_template":4,"minecraft:chiseled_quartz_block":8,"ftbsluice:oak_sluice":1,"minecraft:oak_log":57,"minecraft:chainmail_chestplate":1,"minecraft:lily_pad":3,"minecraft:dirt":94,"thermal:rf_coil":2,"botania:mana_diamond":2,"ftbsluice:cloth_mesh":4,"minecraft:glass":4,"cfm:stripped_warped_table":1,"minecraft:apple":6,"minecraft:wheat_seeds":2,"rid:aluminum_chunk":7,"minecraft:dark_oak_sign":1,"cfm:post_box":2,"ftbsluice:pump":8,"cottonly:ball":2,"minecraft:gravel":18,"minecraft:sand":32,"rid:fluorite_chunk":1,"obsidianboat:obsidianboat":3,"bloodmagic:reinforcedslate":1,"thermal:eggplant_seeds":1,"minecraft:bone_meal":1,"minecraft:bread":22,"minecraft:oak_sapling":33,"minecraft:hopper":1},"minecraft:broken":{"minecraft:wooden_axe":2},"minecraft:crafted":{"minecraft:oak_planks":20,"minecraft:iron_nugget":23,"minecraft:furnace":1,"minecraft:crafting_table":1,"minecraft:bowl":4,"minecraft:bucket":1,"ftbsluice:wooden_hammer":1,"minecraft:air":36,"minecraft:string":4,"minecraft:stick":20,"minecraft:iron_ingot":1,"minecraft:wooden_axe":2}},"DataVersion":2586}