{"stats":{"minecraft:custom":{"minecraft:mob_kills":6,"minecraft:inspect_hopper":1,"minecraft:interact_with_crafting_table":14,"minecraft:open_barrel":64,"minecraft:leave_game":2,"minecraft:time_since_death":156421,"minecraft:climb_one_cm":222,"minecraft:sprint_one_cm":80710,"minecraft:walk_one_cm":484549,"minecraft:drop":43,"minecraft:sneak_time":2094,"minecraft:walk_under_water_one_cm":31889,"minecraft:boat_one_cm":1536,"minecraft:jump":495,"minecraft:walk_on_water_one_cm":46446,"minecraft:interact_with_furnace":88,"minecraft:play_one_minute":156421,"minecraft:sleep_in_bed":1,"minecraft:time_since_rest":9688,"minecraft:damage_taken":243,"minecraft:use_wand":131,"minecraft:damage_dealt":1030,"minecraft:swim_one_cm":32294,"minecraft:fly_one_cm":26207,"minecraft:open_chest":139,"minecraft:crouch_one_cm":2464,"minecraft:fall_one_cm":7044},"minecraft:crafted":{"minecraft:oak_planks":20,"minecraft:iron_nugget":35,"mekanism:nugget_osmium":3,"minecraft:furnace":1,"thermal:lead_nugget":6,"ftbsluice:stone_hammer":1,"minecraft:crafting_table":1,"minecraft:bowl":4,"minecraft:bucket":1,"thermal:tin_nugget":9,"thermal:silver_nugget":8,"ftbsluice:wooden_hammer":1,"thermal:copper_nugget":60,"minecraft:air":37,"minecraft:string":4,"minecraft:gold_nugget":9,"minecraft:stick":20,"minecraft:iron_ingot":1,"minecraft:wooden_axe":2,"thermal:tin_ingot":25},"minecraft:dropped":{"industrialforegoing:mycelial_slimey":1,"akashictome:tome":2,"minecraft:golden_helmet":2,"fluxnetworks:flux_core":1,"minecraft:oak_log":24,"storagedrawers:shroud_key":1,"notenoughwands:acceleration_wand":2,"minecraft:coal":2,"powah:energizing_rod_basic":1,"tconstruct:broad_axe_head":1,"tconstruct:small_axe_head":1,"minecraft:music_disc_wait":1,"minecraft:string":20,"minecraft:lily_pad":3,"minecraft:bucket":1,"mysticalagradditions:inferium_paxel":1,"ftbsluice:iron_sluice":1,"tconstruct:pattern":16,"tconstruct:pickaxe":1,"minecraft:dark_oak_sign":1,"rftoolsstorage:storage_module0":2,"ftbsluice:pump":1,"cfm:post_box":1,"minecraft:rotten_flesh":2,"minecraft:clay_ball":76,"better_diving:standard_o2_tank":1,"ftbsluice:stone_hammer":1,"industrialforegoing:material_stonework_factory":1,"chisel:iron_chisel":1,"minecraft:jungle_stairs":1,"minecraft:charcoal":52,"tconstruct:small_blade":1,"obsidianboat:obsidianboat":1,"rid:iron_chunk":6},"minecraft:broken":{"constructionwand:stone_wand":1,"ftbsluice:wooden_hammer":1,"minecraft:wooden_axe":2},"minecraft:used":{"cfm:post_box":1,"ftbsluice:dust":2,"tconstruct:drowned_head":1,"minecraft:dirt":83,"ftbsluice:wooden_hammer":159,"thermal:strawberry_block":2,"minecraft:bowl":64,"mekanismtools:diamond_paxel":4,"minecraft:wooden_axe":2,"ftbsluice:stone_hammer":162,"rid:1x_compressed_cobblestone":26,"minecraft:furnace":1,"minecraft:oak_sapling":15,"ftbsluice:pump":8,"minecraft:water_bucket":4,"minecraft:sand":44,"minecraft:crafting_table":1,"constructionwand:stone_wand":19,"minecraft:oak_log":1,"mob_grinding_utils:saw":1,"minecraft:apple":5,"cfm:stripped_warped_table":1,"minecraft:bread":5,"minecraft:gravel":88,"cottonly:cotton_seeds":2,"ftbsluice:iron_sluice":4,"minecraft:cobblestone":72,"ftbsluice:oak_sluice":1,"minecraft:bucket":4,"obsidianboat:obsidianboat":2,"minecraft:sea_pickle":2,"minecraft:bone_meal":1},"minecraft:killed":{"minecraft:phantom":2,"minecraft:drowned":4},"minecraft:mined":{"thermal:strawberry_block":1,"minecraft:oak_sapling":2,"ftbsluice:iron_sluice":4,"ftbsluice:dust":2,"minecraft:grass_block":44,"ftbsluice:pump":8,"minecraft:hopper":1,"ftbstructures:green_barrel":5,"ftbstructures:white_barrel":7,"ftbstructures:golden_barrel":1,"minecraft:stone":8,"ftbstructures:purple_barrel":2,"cfm:stripped_warped_table":1,"mob_grinding_utils:saw":1,"ftbstructures:crate":9,"cfm:dark_oak_hedge":1,"minecraft:clay":19,"minecraft:chest":4,"minecraft:campfire":30,"ftbstructures:black_barrel":1,"minecraft:cobblestone":72,"ftbstructures:blue_barrel":2,"minecraft:wheat":2,"cfm:post_box":1,"minecraft:oak_log":51,"minecraft:gravel":104,"minecraft:sand":44,"minecraft:dirt":80,"minecraft:oak_leaves":22},"minecraft:picked_up":{"minecraft:charcoal":72,"minecraft:wheat":24,"rid:osmium_chunk":1,"minecraft:chainmail_boots":1,"cb_microblock:microblock":2,"minecraft:clay_ball":152,"tconstruct:broad_axe_head":1,"cottonly:cotton_seeds":6,"minecraft:lead":2,"rid:nickel_chunk":2,"chisel:iron_chisel":1,"rid:mob_soul":3,"minecraft:chain":2,"rid:lead_chunk":6,"tconstruct:hand_axe":1,"minecraft:mycelium":3,"rid:iron_chunk":25,"thermal:sulfur":1,"minecraft:sea_pickle":2,"mysticalagriculture:inferium_essence":2,"minecraft:bucket":1,"tconstruct:earth_slime_sling":1,"minecraft:chest":4,"minecraft:phantom_membrane":1,"minecraft:golden_helmet":2,"minecraft:stick":20,"rid:copper_chunk":44,"akashictome:tome":2,"tconstruct:pickaxe":1,"better_diving:wetsuit_leggings":1,"rid:tin_chunk":9,"ftbsluice:iron_sluice":5,"mob_grinding_utils:saw":1,"rid:silver_chunk":8,"minecraft:vine":3,"minecraft:carrot":4,"minecraft:iron_horse_armor":2,"tconstruct:small_blade":1,"botania:manasteel_ingot":2,"minecraft:rotten_flesh":4,"minecraft:jungle_stairs":1,"immersiveengineering:cloche":1,"minecraft:tropical_fish":1,"ftbsluice:dust":41,"tconstruct:drowned_head":1,"industrialforegoing:straw":1,"minecraft:hay_block":6,"tconstruct:small_axe_head":1,"rid:gold_chunk":9,"minecraft:saddle":1,"minecraft:gold_ingot":1,"minecraft:leather_horse_armor":1,"minecraft:music_disc_wait":1,"minecraft:iron_bars":6,"minecraft:white_wool":12,"minecraft:cobblestone":72,"thermal:strawberry_block":2,"minecraft:sponge":8,"losttrinkets:treasure_bag":1,"better_diving:standard_o2_tank":3,"storagedrawers:upgrade_template":4,"minecraft:chiseled_quartz_block":8,"ftbsluice:oak_sluice":1,"minecraft:lily_pad":3,"minecraft:oak_log":57,"minecraft:chainmail_chestplate":1,"better_diving:diving_mask":1,"notenoughwands:acceleration_wand":2,"minecraft:dirt":148,"thermal:rf_coil":2,"trashcans:energy_trash_can":1,"botania:mana_diamond":2,"ftbsluice:cloth_mesh":4,"minecraft:glass":4,"cfm:stripped_warped_table":1,"minecraft:apple":6,"minecraft:wheat_seeds":38,"rid:aluminum_chunk":8,"minecraft:dark_oak_sign":1,"cfm:post_box":2,"industrialforegoing:material_stonework_factory":1,"mysticalagradditions:inferium_paxel":1,"ftbsluice:pump":8,"cottonly:ball":4,"minecraft:gravel":72,"minecraft:sand":86,"rid:fluorite_chunk":1,"minecraft:melon":2,"mekanismtools:diamond_paxel":1,"obsidianboat:obsidianboat":3,"bloodmagic:reinforcedslate":1,"losttrinkets:book_o_enchanting":1,"thermal:eggplant_seeds":1,"minecraft:bone_meal":7,"minecraft:bread":22,"minecraft:oak_sapling":33,"minecraft:hopper":1}},"DataVersion":2586}