{"stats":{"minecraft:custom":{"minecraft:mob_kills":6,"minecraft:inspect_hopper":2,"minecraft:interact_with_crafting_table":31,"minecraft:open_barrel":78,"minecraft:leave_game":2,"minecraft:time_since_death":192421,"minecraft:climb_one_cm":222,"minecraft:sprint_one_cm":89731,"minecraft:walk_one_cm":621180,"minecraft:drop":77,"minecraft:sneak_time":2233,"minecraft:walk_under_water_one_cm":32938,"minecraft:boat_one_cm":2333,"minecraft:jump":581,"minecraft:walk_on_water_one_cm":46814,"minecraft:interact_with_furnace":221,"minecraft:play_one_minute":192421,"minecraft:sleep_in_bed":1,"minecraft:time_since_rest":45688,"minecraft:damage_taken":463,"minecraft:use_wand":131,"minecraft:damage_dealt":1179,"minecraft:swim_one_cm":32294,"minecraft:fly_one_cm":27449,"minecraft:open_chest":218,"minecraft:crouch_one_cm":2656,"minecraft:fall_one_cm":7044},"minecraft:crafted":{"immersiveengineering:hammer":1,"minecraft:oak_planks":20,"minecraft:iron_nugget":50,"mekanism:ingot_osmium":3,"thermal:copper_ingot":12,"mekanism:nugget_osmium":3,"minecraft:furnace":1,"thermal:lead_nugget":10,"thermal:iron_dust":2,"thermal:silver_ingot":1,"ftbsluice:stone_hammer":1,"thermal:silver_dust":1,"minecraft:chest":1,"rid:1x_compressed_gravel":81,"rid:iron_cluster":5,"immersiveengineering:ingot_aluminum":3,"minecraft:crafting_table":1,"minecraft:bowl":4,"thermal:nickel_nugget":2,"minecraft:bucket":1,"thermal:tin_nugget":9,"thermal:silver_nugget":8,"ftbsluice:wooden_hammer":1,"thermal:copper_nugget":60,"minecraft:air":1678,"thermal:nickel_ingot":3,"minecraft:string":4,"thermal:lead_ingot":3,"minecraft:gold_nugget":9,"minecraft:stick":20,"minecraft:iron_ingot":21,"minecraft:wooden_axe":2,"minecraft:gold_ingot":2,"thermal:tin_ingot":67,"rid:2x_compressed_gravel":9},"minecraft:dropped":{"minecraft:iron_ingot":7,"rid:gold_chunk":1,"industrialforegoing:mycelial_slimey":1,"akashictome:tome":2,"minecraft:golden_helmet":2,"fluxnetworks:flux_core":1,"minecraft:oak_log":24,"storagedrawers:shroud_key":1,"rid:iron_cluster":4,"notenoughwands:acceleration_wand":2,"minecraft:coal":2,"powah:energizing_rod_basic":1,"rid:nickel_chunk":2,"minecraft:dirt":46,"tconstruct:broad_axe_head":1,"tconstruct:small_axe_head":1,"minecraft:sand":794,"minecraft:music_disc_wait":1,"minecraft:string":20,"minecraft:lily_pad":3,"minecraft:bucket":1,"mysticalagradditions:inferium_paxel":1,"ftbsluice:iron_sluice":1,"tconstruct:pattern":16,"tconstruct:pickaxe":1,"mekanismtools:diamond_paxel":1,"minecraft:dark_oak_sign":1,"rftoolsstorage:storage_module0":2,"minecraft:wheat":1,"ftbsluice:pump":1,"cfm:post_box":1,"minecraft:rotten_flesh":2,"minecraft:clay_ball":76,"rid:copper_chunk":4,"better_diving:standard_o2_tank":1,"immersiveengineering:hammer":1,"ftbsluice:stone_hammer":2,"industrialforegoing:material_stonework_factory":1,"chisel:iron_chisel":1,"minecraft:jungle_stairs":1,"minecraft:charcoal":52,"minecraft:chest":1,"tconstruct:small_blade":1,"cottonly:ball":1,"obsidianboat:obsidianboat":1,"rid:iron_chunk":9,"rid:osmium_chunk":1},"minecraft:broken":{"constructionwand:stone_wand":1,"ftbsluice:wooden_hammer":1,"minecraft:wooden_axe":2,"ftbsluice:stone_hammer":1},"minecraft:used":{"cfm:post_box":1,"ftbsluice:dust":2,"minecraft:chest":1,"tconstruct:drowned_head":1,"minecraft:dirt":83,"minecraft:hopper":2,"ftbsluice:wooden_hammer":159,"thermal:strawberry_block":2,"minecraft:bowl":64,"mekanismtools:diamond_paxel":5,"minecraft:wooden_axe":2,"ftbsluice:stone_hammer":249,"rid:1x_compressed_cobblestone":26,"minecraft:furnace":1,"minecraft:oak_sapling":15,"ftbsluice:pump":8,"minecraft:water_bucket":4,"minecraft:sand":44,"minecraft:crafting_table":1,"constructionwand:stone_wand":19,"minecraft:oak_log":1,"mob_grinding_utils:saw":1,"immersiveengineering:hammer":8,"minecraft:apple":5,"cfm:stripped_warped_table":1,"minecraft:bread":7,"minecraft:gravel":88,"cottonly:cotton_seeds":2,"ftbsluice:iron_sluice":4,"minecraft:cobblestone":72,"ftbdripper:dripper":1,"ftbsluice:oak_sluice":1,"minecraft:bucket":4,"obsidianboat:obsidianboat":3,"minecraft:sea_pickle":2,"minecraft:bone_meal":1},"minecraft:killed":{"minecraft:phantom":2,"minecraft:drowned":4},"minecraft:mined":{"thermal:strawberry_block":1,"minecraft:oak_sapling":2,"ftbsluice:iron_sluice":4,"ftbsluice:dust":2,"minecraft:grass_block":44,"ftbsluice:pump":8,"minecraft:hopper":1,"ftbstructures:green_barrel":5,"ftbstructures:white_barrel":7,"ftbdripper:dripper":1,"ftbstructures:golden_barrel":1,"minecraft:stone":8,"ftbstructures:purple_barrel":2,"cfm:stripped_warped_table":1,"mob_grinding_utils:saw":1,"ftbstructures:crate":9,"cfm:dark_oak_hedge":1,"minecraft:clay":19,"minecraft:chest":4,"minecraft:campfire":30,"ftbstructures:black_barrel":1,"minecraft:cobblestone":72,"ftbstructures:blue_barrel":2,"minecraft:wheat":2,"cfm:post_box":1,"minecraft:oak_log":51,"minecraft:gravel":190,"minecraft:sand":44,"minecraft:dirt":80,"minecraft:oak_leaves":22},"minecraft:picked_up":{"minecraft:charcoal":72,"minecraft:wheat":32,"rid:osmium_chunk":2,"minecraft:chainmail_boots":1,"cb_microblock:microblock":2,"minecraft:clay_ball":152,"tconstruct:broad_axe_head":1,"cottonly:cotton_seeds":8,"minecraft:lead":2,"rid:nickel_chunk":4,"chisel:iron_chisel":1,"rid:mob_soul":3,"rid:iron_cluster":9,"minecraft:chain":2,"rid:lead_chunk":6,"tconstruct:hand_axe":1,"minecraft:mycelium":3,"rid:aluminum_cluster":2,"rid:iron_chunk":44,"thermal:sulfur":1,"minecraft:sea_pickle":2,"mysticalagriculture:inferium_essence":2,"minecraft:bucket":1,"tconstruct:earth_slime_sling":1,"minecraft:chest":4,"minecraft:phantom_membrane":1,"minecraft:golden_helmet":2,"minecraft:stick":20,"rid:copper_chunk":48,"ftbsluice:stone_hammer":2,"akashictome:tome":2,"tconstruct:pickaxe":1,"better_diving:wetsuit_leggings":1,"rid:tin_chunk":9,"ftbsluice:iron_sluice":5,"mob_grinding_utils:saw":1,"rid:silver_chunk":8,"minecraft:vine":3,"minecraft:carrot":4,"rid:gold_cluster":2,"minecraft:iron_horse_armor":2,"tconstruct:small_blade":1,"rid:osmium_cluster":1,"botania:manasteel_ingot":2,"minecraft:rotten_flesh":4,"minecraft:jungle_stairs":1,"immersiveengineering:cloche":1,"minecraft:tropical_fish":1,"ftbsluice:dust":41,"tconstruct:drowned_head":1,"industrialforegoing:straw":1,"minecraft:hay_block":6,"rid:lead_cluster":2,"tconstruct:small_axe_head":1,"rid:gold_chunk":10,"minecraft:saddle":1,"minecraft:gold_ingot":1,"minecraft:leather_horse_armor":1,"minecraft:music_disc_wait":1,"minecraft:iron_bars":6,"rid:nickel_cluster":2,"minecraft:white_wool":12,"minecraft:cobblestone":72,"thermal:strawberry_block":2,"minecraft:sponge":8,"losttrinkets:treasure_bag":1,"better_diving:standard_o2_tank":3,"storagedrawers:upgrade_template":4,"minecraft:chiseled_quartz_block":8,"ftbsluice:oak_sluice":1,"minecraft:lily_pad":3,"minecraft:oak_log":57,"minecraft:chainmail_chestplate":1,"better_diving:diving_mask":1,"notenoughwands:acceleration_wand":2,"minecraft:dirt":194,"thermal:rf_coil":2,"trashcans:energy_trash_can":1,"botania:mana_diamond":2,"ftbsluice:cloth_mesh":4,"minecraft:glass":4,"cfm:stripped_warped_table":1,"ftbdripper:dripper":1,"minecraft:apple":6,"rid:copper_cluster":12,"minecraft:wheat_seeds":55,"rid:aluminum_chunk":9,"minecraft:iron_ingot":5,"minecraft:dark_oak_sign":1,"cfm:post_box":2,"industrialforegoing:material_stonework_factory":1,"mysticalagradditions:inferium_paxel":1,"ftbsluice:pump":8,"cottonly:ball":5,"minecraft:gravel":72,"minecraft:sand":152,"rid:fluorite_chunk":1,"minecraft:melon":2,"mekanismtools:diamond_paxel":2,"rid:tin_cluster":1,"rid:silver_cluster":1,"obsidianboat:obsidianboat":3,"bloodmagic:reinforcedslate":1,"losttrinkets:book_o_enchanting":1,"thermal:eggplant_seeds":1,"minecraft:bone_meal":7,"minecraft:bread":22,"minecraft:oak_sapling":33,"immersiveengineering:hammer":1,"minecraft:hopper":1}},"DataVersion":2586}