{"stats":{"minecraft:crafted":{"mysticalagriculture:inferium_furnace":2,"pipez:wrench":1,"minecraft:oak_planks":20,"immersiveengineering:hammer":5,"minecraft:iron_nugget":50,"mekanism:ingot_osmium":43,"thermal:copper_ingot":75,"minecraft:cooked_chicken":29,"mekanism:nugget_osmium":3,"minecraft:furnace":2,"mysticalagriculture:prosperity_ingot":7,"mekanism:ingot_uranium":8,"thermal:lead_nugget":10,"mysticalagriculture:inferium_ingot":7,"pipez:fluid_pipe":16,"minecraft:hopper":2,"thermal:iron_dust":2,"mysticalagriculture:inferium_block":2,"thermal:silver_ingot":9,"ftbsluice:gold_mesh":2,"ftbsluice:stone_hammer":1,"thermal:silver_dust":1,"minecraft:chest":3,"ftbsluice:iron_mesh":1,"thermal:gold_dust":4,"minecraft:cooked_rabbit":44,"rid:1x_compressed_gravel":81,"rid:iron_cluster":5,"immersiveengineering:ingot_aluminum":51,"minecraft:crafting_table":1,"constructionwand:iron_wand":4,"minecraft:bowl":4,"thermal:nickel_nugget":2,"bloodmagic:sacrificialdagger":1,"minecraft:bucket":1,"thermal:tin_nugget":9,"thermal:silver_nugget":8,"bloodmagic:altar":1,"rid:diamond_cluster":1,"ftbsluice:wooden_hammer":1,"thermal:copper_nugget":60,"minecraft:air":1797,"thermal:nickel_ingot":8,"minecraft:string":4,"rid:osmium_cluster":1,"minecraft:gold_nugget":9,"thermal:lead_ingot":21,"minecraft:stick":108,"minecraft:flint":2,"minecraft:iron_ingot":55,"minecraft:wooden_axe":2,"minecraft:gold_ingot":44,"minecraft:torch":8,"thermal:tin_ingot":114,"rid:2x_compressed_gravel":9},"minecraft:used":{"immersiveengineering:fluid_pump":1,"refinedstorage:exporter":1,"cfm:post_box":1,"ftbsluice:dust":5,"minecraft:chest":2,"tconstruct:drowned_head":1,"minecraft:torch":8,"minecraft:dirt":91,"constructionwand:iron_wand":55,"minecraft:hopper":7,"ftbsluice:wooden_hammer":159,"minecraft:bowl":64,"thermal:strawberry_block":2,"mekanismtools:diamond_paxel":36,"minecraft:milk_bucket":1,"minecraft:wooden_axe":2,"ftbsluice:stone_hammer":249,"farmersdelight:bacon_sandwich":1,"rid:1x_compressed_cobblestone":26,"minecraft:bow":3,"minecraft:oak_sapling":15,"minecraft:furnace":2,"ftbsluice:pump":10,"pipez:fluid_pipe":11,"minecraft:water_bucket":17,"mysticalagriculture:inferium_furnace":2,"minecraft:sand":44,"minecraft:crafting_table":1,"constructionwand:stone_wand":19,"mob_grinding_utils:tank":7,"minecraft:oak_log":1,"mob_grinding_utils:saw":1,"minecraft:lever":4,"immersiveengineering:hammer":12,"refinedstorage:cable":2,"minecraft:apple":5,"cfm:stripped_warped_table":1,"minecraft:bread":14,"industrialforegoing:wither_builder":1,"minecraft:gravel":88,"cottonly:cotton_seeds":2,"ftbsluice:iron_sluice":4,"minecraft:cobblestone":658,"bloodmagic:altar":1,"ftbdripper:dripper":1,"minecraft:bucket":68,"ftbsluice:oak_sluice":1,"obsidianboat:obsidianboat":4,"minecraft:sea_pickle":2,"minecraft:bone_meal":1},"minecraft:killed":{"minecraft:spider":1,"minecraft:phantom":2,"minecraft:skeleton":1,"minecraft:drowned":5,"minecraft:zombie":2},"minecraft:dropped":{"minecraft:iron_ingot":22,"akashictome:tome":2,"industrialforegoing:mycelial_slimey":1,"rid:gold_chunk":3,"minecraft:golden_helmet":2,"fluxnetworks:flux_core":1,"minecraft:oak_log":24,"storagedrawers:shroud_key":1,"rid:iron_cluster":4,"miniutilities:blessed_earth":32,"mob_grinding_utils:tank":1,"notenoughwands:acceleration_wand":2,"minecraft:coal":2,"mysticalagriculture:blitz_seeds":1,"powah:energizing_rod_basic":1,"rid:nickel_chunk":2,"minecraft:dirt":46,"tconstruct:broad_axe_head":1,"botania:skydirt_rod":1,"mysticalagriculture:dye_seeds":1,"tconstruct:small_axe_head":1,"minecraft:sand":794,"minecraft:music_disc_wait":1,"minecraft:string":20,"minecraft:lily_pad":3,"minecraft:bucket":2,"mysticalagradditions:inferium_paxel":1,"ftbsluice:iron_sluice":1,"tconstruct:pattern":16,"tconstruct:pickaxe":1,"mekanismtools:diamond_paxel":1,"minecraft:dark_oak_sign":1,"rftoolsstorage:storage_module0":2,"rid:diamond_cluster":1,"minecraft:wheat":1,"ftbsluice:pump":1,"cfm:post_box":1,"extrastorage:netherite_crafter":1,"minecraft:rotten_flesh":2,"minecraft:clay_ball":76,"rid:copper_chunk":4,"better_diving:standard_o2_tank":1,"immersiveengineering:hammer":1,"mysticalagriculture:pig_seeds":1,"ftbsluice:stone_hammer":2,"industrialforegoing:material_stonework_factory":1,"chisel:iron_chisel":1,"minecraft:charcoal":52,"minecraft:jungle_stairs":1,"immersiveengineering:ingot_aluminum":1,"minecraft:chest":1,"tconstruct:small_blade":1,"cottonly:ball":1,"obsidianboat:obsidianboat":1,"rid:iron_chunk":10,"tconstruct:pickaxe_head":1,"rid:osmium_chunk":1},"minecraft:picked_up":{"minecraft:charcoal":105,"minecraft:wheat":81,"minecraft:chainmail_boots":1,"cb_microblock:microblock":2,"rid:osmium_chunk":2,"minecraft:clay_ball":152,"minecraft:lead":2,"tconstruct:broad_axe_head":1,"cottonly:cotton_seeds":11,"rid:nickel_chunk":4,"rid:mob_soul":4,"chisel:iron_chisel":1,"rid:iron_cluster":9,"minecraft:chain":2,"rid:lead_chunk":7,"immersiveengineering:ingot_aluminum":6,"immersiveengineering:dust_aluminum":29,"tconstruct:hand_axe":1,"minecraft:mycelium":3,"rid:aluminum_cluster":2,"rid:iron_chunk":65,"thermal:sulfur":1,"minecraft:sea_pickle":2,"mysticalagriculture:inferium_essence":3,"minecraft:bucket":3,"immersiveengineering:fluid_pump":1,"tconstruct:earth_slime_sling":1,"minecraft:chest":4,"minecraft:phantom_membrane":1,"minecraft:furnace":2,"minecraft:golden_helmet":2,"minecraft:stick":20,"rid:copper_chunk":51,"ftbsluice:stone_hammer":2,"losttrinkets:turtle_shell":1,"mysticalagriculture:prosperity_shard":36,"akashictome:tome":2,"tconstruct:pickaxe":1,"better_diving:wetsuit_leggings":1,"rid:tin_chunk":9,"ftbsluice:iron_sluice":5,"mob_grinding_utils:saw":1,"rid:silver_chunk":9,"minecraft:vine":3,"minecraft:carrot":4,"rid:gold_cluster":34,"minecraft:iron_horse_armor":2,"tconstruct:small_blade":1,"rid:osmium_cluster":1,"botania:manasteel_ingot":2,"minecraft:arrow":3,"minecraft:rotten_flesh":8,"minecraft:tropical_fish":1,"immersiveengineering:cloche":1,"ftbsluice:dust":44,"minecraft:jungle_stairs":1,"tconstruct:drowned_head":1,"industrialforegoing:straw":1,"minecraft:hay_block":6,"rid:lead_cluster":2,"tconstruct:small_axe_head":1,"minecraft:gold_ingot":1,"minecraft:saddle":1,"rid:gold_chunk":13,"minecraft:leather_horse_armor":1,"minecraft:music_disc_wait":1,"minecraft:iron_bars":6,"minecraft:white_wool":12,"minecraft:cobblestone":74,"thermal:strawberry_block":2,"minecraft:sponge":8,"rid:nickel_cluster":2,"losttrinkets:treasure_bag":1,"better_diving:standard_o2_tank":3,"storagedrawers:upgrade_template":4,"minecraft:chiseled_quartz_block":8,"mob_grinding_utils:tank":8,"ftbsluice:oak_sluice":1,"minecraft:oak_log":57,"minecraft:chainmail_chestplate":1,"minecraft:lily_pad":3,"better_diving:diving_mask":1,"notenoughwands:acceleration_wand":2,"minecraft:dirt":205,"thermal:rf_coil":2,"trashcans:energy_trash_can":1,"botania:mana_diamond":2,"ftbsluice:cloth_mesh":4,"pipez:fluid_pipe":11,"minecraft:glass":4,"minecraft:bone":2,"cfm:stripped_warped_table":1,"ftbdripper:dripper":1,"minecraft:apple":6,"minecraft:bow":1,"minecraft:wheat_seeds":139,"rid:aluminum_chunk":9,"rid:copper_cluster":12,"minecraft:iron_ingot":5,"minecraft:dark_oak_sign":1,"refinedstorage:cable":1,"cfm:post_box":2,"ftbsluice:iron_mesh":1,"industrialforegoing:material_stonework_factory":1,"ftbsluice:pump":10,"mysticalagradditions:inferium_paxel":1,"cottonly:ball":7,"minecraft:gravel":353,"rid:fluorite_chunk":1,"minecraft:sand":154,"mekanismtools:diamond_paxel":2,"minecraft:melon":2,"rid:tin_cluster":1,"rid:silver_cluster":1,"obsidianboat:obsidianboat":3,"minecraft:spider_eye":1,"minecraft:diamond":1,"bloodmagic:reinforcedslate":1,"minecraft:lever":4,"losttrinkets:book_o_enchanting":1,"thermal:eggplant_seeds":1,"minecraft:bone_meal":7,"minecraft:bread":22,"minecraft:oak_sapling":33,"immersiveengineering:hammer":1,"minecraft:hopper":3},"minecraft:mined":{"minecraft:oak_sapling":2,"thermal:strawberry_block":1,"ftbsluice:iron_sluice":4,"ftbsluice:dust":5,"minecraft:lever":4,"minecraft:grass_block":53,"refinedstorage:cable":2,"ftbsluice:pump":10,"ftbstructures:green_barrel":5,"minecraft:hopper":4,"ftbstructures:white_barrel":7,"minecraft:furnace":2,"pipez:fluid_pipe":11,"ftbdripper:dripper":1,"ftbstructures:golden_barrel":1,"minecraft:stone":10,"ftbstructures:purple_barrel":2,"cfm:stripped_warped_table":1,"mob_grinding_utils:saw":1,"ftbstructures:crate":9,"cfm:dark_oak_hedge":1,"minecraft:clay":19,"minecraft:chest":5,"minecraft:campfire":30,"mob_grinding_utils:tank":7,"ftbstructures:black_barrel":1,"minecraft:cobblestone":72,"ftbstructures:blue_barrel":2,"minecraft:wheat":2,"cfm:post_box":1,"minecraft:oak_log":51,"immersiveengineering:fluid_pump":1,"minecraft:gravel":190,"minecraft:sand":45,"minecraft:dirt":82,"minecraft:oak_leaves":22},"minecraft:custom":{"minecraft:mob_kills":10,"minecraft:inspect_hopper":7,"minecraft:interact_with_crafting_table":36,"minecraft:open_barrel":89,"minecraft:leave_game":3,"minecraft:time_since_death":330588,"minecraft:climb_one_cm":222,"minecraft:sprint_one_cm":178053,"minecraft:walk_one_cm":977391,"minecraft:drop":102,"minecraft:sneak_time":7688,"minecraft:walk_under_water_one_cm":37243,"minecraft:boat_one_cm":4375,"minecraft:jump":866,"minecraft:walk_on_water_one_cm":49570,"minecraft:interact_with_furnace":476,"minecraft:play_one_minute":330588,"minecraft:sleep_in_bed":2,"minecraft:time_since_rest":80593,"minecraft:damage_taken":807,"minecraft:damage_dealt":2298,"minecraft:use_wand":707,"minecraft:swim_one_cm":32294,"minecraft:fly_one_cm":40953,"minecraft:player_kills":1,"minecraft:open_chest":409,"minecraft:crouch_one_cm":16170,"minecraft:fall_one_cm":9772},"minecraft:broken":{"constructionwand:stone_wand":1,"ftbsluice:wooden_hammer":1,"constructionwand:iron_wand":2,"minecraft:wooden_axe":2,"ftbsluice:stone_hammer":1}},"DataVersion":2586}