{"stats":{"minecraft:broken":{"minecraft:iron_pickaxe":1},"minecraft:mined":{"minecraft:farmland":7,"minecraft:red_bed":3,"minecraft:torch":1,"minecraft:glow_lichen":1,"minecraft:crafting_table":2,"minecraft:short_grass":28,"minecraft:grass_block":3,"minecraft:copper_ore":1,"minecraft:sugar_cane":1,"minecraft:diorite":2,"minecraft:sandstone":2,"minecraft:wall_torch":5,"minecraft:furnace":1,"minecraft:wheat":10,"minecraft:iron_ore":1,"minecraft:ice":7,"minecraft:white_carpet":4,"minecraft:spruce_log":40,"minecraft:andesite":1,"minecraft:coal_ore":4,"minecraft:dripstone_block":1,"minecraft:dirt":2,"minecraft:packed_ice":6,"minecraft:raw_copper_block":2,"minecraft:stone":62,"minecraft:deepslate":1},"minecraft:dropped":{"knightquest:small_essence":2},"minecraft:crafted":{"knightquest:great_essence":1,"minecraft:crafting_table":1,"minecraft:spruce_planks":36,"minecraft:wooden_pickaxe":1,"minecraft:iron_helmet":1,"minecraft:cooked_chicken":1,"minecraft:iron_sword":1,"knightquest:great_chalice":1,"minecraft:furnace":2,"minecraft:copper_ingot":196,"minecraft:bone_meal":9,"minecraft:bucket":1,"minecraft:bread":1,"minecraft:air":0,"minecraft:iron_chestplate":1,"minecraft:iron_boots":1,"minecraft:charcoal":11,"minecraft:raw_copper":18,"minecraft:iron_hoe":1,"minecraft:stick":16,"minecraft:iron_ingot":142,"minecraft:iron_pickaxe":1,"minecraft:stone_pickaxe":1,"minecraft:wooden_axe":1,"minecraft:stone_sword":1,"minecraft:chest":1,"minecraft:gold_ingot":15,"minecraft:iron_leggings":1,"knightquest:steel_sword":1,"minecraft:torch":24},"minecraft:used":{"minecraft:wheat_seeds":20,"minecraft:water_bucket":2,"minecraft:stone_pickaxe":60,"minecraft:chest":1,"minecraft:wooden_pickaxe":14,"minecraft:iron_sword":81,"minecraft:cooked_chicken":1,"minecraft:rotten_flesh":15,"minecraft:torch":26,"minecraft:dirt":9,"minecraft:white_carpet":4,"minecraft:crafting_table":3,"minecraft:red_bed":3,"knightquest:great_chalice":1,"minecraft:iron_hoe":16,"minecraft:wooden_axe":43,"minecraft:bread":1,"minecraft:iron_pickaxe":55,"minecraft:spruce_sapling":10,"minecraft:cobblestone":18,"minecraft:furnace":3,"minecraft:bucket":2,"minecraft:egg":2,"knightquest:steel_sword":5,"minecraft:bone_meal":9},"minecraft:picked_up":{"minecraft:crafting_table":2,"minecraft:wheat":4,"minecraft:feather":1,"minecraft:chicken":1,"minecraft:glow_ink_sac":3,"minecraft:andesite":1,"minecraft:gunpowder":2,"minecraft:dirt":12,"minecraft:string":9,"minecraft:red_bed":3,"minecraft:raw_copper":276,"minecraft:white_carpet":6,"minecraft:bone":3,"minecraft:wheat_seeds":27,"minecraft:cobbled_deepslate":1,"minecraft:raw_gold":15,"minecraft:rabbit_hide":2,"minecraft:rabbit":2,"minecraft:sugar_cane":3,"minecraft:furnace":1,"minecraft:raw_copper_block":2,"minecraft:egg":2,"minecraft:stick":7,"minecraft:raw_iron":149,"minecraft:sandstone":2,"minecraft:torch":6,"minecraft:dripstone_block":1,"minecraft:spruce_sapling":10,"minecraft:diorite":2,"minecraft:spruce_log":40,"minecraft:spider_eye":2,"minecraft:arrow":2,"minecraft:rotten_flesh":17,"minecraft:diamond":3,"knightquest:small_essence":7,"minecraft:coal":110,"minecraft:cobblestone":70},"minecraft:killed":{"knightquest:eldbomb":3,"minecraft:rabbit":2,"minecraft:spider":7,"minecraft:creeper":1,"minecraft:skeleton":2,"minecraft:zombie":10,"minecraft:chicken":1,"minecraft:glow_squid":1},"minecraft:custom":{"minecraft:interact_with_furnace":98,"minecraft:mob_kills":27,"minecraft:interact_with_crafting_table":54,"minecraft:leave_game":1,"minecraft:time_since_death":59895,"minecraft:time_since_rest":59895,"minecraft:sprint_one_cm":121316,"minecraft:damage_taken":523,"minecraft:walk_one_cm":251576,"minecraft:drop":2,"minecraft:damage_dealt":4255,"minecraft:fly_one_cm":34771,"minecraft:open_chest":27,"minecraft:crouch_one_cm":11389,"minecraft:play_time":59895,"minecraft:sneak_time":3888,"minecraft:jump":577,"minecraft:walk_on_water_one_cm":1489,"minecraft:total_world_time":59895,"minecraft:fall_one_cm":8362}},"DataVersion":3953}