{"stats":{"minecraft:mined":{"minecraft:furnace":1,"minecraft:red_bed":1,"minecraft:ice":1,"minecraft:spruce_log":40,"minecraft:crafting_table":2,"minecraft:glow_lichen":1,"minecraft:grass_block":1,"minecraft:coal_ore":1,"minecraft:dirt":2,"minecraft:stone":23,"minecraft:sugar_cane":1,"minecraft:sandstone":2},"minecraft:crafted":{"minecraft:iron_boots":1,"minecraft:iron_chestplate":1,"minecraft:cooked_chicken":1,"minecraft:crafting_table":1,"minecraft:stick":4,"minecraft:spruce_planks":12,"minecraft:iron_helmet":1,"minecraft:iron_pickaxe":1,"minecraft:iron_ingot":35,"minecraft:wooden_pickaxe":1,"minecraft:stone_pickaxe":1,"minecraft:wooden_axe":1,"minecraft:stone_sword":1,"minecraft:iron_sword":1,"minecraft:iron_leggings":1,"minecraft:furnace":1,"minecraft:copper_ingot":10,"minecraft:torch":4,"minecraft:air":0},"minecraft:used":{"minecraft:wooden_axe":43,"minecraft:stone_pickaxe":22,"minecraft:wooden_pickaxe":14,"minecraft:iron_sword":1,"minecraft:crafting_table":3,"minecraft:furnace":2,"minecraft:egg":2},"minecraft:picked_up":{"minecraft:raw_iron":80,"minecraft:stick":7,"minecraft:crafting_table":2,"minecraft:sandstone":2,"minecraft:feather":1,"minecraft:chicken":1,"minecraft:spruce_sapling":10,"minecraft:spruce_log":40,"minecraft:dirt":3,"minecraft:red_bed":1,"minecraft:raw_copper":37,"minecraft:white_carpet":2,"minecraft:diamond":3,"minecraft:sugar_cane":3,"minecraft:coal":17,"minecraft:egg":2,"minecraft:cobblestone":23,"minecraft:furnace":1},"minecraft:killed":{"minecraft:chicken":1},"minecraft:custom":{"minecraft:time_since_rest":15371,"minecraft:interact_with_furnace":53,"minecraft:sprint_one_cm":42832,"minecraft:walk_one_cm":40676,"minecraft:mob_kills":1,"minecraft:damage_dealt":40,"minecraft:interact_with_crafting_table":36,"minecraft:fly_one_cm":10273,"minecraft:crouch_one_cm":628,"minecraft:play_time":15371,"minecraft:sneak_time":454,"minecraft:jump":144,"minecraft:time_since_death":15371,"minecraft:walk_on_water_one_cm":777,"minecraft:total_world_time":15371,"minecraft:fall_one_cm":896}},"DataVersion":3953}