{"stats":{"minecraft:broken":{"minecraft:iron_pickaxe":1},"minecraft:mined":{"minecraft:red_bed":3,"minecraft:torch":1,"minecraft:glow_lichen":1,"minecraft:crafting_table":2,"minecraft:grass_block":1,"minecraft:copper_ore":1,"minecraft:sugar_cane":1,"minecraft:diorite":2,"minecraft:sandstone":2,"minecraft:wall_torch":5,"minecraft:furnace":1,"minecraft:iron_ore":1,"minecraft:ice":1,"minecraft:spruce_log":40,"minecraft:andesite":1,"minecraft:coal_ore":2,"minecraft:dripstone_block":1,"minecraft:dirt":2,"minecraft:raw_copper_block":2,"minecraft:stone":47,"minecraft:deepslate":1},"minecraft:dropped":{"knightquest:small_essence":1},"minecraft:crafted":{"minecraft:crafting_table":1,"minecraft:spruce_planks":24,"minecraft:wooden_pickaxe":1,"minecraft:iron_helmet":1,"minecraft:cooked_chicken":1,"minecraft:iron_sword":1,"knightquest:great_chalice":1,"minecraft:furnace":1,"minecraft:copper_ingot":37,"minecraft:air":0,"minecraft:iron_chestplate":1,"minecraft:iron_boots":1,"minecraft:raw_copper":9,"minecraft:stick":8,"minecraft:iron_ingot":80,"minecraft:iron_pickaxe":1,"minecraft:stone_pickaxe":1,"minecraft:wooden_axe":1,"minecraft:stone_sword":1,"minecraft:chest":1,"minecraft:iron_leggings":1,"minecraft:torch":16},"minecraft:used":{"minecraft:stone_pickaxe":41,"minecraft:chest":1,"minecraft:wooden_pickaxe":14,"minecraft:iron_sword":60,"minecraft:cooked_chicken":1,"minecraft:rotten_flesh":13,"minecraft:torch":20,"minecraft:crafting_table":3,"minecraft:red_bed":2,"knightquest:great_chalice":1,"minecraft:wooden_axe":43,"minecraft:iron_pickaxe":55,"minecraft:cobblestone":18,"minecraft:furnace":2,"minecraft:egg":2},"minecraft:picked_up":{"minecraft:crafting_table":2,"minecraft:feather":1,"minecraft:chicken":1,"minecraft:andesite":1,"minecraft:gunpowder":2,"minecraft:dirt":3,"minecraft:string":7,"minecraft:red_bed":3,"minecraft:raw_copper":276,"minecraft:white_carpet":2,"minecraft:bone":3,"minecraft:cobbled_deepslate":1,"minecraft:raw_gold":15,"minecraft:sugar_cane":3,"minecraft:furnace":1,"minecraft:raw_copper_block":2,"minecraft:egg":2,"minecraft:stick":7,"minecraft:raw_iron":144,"minecraft:sandstone":2,"minecraft:torch":6,"minecraft:dripstone_block":1,"minecraft:spruce_sapling":10,"minecraft:diorite":2,"minecraft:spruce_log":40,"minecraft:spider_eye":2,"minecraft:arrow":2,"minecraft:rotten_flesh":14,"minecraft:diamond":3,"knightquest:small_essence":5,"minecraft:coal":108,"minecraft:cobblestone":55},"minecraft:killed":{"knightquest:eldbomb":1,"minecraft:spider":5,"minecraft:creeper":1,"minecraft:skeleton":2,"minecraft:zombie":7,"minecraft:chicken":1},"minecraft:custom":{"minecraft:interact_with_furnace":66,"minecraft:mob_kills":17,"minecraft:interact_with_crafting_table":42,"minecraft:time_since_death":39371,"minecraft:time_since_rest":39371,"minecraft:sprint_one_cm":67349,"minecraft:damage_taken":463,"minecraft:walk_one_cm":158536,"minecraft:drop":1,"minecraft:damage_dealt":3034,"minecraft:fly_one_cm":20078,"minecraft:open_chest":6,"minecraft:crouch_one_cm":10902,"minecraft:play_time":39371,"minecraft:sneak_time":3778,"minecraft:jump":396,"minecraft:walk_on_water_one_cm":777,"minecraft:total_world_time":39371,"minecraft:fall_one_cm":7108}},"DataVersion":3953}