{"stats":{"minecraft:broken":{"minecraft:iron_pickaxe":1},"minecraft:mined":{"minecraft:red_bed":3,"minecraft:torch":1,"minecraft:glow_lichen":1,"minecraft:crafting_table":2,"minecraft:short_grass":28,"minecraft:grass_block":2,"minecraft:copper_ore":1,"minecraft:sugar_cane":1,"minecraft:diorite":2,"minecraft:sandstone":2,"minecraft:wall_torch":5,"minecraft:furnace":1,"minecraft:iron_ore":1,"minecraft:ice":2,"minecraft:spruce_log":40,"minecraft:andesite":1,"minecraft:coal_ore":4,"minecraft:dripstone_block":1,"minecraft:dirt":2,"minecraft:packed_ice":6,"minecraft:raw_copper_block":2,"minecraft:stone":47,"minecraft:deepslate":1},"minecraft:dropped":{"knightquest:small_essence":2},"minecraft:crafted":{"knightquest:great_essence":1,"minecraft:crafting_table":1,"minecraft:spruce_planks":36,"minecraft:wooden_pickaxe":1,"minecraft:iron_helmet":1,"minecraft:cooked_chicken":1,"minecraft:iron_sword":1,"knightquest:great_chalice":1,"minecraft:furnace":2,"minecraft:copper_ingot":102,"minecraft:bone_meal":9,"minecraft:bucket":1,"minecraft:air":0,"minecraft:iron_chestplate":1,"minecraft:iron_boots":1,"minecraft:charcoal":11,"minecraft:raw_copper":18,"minecraft:iron_hoe":1,"minecraft:stick":16,"minecraft:iron_ingot":92,"minecraft:iron_pickaxe":1,"minecraft:stone_pickaxe":1,"minecraft:wooden_axe":1,"minecraft:stone_sword":1,"minecraft:chest":1,"minecraft:gold_ingot":15,"minecraft:iron_leggings":1,"knightquest:steel_sword":1,"minecraft:torch":24},"minecraft:used":{"minecraft:water_bucket":1,"minecraft:stone_pickaxe":45,"minecraft:chest":1,"minecraft:wooden_pickaxe":14,"minecraft:iron_sword":81,"minecraft:cooked_chicken":1,"minecraft:rotten_flesh":15,"minecraft:torch":22,"minecraft:dirt":1,"minecraft:crafting_table":3,"minecraft:red_bed":3,"knightquest:great_chalice":1,"minecraft:wooden_axe":43,"minecraft:iron_pickaxe":55,"minecraft:spruce_sapling":10,"minecraft:cobblestone":18,"minecraft:furnace":3,"minecraft:bucket":1,"minecraft:egg":2,"knightquest:steel_sword":2},"minecraft:picked_up":{"minecraft:crafting_table":2,"minecraft:feather":1,"minecraft:chicken":1,"minecraft:glow_ink_sac":3,"minecraft:andesite":1,"minecraft:gunpowder":2,"minecraft:dirt":4,"minecraft:string":9,"minecraft:red_bed":3,"minecraft:raw_copper":276,"minecraft:white_carpet":2,"minecraft:bone":3,"minecraft:wheat_seeds":7,"minecraft:cobbled_deepslate":1,"minecraft:raw_gold":15,"minecraft:rabbit_hide":2,"minecraft:rabbit":2,"minecraft:sugar_cane":3,"minecraft:furnace":1,"minecraft:raw_copper_block":2,"minecraft:egg":2,"minecraft:stick":7,"minecraft:raw_iron":149,"minecraft:sandstone":2,"minecraft:torch":6,"minecraft:dripstone_block":1,"minecraft:spruce_sapling":10,"minecraft:diorite":2,"minecraft:spruce_log":40,"minecraft:spider_eye":2,"minecraft:arrow":2,"minecraft:rotten_flesh":15,"minecraft:diamond":3,"knightquest:small_essence":7,"minecraft:coal":110,"minecraft:cobblestone":55},"minecraft:killed":{"knightquest:eldbomb":3,"minecraft:rabbit":2,"minecraft:spider":7,"minecraft:creeper":1,"minecraft:skeleton":2,"minecraft:zombie":9,"minecraft:chicken":1,"minecraft:glow_squid":1},"minecraft:custom":{"minecraft:interact_with_furnace":89,"minecraft:mob_kills":26,"minecraft:interact_with_crafting_table":52,"minecraft:time_since_death":51371,"minecraft:time_since_rest":51371,"minecraft:sprint_one_cm":101700,"minecraft:damage_taken":495,"minecraft:walk_one_cm":220575,"minecraft:drop":2,"minecraft:damage_dealt":4055,"minecraft:fly_one_cm":30473,"minecraft:open_chest":20,"minecraft:crouch_one_cm":11286,"minecraft:play_time":51371,"minecraft:sneak_time":3844,"minecraft:jump":524,"minecraft:walk_on_water_one_cm":1489,"minecraft:total_world_time":51371,"minecraft:fall_one_cm":8153}},"DataVersion":3953}