{
  "knightquest:recipes/misc/tunic_green_leggings": {
    "criteria": {
      "has_leather": "2024-06-29 15:55:14 +0000"
    },
    "done": true
  },
  "minecraft:recipes/combat/leather_helmet": {
    "criteria": {
      "has_leather": "2024-06-29 15:55:14 +0000"
    },
    "done": true
  },
  "minecraft:recipes/decorations/ladder": {
    "criteria": {
      "has_stick": "2024-06-29 15:53:56 +0000"
    },
    "done": true
  },
  "knightquest:recipes/misc/tunic_red_leggings": {
    "criteria": {
      "has_leather": "2024-06-29 15:55:14 +0000"
    },
    "done": true
  },
  "minecraft:recipes/combat/leather_leggings": {
    "criteria": {
      "has_leather": "2024-06-29 15:55:14 +0000"
    },
    "done": true
  },
  "minecraft:story/obtain_armor": {
    "criteria": {
      "iron_helmet": "2024-06-29 15:53:29 +0000"
    },
    "done": true
  },
  "knightquest:recipes/misc/chainmail_helmet2": {
    "criteria": {
      "has_wheat_seeds": "2024-06-29 15:52:52 +0000"
    },
    "done": true
  },
  "minecraft:recipes/misc/iron_nugget_from_smelting": {
    "criteria": {
      "has_iron_helmet": "2024-06-29 15:53:29 +0000"
    },
    "done": true
  },
  "knightquest:recipes/misc/conquistador_leggings": {
    "criteria": {
      "has_leather": "2024-06-29 15:55:14 +0000"
    },
    "done": true
  },
  "knightquest:recipes/misc/conquistador_chestplate": {
    "criteria": {
      "has_leather": "2024-06-29 15:55:14 +0000"
    },
    "done": true
  },
  "minecraft:recipes/tools/wooden_axe": {
    "criteria": {
      "has_stick": "2024-06-29 15:53:56 +0000"
    },
    "done": true
  },
  "minecraft:recipes/decorations/spruce_sign": {
    "criteria": {
      "has_planks": "2024-06-29 15:53:53 +0000"
    },
    "done": true
  },
  "minecraft:recipes/combat/leather_chestplate": {
    "criteria": {
      "has_leather": "2024-06-29 15:55:14 +0000"
    },
    "done": true
  },
  "minecraft:recipes/decorations/crafting_table": {
    "criteria": {
      "unlock_right_away": "2024-06-29 15:46:13 +0000"
    },
    "done": true
  },
  "minecraft:recipes/decorations/chest": {
    "criteria": {
      "has_lots_of_items": "2024-06-29 15:55:11 +0000"
    },
    "done": true
  },
  "minecraft:recipes/misc/stick": {
    "criteria": {
      "has_planks": "2024-06-29 15:53:53 +0000"
    },
    "done": true
  },
  "knightquest:recipes/misc/tunic_yellow_leggings": {
    "criteria": {
      "has_leather": "2024-06-29 15:55:14 +0000"
    },
    "done": true
  },
  "knightquest:recipes/misc/path_boots": {
    "criteria": {
      "has_leather": "2024-06-29 15:55:14 +0000"
    },
    "done": true
  },
  "minecraft:recipes/transportation/cherry_boat": {
    "criteria": {
      "in_water": "2024-06-29 15:50:43 +0000"
    },
    "done": true
  },
  "minecraft:recipes/building_blocks/spruce_wood": {
    "criteria": {
      "has_log": "2024-06-29 15:53:46 +0000"
    },
    "done": true
  },
  "minecraft:recipes/transportation/bamboo_raft": {
    "criteria": {
      "in_water": "2024-06-29 15:50:43 +0000"
    },
    "done": true
  },
  "minecraft:recipes/transportation/spruce_boat": {
    "criteria": {
      "in_water": "2024-06-29 15:50:43 +0000"
    },
    "done": true
  },
  "knightquest:recipes/misc/chainmail_helmet": {
    "criteria": {
      "has_iron_helmet": "2024-06-29 15:53:29 +0000"
    },
    "done": true
  },
  "minecraft:recipes/misc/leather_horse_armor": {
    "criteria": {
      "has_leather": "2024-06-29 15:55:14 +0000"
    },
    "done": true
  },
  "minecraft:husbandry/root": {
    "criteria": {
      "consumed_item": "2024-06-29 15:53:36 +0000"
    },
    "done": true
  },
  "minecraft:recipes/transportation/birch_boat": {
    "criteria": {
      "in_water": "2024-06-29 15:50:43 +0000"
    },
    "done": true
  },
  "minecraft:recipes/decorations/spruce_fence": {
    "criteria": {
      "has_planks": "2024-06-29 15:53:53 +0000"
    },
    "done": true
  },
  "minecraft:recipes/transportation/oak_boat": {
    "criteria": {
      "in_water": "2024-06-29 15:50:43 +0000"
    },
    "done": true
  },
  "minecraft:recipes/building_blocks/spruce_slab": {
    "criteria": {
      "has_planks": "2024-06-29 15:53:53 +0000"
    },
    "done": true
  },
  "knightquest:recipes/misc/path_helmet": {
    "criteria": {
      "has_leather": "2024-06-29 15:55:14 +0000"
    },
    "done": true
  },
  "minecraft:recipes/transportation/mangrove_boat": {
    "criteria": {
      "in_water": "2024-06-29 15:50:43 +0000"
    },
    "done": true
  },
  "minecraft:recipes/redstone/spruce_button": {
    "criteria": {
      "has_planks": "2024-06-29 15:53:53 +0000"
    },
    "done": true
  },
  "minecraft:recipes/building_blocks/spruce_planks": {
    "criteria": {
      "has_logs": "2024-06-29 15:53:46 +0000"
    },
    "done": true
  },
  "minecraft:recipes/food/cooked_beef_from_smoking": {
    "criteria": {
      "has_beef": "2024-06-29 15:55:13 +0000"
    },
    "done": true
  },
  "knightquest:recipes/misc/tunic_sea_leggings": {
    "criteria": {
      "has_leather": "2024-06-29 15:55:14 +0000"
    },
    "done": true
  },
  "minecraft:recipes/redstone/spruce_pressure_plate": {
    "criteria": {
      "has_planks": "2024-06-29 15:53:53 +0000"
    },
    "done": true
  },
  "knightquest:recipes/misc/path_chestplate": {
    "criteria": {
      "has_leather": "2024-06-29 15:55:14 +0000"
    },
    "done": true
  },
  "minecraft:recipes/decorations/campfire": {
    "criteria": {
      "has_stick": "2024-06-29 15:53:56 +0000"
    },
    "done": true
  },
  "minecraft:recipes/tools/wooden_hoe": {
    "criteria": {
      "has_stick": "2024-06-29 15:53:56 +0000"
    },
    "done": true
  },
  "minecraft:recipes/misc/charcoal": {
    "criteria": {
      "has_log": "2024-06-29 15:53:46 +0000"
    },
    "done": true
  },
  "minecraft:recipes/tools/wooden_pickaxe": {
    "criteria": {
      "has_stick": "2024-06-29 15:53:56 +0000"
    },
    "done": true
  },
  "minecraft:recipes/decorations/item_frame": {
    "criteria": {
      "has_leather": "2024-06-29 15:55:14 +0000"
    },
    "done": true
  },
  "minecraft:recipes/redstone/spruce_trapdoor": {
    "criteria": {
      "has_planks": "2024-06-29 15:53:53 +0000"
    },
    "done": true
  },
  "minecraft:recipes/redstone/spruce_door": {
    "criteria": {
      "has_planks": "2024-06-29 15:53:53 +0000"
    },
    "done": true
  },
  "minecraft:recipes/redstone/spruce_fence_gate": {
    "criteria": {
      "has_planks": "2024-06-29 15:53:53 +0000"
    },
    "done": true
  },
  "minecraft:recipes/tools/wooden_shovel": {
    "criteria": {
      "has_stick": "2024-06-29 15:53:56 +0000"
    },
    "done": true
  },
  "minecraft:recipes/transportation/acacia_boat": {
    "criteria": {
      "in_water": "2024-06-29 15:50:43 +0000"
    },
    "done": true
  },
  "minecraft:adventure/root": {
    "criteria": {
      "killed_by_something": "2024-06-29 15:49:21 +0000"
    },
    "done": true
  },
  "minecraft:recipes/combat/wooden_sword": {
    "criteria": {
      "has_stick": "2024-06-29 15:53:56 +0000"
    },
    "done": true
  },
  "minecraft:recipes/misc/iron_nugget_from_blasting": {
    "criteria": {
      "has_iron_helmet": "2024-06-29 15:53:29 +0000"
    },
    "done": true
  },
  "minecraft:adventure/adventuring_time": {
    "criteria": {
      "minecraft:snowy_plains": "2024-06-29 15:46:14 +0000",
      "minecraft:snowy_taiga": "2024-06-29 15:50:21 +0000"
    },
    "done": false
  },
  "minecraft:recipes/decorations/barrel": {
    "criteria": {
      "has_planks": "2024-06-29 15:53:53 +0000"
    },
    "done": true
  },
  "minecraft:recipes/combat/leather_boots": {
    "criteria": {
      "has_leather": "2024-06-29 15:55:14 +0000"
    },
    "done": true
  },
  "knightquest:recipes/misc/conquistador_helmet": {
    "criteria": {
      "has_leather": "2024-06-29 15:55:14 +0000"
    },
    "done": true
  },
  "minecraft:husbandry/balanced_diet": {
    "criteria": {
      "bread": "2024-06-29 15:53:36 +0000"
    },
    "done": false
  },
  "knightquest:recipes/misc/tunic_blue_leggings": {
    "criteria": {
      "has_leather": "2024-06-29 15:55:14 +0000"
    },
    "done": true
  },
  "knightquest:recipes/misc/path_leggings": {
    "criteria": {
      "has_leather": "2024-06-29 15:55:14 +0000"
    },
    "done": true
  },
  "minecraft:recipes/building_blocks/spruce_stairs": {
    "criteria": {
      "has_planks": "2024-06-29 15:53:53 +0000"
    },
    "done": true
  },
  "minecraft:story/root": {
    "criteria": {
      "crafting_table": "2024-06-29 15:53:55 +0000"
    },
    "done": true
  },
  "minecraft:recipes/food/cooked_beef": {
    "criteria": {
      "has_beef": "2024-06-29 15:55:13 +0000"
    },
    "done": true
  },
  "minecraft:recipes/transportation/jungle_boat": {
    "criteria": {
      "in_water": "2024-06-29 15:50:43 +0000"
    },
    "done": true
  },
  "minecraft:recipes/transportation/dark_oak_boat": {
    "criteria": {
      "in_water": "2024-06-29 15:50:43 +0000"
    },
    "done": true
  },
  "knightquest:recipes/misc/conquistador_boots": {
    "criteria": {
      "has_leather": "2024-06-29 15:55:14 +0000"
    },
    "done": true
  },
  "minecraft:recipes/food/cooked_beef_from_campfire_cooking": {
    "criteria": {
      "has_beef": "2024-06-29 15:55:13 +0000"
    },
    "done": true
  },
  "DataVersion": 3953
}